  0
SECTION
  2
HEADER
  9
$ACADVER
  1
AC1021
  9
$ACADMAINTVER
  70
50
  9
$DWGCODEPAGE
  3
ANSI_936
  9
$LASTSAVEDBY
  1
win10
  9
$INSBASE
  10
0
  20
0
  30
0
  9
$EXTMIN
  10
100000000000000000000
  20
100000000000000000000
  30
100000000000000000000
  9
$EXTMAX
  10
-100000000000000000000
  20
-100000000000000000000
  30
-100000000000000000000
  9
$LIMMIN
  10
0
  20
0
  9
$LIMMAX
  10
12
  20
9
  9
$ORTHOMODE
  70
0
  9
$REGENMODE
  70
1
  9
$FILLMODE
  70
1
  9
$QTEXTMODE
  70
0
  9
$MIRRTEXT
  70
0
  9
$LTSCALE
  40
1
  9
$ATTMODE
  70
1
  9
$TEXTSIZE
  40
0.2
  9
$TRACEWID
  40
0.05
  9
$TEXTSTYLE
  7
Standard
  9
$CLAYER
  8
0
  9
$CELTYPE
  6
ByLayer
  9
$CECOLOR
  62
256
  9
$CELTSCALE
  40
1
  9
$DISPSILH
  70
0
  9
$DIMSCALE
  40
1
  9
$DIMASZ
  40
0.18
  9
$DIMEXO
  40
0.0625
  9
$DIMDLI
  40
0.38
  9
$DIMRND
  40
0
  9
$DIMDLE
  40
0
  9
$DIMEXE
  40
0.18
  9
$DIMTP
  40
0
  9
$DIMTM
  40
0
  9
$DIMTXT
  40
0.18
  9
$DIMCEN
  40
0.09
  9
$DIMTSZ
  40
0
  9
$DIMTOL
  70
0
  9
$DIMLIM
  70
0
  9
$DIMTIH
  70
1
  9
$DIMTOH
  70
1
  9
$DIMSE1
  70
0
  9
$DIMSE2
  70
0
  9
$DIMTAD
  70
0
  9
$DIMZIN
  70
0
  9
$DIMBLK
  1

  9
$DIMASO
  70
1
  9
$DIMSHO
  70
1
  9
$DIMPOST
  1

  9
$DIMAPOST
  1

  9
$DIMALT
  70
0
  9
$DIMALTD
  70
2
  9
$DIMALTF
  40
25.4
  9
$DIMLFAC
  40
1
  9
$DIMTOFL
  70
0
  9
$DIMTVP
  40
0
  9
$DIMTIX
  70
0
  9
$DIMSOXD
  70
0
  9
$DIMSAH
  70
0
  9
$DIMBLK1
  1

  9
$DIMBLK2
  1

  9
$DIMSTYLE
  2
Standard
  9
$DIMCLRD
  70
0
  9
$DIMCLRE
  70
0
  9
$DIMCLRT
  70
0
  9
$DIMTFAC
  40
1
  9
$DIMGAP
  40
0.09
  9
$DIMJUST
  70
0
  9
$DIMSD1
  70
0
  9
$DIMSD2
  70
0
  9
$DIMTOLJ
  70
1
  9
$DIMTZIN
  70
0
  9
$DIMALTZ
  70
0
  9
$DIMALTTZ
  70
0
  9
$DIMUPT
  70
0
  9
$DIMDEC
  70
4
  9
$DIMTDEC
  70
4
  9
$DIMALTU
  70
2
  9
$DIMALTTD
  70
2
  9
$DIMTXSTY
  7
Standard
  9
$DIMAUNIT
  70
0
  9
$DIMADEC
  70
0
  9
$DIMALTRND
  40
0
  9
$DIMAZIN
  70
0
  9
$DIMDSEP
  70
46
  9
$DIMATFIT
  70
3
  9
$DIMFRAC
  70
0
  9
$DIMLDRBLK
  1

  9
$DIMLUNIT
  70
2
  9
$DIMLWD
  70
-2
  9
$DIMLWE
  70
-2
  9
$DIMTMOVE
  70
0
  9
$DIMFXL
  40
1
  9
$DIMFXLON
  70
0
  9
$DIMJOGANG
  40
0.7853981633974483
  9
$DIMTFILL
  70
0
  9
$DIMTFILLCLR
  70
0
  9
$DIMARCSYM
  70
0
  9
$DIMLTYPE
  6

  9
$DIMLTEX1
  6

  9
$DIMLTEX2
  6

  9
$LUNITS
  70
2
  9
$LUPREC
  70
4
  9
$SKETCHINC
  40
0.1
  9
$FILLETRAD
  40
0
  9
$AUNITS
  70
0
  9
$AUPREC
  70
0
  9
$MENU
  1
.
  9
$ELEVATION
  40
0
  9
$PELEVATION
  40
0
  9
$THICKNESS
  40
0
  9
$LIMCHECK
  70
0
  9
$CHAMFERA
  40
0
  9
$CHAMFERB
  40
0
  9
$CHAMFERC
  40
0
  9
$CHAMFERD
  40
0
  9
$SKPOLY
  70
0
  9
$TDCREATE
  40
2460560.605914352
  9
$TDUCREATE
  40
2460560.272581019
  9
$TDUPDATE
  40
2460560.629363426
  9
$TDUUPDATE
  40
2460560.296030092
  9
$TDINDWG
  40
0.0234490741
  9
$TDUSRTIMER
  40
0.0234490741
  9
$USRTIMER
  70
1
  9
$ANGBASE
  50
0
  9
$ANGDIR
  70
0
  9
$PDMODE
  70
0
  9
$PDSIZE
  40
0
  9
$PLINEWID
  40
0
  9
$SPLFRAME
  70
0
  9
$SPLINETYPE
  70
6
  9
$SPLINESEGS
  70
8
  9
$HANDSEED
  5
33E
  9
$SURFTAB1
  70
6
  9
$SURFTAB2
  70
6
  9
$SURFTYPE
  70
6
  9
$SURFU
  70
6
  9
$SURFV
  70
6
  9
$UCSBASE
  2

  9
$UCSNAME
  2

  9
$UCSORG
  10
0
  20
0
  30
0
  9
$UCSXDIR
  10
1
  20
0
  30
0
  9
$UCSYDIR
  10
0
  20
1
  30
0
  9
$UCSORTHOREF
  2

  9
$UCSORTHOVIEW
  70
0
  9
$UCSORGTOP
  10
0
  20
0
  30
0
  9
$UCSORGBOTTOM
  10
0
  20
0
  30
0
  9
$UCSORGLEFT
  10
0
  20
0
  30
0
  9
$UCSORGRIGHT
  10
0
  20
0
  30
0
  9
$UCSORGFRONT
  10
0
  20
0
  30
0
  9
$UCSORGBACK
  10
0
  20
0
  30
0
  9
$PUCSBASE
  2

  9
$PUCSNAME
  2

  9
$PUCSORG
  10
0
  20
0
  30
0
  9
$PUCSXDIR
  10
1
  20
0
  30
0
  9
$PUCSYDIR
  10
0
  20
1
  30
0
  9
$PUCSORTHOREF
  2

  9
$PUCSORTHOVIEW
  70
0
  9
$PUCSORGTOP
  10
0
  20
0
  30
0
  9
$PUCSORGBOTTOM
  10
0
  20
0
  30
0
  9
$PUCSORGLEFT
  10
0
  20
0
  30
0
  9
$PUCSORGRIGHT
  10
0
  20
0
  30
0
  9
$PUCSORGFRONT
  10
0
  20
0
  30
0
  9
$PUCSORGBACK
  10
0
  20
0
  30
0
  9
$USERI1
  70
0
  9
$USERI2
  70
0
  9
$USERI3
  70
0
  9
$USERI4
  70
0
  9
$USERI5
  70
0
  9
$USERR1
  40
0
  9
$USERR2
  40
0
  9
$USERR3
  40
0
  9
$USERR4
  40
0
  9
$USERR5
  40
0
  9
$WORLDVIEW
  70
1
  9
$SHADEDGE
  70
3
  9
$SHADEDIF
  70
70
  9
$TILEMODE
  70
1
  9
$MAXACTVP
  70
64
  9
$PINSBASE
  10
0
  20
0
  30
0
  9
$PLIMCHECK
  70
0
  9
$PEXTMIN
  10
0
  20
0
  30
0
  9
$PEXTMAX
  10
0
  20
0
  30
0
  9
$PLIMMIN
  10
0
  20
0
  9
$PLIMMAX
  10
12
  20
9
  9
$UNITMODE
  70
0
  9
$VISRETAIN
  70
1
  9
$PLINEGEN
  70
0
  9
$PSLTSCALE
  70
1
  9
$TREEDEPTH
  70
3020
  9
$CMLSTYLE
  2
Standard
  9
$CMLJUST
  70
0
  9
$CMLSCALE
  40
1
  9
$PROXYGRAPHICS
  70
1
  9
$MEASUREMENT
  70
0
  9
$CELWEIGHT
  370
-1
  9
$ENDCAPS
  280
0
  9
$JOINSTYLE
  280
0
  9
$LWDISPLAY
  290
0
  9
$INSUNITS
  70
4
  9
$HYPERLINKBASE
  1

  9
$STYLESHEET
  1

  9
$XEDIT
  290
0
  9
$CEPSNTYPE
  380
0
  9
$PSTYLEMODE
  290
0
  9
$FINGERPRINTGUID
  2
{FA9A02B2-7E04-C34E-BD13-02980AC2B394}
  9
$VERSIONGUID
  2
{964EB223-33A2-D549-8684-CDE005EE773C}
  9
$EXTNAMES
  290
0
  9
$PSVPSCALE
  40
0
  9
$OLESTARTUP
  290
0
  9
$SORTENTS
  280
127
  9
$INDEXCTL
  280
0
  9
$HIDETEXT
  280
1
  9
$XCLIPFRAME
  290
0
  9
$HALOGAP
  280
0
  9
$OBSCOLOR
  70
257
  9
$OBSLTYPE
  280
0
  9
$INTERSECTIONDISPLAY
  280
0
  9
$INTERSECTIONCOLOR
  70
257
  9
$DIMASSOC
  280
2
  9
$PROJECTNAME
  1

  9
$CAMERADISPLAY
  290
0
  9
$LENSLENGTH
  40
50
  9
$CAMERAHEIGHT
  40
60
  9
$STEPSPERSEC
  40
2
  9
$STEPSIZE
  40
6
  9
$3DDWFPREC
  40
2
  9
$PSOLWIDTH
  40
0.25
  9
$PSOLHEIGHT
  40
4
  9
$LOFTANG1
  40
1.570796326794896
  9
$LOFTANG2
  40
1.570796326794896
  9
$LOFTMAG1
  40
0
  9
$LOFTMAG2
  40
0
  9
$LOFTPARAM
  70
7
  9
$LOFTNORMALS
  280
1
  9
$LATITUDE
  40
37.795
  9
$LONGITUDE
  40
-122.394
  9
$NORTHDIRECTION
  40
0
  9
$TIMEZONE
  70
-8000
  9
$LIGHTGLYPHDISPLAY
  280
1
  9
$TILEMODELIGHTSYNCH
  280
1
  9
$CMATERIAL
  347
92
  9
$SOLIDHIST
  280
0
  9
$SHOWHIST
  280
1
  9
$DWFFRAME
  280
2
  9
$DGNFRAME
  280
0
  9
$REALWORLDSCALE
  290
0
  9
$INTERFERECOLOR
  62
1
  9
$INTERFEREOBJVS
  345
9F
  9
$INTERFEREVPVS
  346
9C
  9
$CSHADOW
  280
0
  9
$SHADOWPLANELOCATION
  40
0
  0
ENDSEC
  0
SECTION
  2
CLASSES
  0
CLASS
  1
ACDBDICTIONARYWDFLT
  2
AcDbDictionaryWithDefault
  3
ObjectDBX Classes
  90
0
  91
1
  280
0
  281
0
  0
CLASS
  1
DICTIONARYVAR
  2
AcDbDictionaryVar
  3
ObjectDBX Classes
  90
0
  91
15
  280
0
  281
0
  0
CLASS
  1
MATERIAL
  2
AcDbMaterial
  3
ObjectDBX Classes
  90
1153
  91
3
  280
0
  281
0
  0
CLASS
  1
VISUALSTYLE
  2
AcDbVisualStyle
  3
ObjectDBX Classes
  90
4095
  91
24
  280
0
  281
0
  0
CLASS
  1
TABLESTYLE
  2
AcDbTableStyle
  3
ObjectDBX Classes
  90
4095
  91
1
  280
0
  281
0
  0
CLASS
  1
SCALE
  2
AcDbScale
  3
ObjectDBX Classes
  90
1153
  91
33
  280
0
  281
0
  0
CLASS
  1
MLEADERSTYLE
  2
AcDbMLeaderStyle
  3
ACDB_MLEADERSTYLE_CLASS
  90
4095
  91
2
  280
0
  281
0
  0
CLASS
  1
CELLSTYLEMAP
  2
AcDbCellStyleMap
  3
ObjectDBX Classes
  90
1152
  91
4
  280
0
  281
0
  0
CLASS
  1
EXACXREFPANELOBJECT
  2
ExAcXREFPanelObject
  3
EXAC_ESW
  90
1025
  91
0
  280
0
  281
0
  0
CLASS
  1
NPOCOLLECTION
  2
AcDbImpNonPersistentObjectsCollection
  3
ObjectDBX Classes
  90
1153
  91
0
  280
0
  281
0
  0
CLASS
  1
LAYER_INDEX
  2
AcDbLayerIndex
  3
ObjectDBX Classes
  90
0
  91
0
  280
0
  281
0
  0
CLASS
  1
SPATIAL_INDEX
  2
AcDbSpatialIndex
  3
ObjectDBX Classes
  90
0
  91
0
  280
0
  281
0
  0
CLASS
  1
IDBUFFER
  2
AcDbIdBuffer
  3
ObjectDBX Classes
  90
0
  91
0
  280
0
  281
0
  0
CLASS
  1
ACDBSECTIONVIEWSTYLE
  2
AcDbSectionViewStyle
  3
ObjectDBX Classes
  90
1025
  91
1
  280
0
  281
0
  0
CLASS
  1
ACDBDETAILVIEWSTYLE
  2
AcDbDetailViewStyle
  3
ObjectDBX Classes
  90
1025
  91
1
  280
0
  281
0
  0
ENDSEC
  0
SECTION
  2
TABLES
  0
TABLE
  2
VPORT
  5
8
  330
0
  100
AcDbSymbolTable
  70
1
  0
VPORT
  5
90
  330
8
  100
AcDbSymbolTableRecord
  100
AcDbViewportTableRecord
  2
*Active
  70
0
  10
0
  20
0
  11
1
  21
1
  12
97.5486911906951
  22
42.51345460271504
  13
0
  23
0
  14
0.5
  24
0.5
  15
0.5
  25
0.5
  16
0
  26
0
  36
1
  17
0
  27
0
  37
0
  40
78.45799938217576
  41
1.945409429280396
  42
50
  43
0
  44
0
  50
0
  51
0
  71
0
  72
1000
  73
1
  74
3
  75
0
  76
1
  77
0
  78
0
  281
0
  65
1
  110
0
  120
0
  130
0
  111
1
  121
0
  131
0
  112
0
  122
1
  132
0
  79
0
  146
0
  348
9B
  60
3
  61
5
  292
0
  282
1
  141
0
  142
0
  63
250
  421
3355443
  1001
ACAD_NAV_VCDISPLAY
  1070
3
  0
ENDTAB
  0
TABLE
  2
LTYPE
  5
5
  330
0
  100
AcDbSymbolTable
  70
1
  0
LTYPE
  5
14
  330
5
  100
AcDbSymbolTableRecord
  100
AcDbLinetypeTableRecord
  2
ByBlock
  70
0
  3

  72
65
  73
0
  40
0
  0
LTYPE
  5
15
  330
5
  100
AcDbSymbolTableRecord
  100
AcDbLinetypeTableRecord
  2
ByLayer
  70
0
  3

  72
65
  73
0
  40
0
  0
LTYPE
  5
16
  330
5
  100
AcDbSymbolTableRecord
  100
AcDbLinetypeTableRecord
  2
Continuous
  70
0
  3
Solid line
  72
65
  73
0
  40
0
  0
ENDTAB
  0
TABLE
  2
LAYER
  5
2
  102
{ACAD_XDICTIONARY
  360
18B
  102
}
  330
0
  100
AcDbSymbolTable
  70
1
  0
LAYER
  5
1024
  100
AcDbSymbolTableRecord
  100
AcDbLayerTableRecord
  2
Top-Silkscreen-Layer
  70
0
  420
16763904
  6
Continuous
  370
-3
  390
F
  347
21
  0
LAYER
  5
1025
  100
AcDbSymbolTableRecord
  100
AcDbLayerTableRecord
  2
Bottom-Silkscreen-Layer
  70
0
  420
6736947
  6
Continuous
  370
-3
  390
F
  347
21
  0
LAYER
  5
1026
  100
AcDbSymbolTableRecord
  100
AcDbLayerTableRecord
  2
Multi-Layer
  70
0
  420
12632256
  6
Continuous
  370
-3
  390
F
  347
21
  0
LAYER
  5
1027
  100
AcDbSymbolTableRecord
  100
AcDbLayerTableRecord
  2
Hole-Layer
  70
0
  420
2236962
  6
Continuous
  370
-3
  390
F
  347
21
  0
LAYER
  5
1028
  100
AcDbSymbolTableRecord
  100
AcDbLayerTableRecord
  2
3D-Shell-Outline-Layer
  70
0
  420
6750105
  6
Continuous
  370
-3
  390
F
  347
21
  0
LAYER
  5
10
  102
{ACAD_XDICTIONARY
  360
E1
  102
}
  330
2
  100
AcDbSymbolTableRecord
  100
AcDbLayerTableRecord
  2
0
  70
0
  62
7
  6
Continuous
  370
-3
  390
F
  347
94
  0
ENDTAB
  0
TABLE
  2
STYLE
  5
3
  330
0
  100
AcDbSymbolTable
  70
2
  0
STYLE
  5
11
  330
3
  100
AcDbSymbolTableRecord
  100
AcDbTextStyleTableRecord
  2
Standard
  70
0
  40
0
  41
1
  50
0
  71
0
  42
0.2
  3
arial.ttf
  4

  1001
ACAD
  1000
Arial
  1071
34
  0
STYLE
  5
D7
  330
3
  100
AcDbSymbolTableRecord
  100
AcDbTextStyleTableRecord
  2
Annotative
  70
0
  40
0
  41
1
  50
0
  71
0
  42
0.2
  3
arial.ttf
  4

  1001
AcadAnnotative
  1000
AnnotativeData
  1002
{
  1070
1
  1070
1
  1002
}
  1001
ACAD
  1000
Arial
  1071
34
  0
ENDTAB
  0
TABLE
  2
VIEW
  5
6
  330
0
  100
AcDbSymbolTable
  70
0
  0
ENDTAB
  0
TABLE
  2
UCS
  5
7
  330
0
  100
AcDbSymbolTable
  70
0
  0
ENDTAB
  0
TABLE
  2
APPID
  5
9
  330
0
  100
AcDbSymbolTable
  70
7
  0
APPID
  5
12
  330
9
  100
AcDbSymbolTableRecord
  100
AcDbRegAppTableRecord
  2
ACAD
  70
0
  0
APPID
  5
D8
  330
9
  100
AcDbSymbolTableRecord
  100
AcDbRegAppTableRecord
  2
AcadAnnoPO
  70
0
  0
APPID
  5
D9
  330
9
  100
AcDbSymbolTableRecord
  100
AcDbRegAppTableRecord
  2
AcadAnnotative
  70
0
  0
APPID
  5
DA
  330
9
  100
AcDbSymbolTableRecord
  100
AcDbRegAppTableRecord
  2
ACAD_DSTYLE_DIMJAG
  70
0
  0
APPID
  5
DB
  330
9
  100
AcDbSymbolTableRecord
  100
AcDbRegAppTableRecord
  2
ACAD_DSTYLE_DIMTALN
  70
0
  0
APPID
  5
102
  330
9
  100
AcDbSymbolTableRecord
  100
AcDbRegAppTableRecord
  2
ACAD_MLEADERVER
  70
0
  0
APPID
  5
1A3
  330
9
  100
AcDbSymbolTableRecord
  100
AcDbRegAppTableRecord
  2
ACAD_NAV_VCDISPLAY
  70
0
  0
ENDTAB
  0
TABLE
  2
DIMSTYLE
  5
A
  330
0
  100
AcDbSymbolTable
  70
2
  100
AcDbDimStyleTable
  71
2
  340
DC
  340
27
  0
DIMSTYLE
  105
27
  330
A
  100
AcDbSymbolTableRecord
  100
AcDbDimStyleTableRecord
  2
Standard
  70
0
  340
11
  0
DIMSTYLE
  105
DC
  330
A
  100
AcDbSymbolTableRecord
  100
AcDbDimStyleTableRecord
  2
Annotative
  70
0
  40
0
  340
11
  1001
AcadAnnotative
  1000
AnnotativeData
  1002
{
  1070
1
  1070
1
  1002
}
  1001
ACAD_DSTYLE_DIMJAG
  1070
388
  1040
1.5
  1001
ACAD_DSTYLE_DIMTALN
  1070
392
  1070
0
  0
ENDTAB
  0
TABLE
  2
BLOCK_RECORD
  5
1
  330
0
  100
AcDbSymbolTable
  70
1
  0
BLOCK_RECORD
  5
1F
  102
{ACAD_XDICTIONARY
  360
15A
  102
}
  330
1
  100
AcDbSymbolTableRecord
  100
AcDbBlockTableRecord
  2
*Model_Space
  340
22
  70
0
  280
1
  281
0
  0
BLOCK_RECORD
  5
73
  330
1
  100
AcDbSymbolTableRecord
  100
AcDbBlockTableRecord
  2
*Paper_Space
  340
74
  70
0
  280
1
  281
0
  0
BLOCK_RECORD
  5
78
  330
1
  100
AcDbSymbolTableRecord
  100
AcDbBlockTableRecord
  2
*Paper_Space0
  340
79
  70
0
  280
1
  281
0
  0
ENDTAB
  0
ENDSEC
  0
SECTION
  2
BLOCKS
  0
BLOCK
  5
20
  330
1F
  100
AcDbEntity
  8
0
  100
AcDbBlockBegin
  2
*Model_Space
  70
0
  10
0
  20
0
  3
*Model_Space
  1

  0
ENDBLK
  5
21
  330
1F
  100
AcDbEntity
  8
0
  100
AcDbBlockEnd
  0
BLOCK
  5
75
  330
73
  100
AcDbEntity
  67
1
  8
0
  100
AcDbBlockBegin
  2
*Paper_Space
  70
0
  10
0
  20
0
  3
*Paper_Space
  1

  0
ENDBLK
  5
76
  330
73
  100
AcDbEntity
  67
1
  8
0
  100
AcDbBlockEnd
  0
BLOCK
  5
7A
  330
78
  100
AcDbEntity
  67
1
  8
0
  100
AcDbBlockBegin
  2
*Paper_Space0
  70
0
  10
0
  20
0
  3
*Paper_Space0
  1

  0
ENDBLK
  5
7B
  330
78
  100
AcDbEntity
  67
1
  8
0
  100
AcDbBlockEnd
  0
ENDSEC
  0
SECTION
  2
ENTITIES
  0
TEXT
  5
2782
  100
AcDbEntity
  8
Bottom-Silkscreen-Layer
  7
default
  461
0.8890017780035562
  100
AcDbText
  10
13.589027178054359
  20
-11.811023622047246
  11
13.589027178054359
  21
-11.811023622047246
  40
0.8890017780035562
  1
K1
  50
0
  71
2
  72
0
  41
1.1
  100
AcDbText
  73
1
  0
TEXT
  5
2783
  100
AcDbEntity
  8
Bottom-Silkscreen-Layer
  7
default
  461
0.8890017780035562
  100
AcDbText
  10
32.25806451612904
  20
-6.350012700025401
  11
32.25806451612904
  21
-6.350012700025401
  40
0.8890017780035562
  1
K2
  50
0
  71
2
  72
0
  41
1.1
  100
AcDbText
  73
1
  0
TEXT
  5
2784
  100
AcDbEntity
  8
Bottom-Silkscreen-Layer
  7
default
  461
0.8890017780035562
  100
AcDbText
  10
53.721107442214894
  20
-4.3180086360172725
  11
53.721107442214894
  21
-4.3180086360172725
  40
0.8890017780035562
  1
K3
  50
0
  71
2
  72
0
  41
1.1
  100
AcDbText
  73
1
  0
TEXT
  5
2785
  100
AcDbEntity
  8
Bottom-Silkscreen-Layer
  7
default
  461
0.8890017780035562
  100
AcDbText
  10
73.91414782829567
  20
-3.0480060960121924
  11
73.91414782829567
  21
-3.0480060960121924
  40
0.8890017780035562
  1
K4
  50
0
  71
2
  72
0
  41
1.1
  100
AcDbText
  73
1
  0
TEXT
  5
2786
  100
AcDbEntity
  8
Bottom-Silkscreen-Layer
  7
default
  461
0.8890017780035562
  100
AcDbText
  10
94.23418846837694
  20
-3.0480060960121924
  11
94.23418846837694
  21
-3.0480060960121924
  40
0.8890017780035562
  1
K5
  50
0
  71
2
  72
0
  41
1.1
  100
AcDbText
  73
1
  0
TEXT
  5
2787
  100
AcDbEntity
  8
Bottom-Silkscreen-Layer
  7
default
  461
0.8890017780035562
  100
AcDbText
  10
16.63703327406655
  20
-30.353060706121415
  11
16.63703327406655
  21
-30.353060706121415
  40
0.8890017780035562
  1
K6
  50
0
  71
2
  72
0
  41
1.1
  100
AcDbText
  73
1
  0
TEXT
  5
2788
  100
AcDbEntity
  8
Bottom-Silkscreen-Layer
  7
default
  461
0.8890017780035562
  100
AcDbText
  10
34.16306832613666
  20
-24.38404876809754
  11
34.16306832613666
  21
-24.38404876809754
  40
0.8890017780035562
  1
K7
  50
0
  71
2
  72
0
  41
1.1
  100
AcDbText
  73
1
  0
TEXT
  5
2789
  100
AcDbEntity
  8
Bottom-Silkscreen-Layer
  7
default
  461
0.8890017780035562
  100
AcDbText
  10
54.61010922021845
  20
-22.860045720091442
  11
54.61010922021845
  21
-22.860045720091442
  40
0.8890017780035562
  1
K8
  50
0
  71
2
  72
0
  41
1.1
  100
AcDbText
  73
1
  0
TEXT
  5
2790
  100
AcDbEntity
  8
Bottom-Silkscreen-Layer
  7
default
  461
0.8890017780035562
  100
AcDbText
  10
74.93014986029974
  20
-21.463042926085855
  11
74.93014986029974
  21
-21.463042926085855
  40
0.8890017780035562
  1
K9
  50
0
  71
2
  72
0
  41
1.1
  100
AcDbText
  73
1
  0
TEXT
  5
2791
  100
AcDbEntity
  8
Bottom-Silkscreen-Layer
  7
default
  461
0.8890017780035562
  100
AcDbText
  10
94.48818897637797
  20
-21.59004318008636
  11
94.48818897637797
  21
-21.59004318008636
  40
0.8890017780035562
  1
K10
  50
0
  71
2
  72
0
  41
1.1
  100
AcDbText
  73
1
  0
TEXT
  5
2792
  100
AcDbEntity
  8
Bottom-Silkscreen-Layer
  7
default
  461
0.8890017780035562
  100
AcDbText
  10
19.17703835407671
  20
-48.64109728219457
  11
19.17703835407671
  21
-48.64109728219457
  40
0.8890017780035562
  1
K11
  50
0
  71
2
  72
0
  41
1.1
  100
AcDbText
  73
1
  0
TEXT
  5
2793
  100
AcDbEntity
  8
Bottom-Silkscreen-Layer
  7
default
  461
0.8890017780035562
  100
AcDbText
  10
36.83007366014733
  20
-42.672085344170696
  11
36.83007366014733
  21
-42.672085344170696
  40
0.8890017780035562
  1
K12
  50
0
  71
2
  72
0
  41
1.1
  100
AcDbText
  73
1
  0
TEXT
  5
2794
  100
AcDbEntity
  8
Bottom-Silkscreen-Layer
  7
default
  461
0.8890017780035562
  100
AcDbText
  10
56.38811277622556
  20
-40.89408178816358
  11
56.38811277622556
  21
-40.89408178816358
  40
0.8890017780035562
  1
K13
  50
0
  71
2
  72
0
  41
1.1
  100
AcDbText
  73
1
  0
TEXT
  5
2795
  100
AcDbEntity
  8
Bottom-Silkscreen-Layer
  7
default
  461
0.8890017780035562
  100
AcDbText
  10
75.94615189230379
  20
-39.75107950215901
  11
75.94615189230379
  21
-39.75107950215901
  40
0.8890017780035562
  1
K14
  50
0
  71
2
  72
0
  41
1.1
  100
AcDbText
  73
1
  0
TEXT
  5
2796
  100
AcDbEntity
  8
Bottom-Silkscreen-Layer
  7
default
  461
0.8890017780035562
  100
AcDbText
  10
94.74218948437898
  20
-40.00508001016003
  11
94.74218948437898
  21
-40.00508001016003
  40
0.8890017780035562
  1
K15
  50
0
  71
2
  72
0
  41
1.1
  100
AcDbText
  73
1
  0
TEXT
  5
2797
  100
AcDbEntity
  8
Bottom-Silkscreen-Layer
  7
default
  461
0.8890017780035562
  100
AcDbText
  10
21.463042926085855
  20
-67.31013462026925
  11
21.463042926085855
  21
-67.31013462026925
  40
0.8890017780035562
  1
K16
  50
0
  71
2
  72
0
  41
1.1
  100
AcDbText
  73
1
  0
TEXT
  5
2798
  100
AcDbEntity
  8
Bottom-Silkscreen-Layer
  7
default
  461
0.8890017780035562
  100
AcDbText
  10
39.11607823215647
  20
-61.08712217424436
  11
39.11607823215647
  21
-61.08712217424436
  40
0.8890017780035562
  1
K17
  50
0
  71
2
  72
0
  41
1.1
  100
AcDbText
  73
1
  0
TEXT
  5
2799
  100
AcDbEntity
  8
Bottom-Silkscreen-Layer
  7
default
  461
0.8890017780035562
  100
AcDbText
  10
57.912115824231655
  20
-59.30911861823724
  11
57.912115824231655
  21
-59.30911861823724
  40
0.8890017780035562
  1
K18
  50
0
  71
2
  72
0
  41
1.1
  100
AcDbText
  73
1
  0
TEXT
  5
2800
  100
AcDbEntity
  8
Bottom-Silkscreen-Layer
  7
default
  461
0.8890017780035562
  100
AcDbText
  10
76.45415290830583
  20
-58.42011684023369
  11
76.45415290830583
  21
-58.42011684023369
  40
0.8890017780035562
  1
K19
  50
0
  71
2
  72
0
  41
1.1
  100
AcDbText
  73
1
  0
LWPOLYLINE
  5
1236
  100
AcDbEntity
  8
Top-Silkscreen-Layer
  100
AcDbPolyline
  90
2
  70
1
  43
0.25400050800101603
  10
50.16256032512066
  20
-104.26974853949709
  42
1
  10
52.70256540513082
  20
-104.26974853949709
  42
1
  0
LWPOLYLINE
  5
1237
  100
AcDbEntity
  8
Top-Silkscreen-Layer
  100
AcDbPolyline
  90
4
  70
1
  43
0.25400050800101603
  10
100.20320040640082
  20
-109.98221996443995
  10
101.98120396240793
  20
-109.98221996443995
  10
101.98120396240793
  20
-113.66522733045467
  10
100.20320040640082
  20
-113.66522733045467
  0
HATCH
  5
1239
  100
AcDbEntity
  8
Top-Silkscreen-Layer
  100
AcDbHatch
  10
0
  20
0
  30
0
  210
0
  220
0
  230
1
  2
SOLID
  70
1
  71
0
  91
1
  92
7
  72
0
  73
1
  93
4
  10
100.20320040640082
  20
-105.91821183642368
  10
101.98120396240793
  20
-105.91821183642368
  10
101.98120396240793
  20
-109.72821945643892
  10
100.20320040640082
  20
-109.72821945643892
  97
1
  330
1238
  75
0
  76
1
  47
0.4128176842155181
  98
1
  10
34.90568961886538
  20
22.81183545379326
  450
0
  451
0
  460
0
  461
0
  452
1
  462
1
  453
2
  463
0
  63
5
  421
255
  463
1
  63
7
  421
16777215
  470
LINEAR
  1001
ACAD
  1010
0
  1020
0
  1030
0
  0
LWPOLYLINE
  5
1238
  100
AcDbEntity
  8
Top-Silkscreen-Layer
  100
AcDbPolyline
  90
4
  70
1
  43
0.005080010160020321
  10
100.20320040640082
  20
-105.91821183642368
  10
101.98120396240793
  20
-105.91821183642368
  10
101.98120396240793
  20
-109.72821945643892
  10
100.20320040640082
  20
-109.72821945643892
  0
LWPOLYLINE
  5
1256
  100
AcDbEntity
  8
Top-Silkscreen-Layer
  100
AcDbPolyline
  90
4
  70
1
  43
0.15011430022860048
  10
81.91516383032767
  20
-37.973075946151894
  10
99.6951993903988
  20
-37.973075946151894
  10
99.6951993903988
  20
-55.75311150622302
  10
81.91516383032767
  20
-55.75311150622302
  0
LWPOLYLINE
  5
1257
  100
AcDbEntity
  8
Top-Silkscreen-Layer
  100
AcDbPolyline
  90
2
  70
0
  43
0.15011430022860048
  10
83.80518161036323
  20
-51.86309372618746
  10
83.80518161036323
  20
-53.86309372618746
  0
LWPOLYLINE
  5
1258
  100
AcDbEntity
  8
Top-Silkscreen-Layer
  100
AcDbPolyline
  90
2
  70
0
  43
0.15011430022860048
  10
83.80518161036323
  20
-53.86309372618746
  10
85.80518161036323
  20
-53.86309372618746
  0
LWPOLYLINE
  5
1259
  100
AcDbEntity
  8
Top-Silkscreen-Layer
  100
AcDbPolyline
  90
2
  70
0
  43
0.15011430022860048
  10
97.80518161036322
  20
-39.86309372618746
  10
97.80518161036322
  20
-41.86309372618746
  0
LWPOLYLINE
  5
1260
  100
AcDbEntity
  8
Top-Silkscreen-Layer
  100
AcDbPolyline
  90
3
  70
0
  43
0.15011430022860048
  10
95.80518161036323
  20
-39.86309372618746
  10
97.80518161036322
  20
-39.86309372618746
  10
97.80518161036322
  20
-41.86309372618746
  0
LWPOLYLINE
  5
1261
  100
AcDbEntity
  8
Top-Silkscreen-Layer
  100
AcDbPolyline
  90
2
  70
0
  43
0.15011430022860048
  10
95.80518161036323
  20
-39.86309372618746
  10
97.80518161036322
  20
-39.86309372618746
  0
LWPOLYLINE
  5
1262
  100
AcDbEntity
  8
Top-Silkscreen-Layer
  100
AcDbPolyline
  90
2
  70
0
  43
0.15011430022860048
  10
97.80518161036322
  20
-53.86309372618746
  10
97.80518161036322
  20
-51.86309372618746
  0
LWPOLYLINE
  5
1263
  100
AcDbEntity
  8
Top-Silkscreen-Layer
  100
AcDbPolyline
  90
3
  70
0
  43
0.15011430022860048
  10
95.80518161036323
  20
-53.86309372618746
  10
97.80518161036322
  20
-53.86309372618746
  10
97.80518161036322
  20
-51.86309372618746
  0
LWPOLYLINE
  5
1264
  100
AcDbEntity
  8
Top-Silkscreen-Layer
  100
AcDbPolyline
  90
2
  70
0
  43
0.15011430022860048
  10
95.80518161036323
  20
-53.86309372618746
  10
97.80518161036322
  20
-53.86309372618746
  0
LWPOLYLINE
  5
1265
  100
AcDbEntity
  8
Top-Silkscreen-Layer
  100
AcDbPolyline
  90
3
  70
0
  43
0.15011430022860048
  10
85.80518161036323
  20
-39.86309372618746
  10
83.80518161036323
  20
-39.86309372618746
  10
83.80518161036323
  20
-41.86309372618746
  0
LWPOLYLINE
  5
1266
  100
AcDbEntity
  8
Top-Silkscreen-Layer
  100
AcDbPolyline
  90
4
  70
1
  43
0.15011430022860048
  10
81.91516383032767
  20
-19.558039116078234
  10
99.6951993903988
  20
-19.558039116078234
  10
99.6951993903988
  20
-37.338074676149354
  10
81.91516383032767
  20
-37.338074676149354
  0
LWPOLYLINE
  5
1267
  100
AcDbEntity
  8
Top-Silkscreen-Layer
  100
AcDbPolyline
  90
2
  70
0
  43
0.15011430022860048
  10
83.80518161036323
  20
-33.4480568961138
  10
83.80518161036323
  20
-35.4480568961138
  0
LWPOLYLINE
  5
1268
  100
AcDbEntity
  8
Top-Silkscreen-Layer
  100
AcDbPolyline
  90
2
  70
0
  43
0.15011430022860048
  10
83.80518161036323
  20
-35.4480568961138
  10
85.80518161036323
  20
-35.4480568961138
  0
LWPOLYLINE
  5
1269
  100
AcDbEntity
  8
Top-Silkscreen-Layer
  100
AcDbPolyline
  90
2
  70
0
  43
0.15011430022860048
  10
97.80518161036322
  20
-21.448056896113794
  10
97.80518161036322
  20
-23.448056896113794
  0
LWPOLYLINE
  5
1270
  100
AcDbEntity
  8
Top-Silkscreen-Layer
  100
AcDbPolyline
  90
3
  70
0
  43
0.15011430022860048
  10
95.80518161036323
  20
-21.448056896113794
  10
97.80518161036322
  20
-21.448056896113794
  10
97.80518161036322
  20
-23.448056896113794
  0
LWPOLYLINE
  5
1271
  100
AcDbEntity
  8
Top-Silkscreen-Layer
  100
AcDbPolyline
  90
2
  70
0
  43
0.15011430022860048
  10
95.80518161036323
  20
-21.448056896113794
  10
97.80518161036322
  20
-21.448056896113794
  0
LWPOLYLINE
  5
1272
  100
AcDbEntity
  8
Top-Silkscreen-Layer
  100
AcDbPolyline
  90
2
  70
0
  43
0.15011430022860048
  10
97.80518161036322
  20
-35.4480568961138
  10
97.80518161036322
  20
-33.4480568961138
  0
LWPOLYLINE
  5
1273
  100
AcDbEntity
  8
Top-Silkscreen-Layer
  100
AcDbPolyline
  90
3
  70
0
  43
0.15011430022860048
  10
95.80518161036323
  20
-35.4480568961138
  10
97.80518161036322
  20
-35.4480568961138
  10
97.80518161036322
  20
-33.4480568961138
  0
LWPOLYLINE
  5
1274
  100
AcDbEntity
  8
Top-Silkscreen-Layer
  100
AcDbPolyline
  90
2
  70
0
  43
0.15011430022860048
  10
95.80518161036323
  20
-35.4480568961138
  10
97.80518161036322
  20
-35.4480568961138
  0
LWPOLYLINE
  5
1275
  100
AcDbEntity
  8
Top-Silkscreen-Layer
  100
AcDbPolyline
  90
3
  70
0
  43
0.15011430022860048
  10
85.80518161036323
  20
-21.448056896113794
  10
83.80518161036323
  20
-21.448056896113794
  10
83.80518161036323
  20
-23.448056896113794
  0
LWPOLYLINE
  5
1276
  100
AcDbEntity
  8
Top-Silkscreen-Layer
  100
AcDbPolyline
  90
4
  70
1
  43
0.15011430022860048
  10
81.91516383032767
  20
-1.143002286004572
  10
99.6951993903988
  20
-1.143002286004572
  10
99.6951993903988
  20
-18.923037846075694
  10
81.91516383032767
  20
-18.923037846075694
  0
LWPOLYLINE
  5
1277
  100
AcDbEntity
  8
Top-Silkscreen-Layer
  100
AcDbPolyline
  90
2
  70
0
  43
0.15011430022860048
  10
83.80518161036323
  20
-15.033020066040134
  10
83.80518161036323
  20
-17.033020066040134
  0
LWPOLYLINE
  5
1278
  100
AcDbEntity
  8
Top-Silkscreen-Layer
  100
AcDbPolyline
  90
2
  70
0
  43
0.15011430022860048
  10
83.80518161036323
  20
-17.033020066040134
  10
85.80518161036323
  20
-17.033020066040134
  0
LWPOLYLINE
  5
1279
  100
AcDbEntity
  8
Top-Silkscreen-Layer
  100
AcDbPolyline
  90
2
  70
0
  43
0.15011430022860048
  10
97.80518161036322
  20
-3.033020066040133
  10
97.80518161036322
  20
-5.033020066040133
  0
LWPOLYLINE
  5
1280
  100
AcDbEntity
  8
Top-Silkscreen-Layer
  100
AcDbPolyline
  90
3
  70
0
  43
0.15011430022860048
  10
95.80518161036323
  20
-3.033020066040133
  10
97.80518161036322
  20
-3.033020066040133
  10
97.80518161036322
  20
-5.033020066040133
  0
LWPOLYLINE
  5
1281
  100
AcDbEntity
  8
Top-Silkscreen-Layer
  100
AcDbPolyline
  90
2
  70
0
  43
0.15011430022860048
  10
95.80518161036323
  20
-3.033020066040133
  10
97.80518161036322
  20
-3.033020066040133
  0
LWPOLYLINE
  5
1282
  100
AcDbEntity
  8
Top-Silkscreen-Layer
  100
AcDbPolyline
  90
2
  70
0
  43
0.15011430022860048
  10
97.80518161036322
  20
-17.033020066040134
  10
97.80518161036322
  20
-15.033020066040134
  0
LWPOLYLINE
  5
1283
  100
AcDbEntity
  8
Top-Silkscreen-Layer
  100
AcDbPolyline
  90
3
  70
0
  43
0.15011430022860048
  10
95.80518161036323
  20
-17.033020066040134
  10
97.80518161036322
  20
-17.033020066040134
  10
97.80518161036322
  20
-15.033020066040134
  0
LWPOLYLINE
  5
1284
  100
AcDbEntity
  8
Top-Silkscreen-Layer
  100
AcDbPolyline
  90
2
  70
0
  43
0.15011430022860048
  10
95.80518161036323
  20
-17.033020066040134
  10
97.80518161036322
  20
-17.033020066040134
  0
LWPOLYLINE
  5
1285
  100
AcDbEntity
  8
Top-Silkscreen-Layer
  100
AcDbPolyline
  90
3
  70
0
  43
0.15011430022860048
  10
85.80518161036323
  20
-3.033020066040133
  10
83.80518161036323
  20
-3.033020066040133
  10
83.80518161036323
  20
-5.033020066040133
  0
LWPOLYLINE
  5
1286
  100
AcDbEntity
  8
Top-Silkscreen-Layer
  100
AcDbPolyline
  90
4
  70
1
  43
0.15011430022860048
  10
1.903850056737001
  20
-11.309705794192
  10
19.55135592793145
  20
-9.142864534765957
  10
21.71819718735749
  20
-26.790370405960406
  10
4.070691316163042
  20
-28.957211665386446
  0
LWPOLYLINE
  5
1287
  100
AcDbEntity
  8
Top-Silkscreen-Layer
  100
AcDbPolyline
  90
2
  70
0
  43
0.15011430022860048
  10
5.472547277583729
  20
-24.865854262118845
  10
5.716285964394023
  20
-26.85094656540149
  0
LWPOLYLINE
  5
1288
  100
AcDbEntity
  8
Top-Silkscreen-Layer
  100
AcDbPolyline
  90
2
  70
0
  43
0.15011430022860048
  10
5.716285964394023
  20
-26.85094656540149
  10
7.7013782676766676
  20
-26.607207878591193
  0
LWPOLYLINE
  5
1289
  100
AcDbEntity
  8
Top-Silkscreen-Layer
  100
AcDbPolyline
  90
2
  70
0
  43
0.15011430022860048
  10
17.905761279700467
  20
-11.249129634750917
  10
18.14949996651076
  20
-13.23422193803356
  0
LWPOLYLINE
  5
1290
  100
AcDbEntity
  8
Top-Silkscreen-Layer
  100
AcDbPolyline
  90
3
  70
0
  43
0.15011430022860048
  10
15.920668976417822
  20
-11.492868321561211
  10
17.905761279700467
  20
-11.249129634750917
  10
18.14949996651076
  20
-13.23422193803356
  0
LWPOLYLINE
  5
1291
  100
AcDbEntity
  8
Top-Silkscreen-Layer
  100
AcDbPolyline
  90
2
  70
0
  43
0.15011430022860048
  10
15.920668976417822
  20
-11.492868321561211
  10
17.905761279700467
  20
-11.249129634750917
  0
LWPOLYLINE
  5
1292
  100
AcDbEntity
  8
Top-Silkscreen-Layer
  100
AcDbPolyline
  90
2
  70
0
  43
0.15011430022860048
  10
19.611932087372534
  20
-25.144775757729423
  10
19.368193400562237
  20
-23.15968345444678
  0
LWPOLYLINE
  5
1293
  100
AcDbEntity
  8
Top-Silkscreen-Layer
  100
AcDbPolyline
  90
3
  70
0
  43
0.15011430022860048
  10
17.62683978408989
  20
-25.38851444453972
  10
19.611932087372534
  20
-25.144775757729423
  10
19.368193400562237
  20
-23.15968345444678
  0
LWPOLYLINE
  5
1294
  100
AcDbEntity
  8
Top-Silkscreen-Layer
  100
AcDbPolyline
  90
2
  70
0
  43
0.15011430022860048
  10
17.62683978408989
  20
-25.38851444453972
  10
19.611932087372534
  20
-25.144775757729423
  0
LWPOLYLINE
  5
1295
  100
AcDbEntity
  8
Top-Silkscreen-Layer
  100
AcDbPolyline
  90
3
  70
0
  43
0.15011430022860048
  10
5.995207460004604
  20
-12.711561755612687
  10
4.010115156721959
  20
-12.955300442422981
  10
4.253853843532253
  20
-14.940392745705626
  0
LWPOLYLINE
  5
1296
  100
AcDbEntity
  8
Top-Silkscreen-Layer
  100
AcDbPolyline
  90
4
  70
1
  43
0.15011430022860048
  10
4.189854628746145
  20
-29.724742624265662
  10
21.837360499940594
  20
-27.557901364839623
  10
24.004201759366634
  20
-45.20540723603407
  10
6.356695888172186
  20
-47.372248495460106
  0
LWPOLYLINE
  5
1297
  100
AcDbEntity
  8
Top-Silkscreen-Layer
  100
AcDbPolyline
  90
2
  70
0
  43
0.15011430022860048
  10
7.758551849592873
  20
-43.280891092192505
  10
8.002290536403168
  20
-45.26598339547515
  0
LWPOLYLINE
  5
1298
  100
AcDbEntity
  8
Top-Silkscreen-Layer
  100
AcDbPolyline
  90
2
  70
0
  43
0.15011430022860048
  10
8.002290536403168
  20
-45.26598339547515
  10
9.987382839685813
  20
-45.02224470866486
  0
LWPOLYLINE
  5
1299
  100
AcDbEntity
  8
Top-Silkscreen-Layer
  100
AcDbPolyline
  90
2
  70
0
  43
0.15011430022860048
  10
20.19176585170961
  20
-29.664166464824575
  10
20.435504538519904
  20
-31.649258768107224
  0
LWPOLYLINE
  5
1300
  100
AcDbEntity
  8
Top-Silkscreen-Layer
  100
AcDbPolyline
  90
3
  70
0
  43
0.15011430022860048
  10
18.206673548426966
  20
-29.907905151634875
  10
20.19176585170961
  20
-29.664166464824575
  10
20.435504538519904
  20
-31.649258768107224
  0
LWPOLYLINE
  5
1301
  100
AcDbEntity
  8
Top-Silkscreen-Layer
  100
AcDbPolyline
  90
2
  70
0
  43
0.15011430022860048
  10
18.206673548426966
  20
-29.907905151634875
  10
20.19176585170961
  20
-29.664166464824575
  0
LWPOLYLINE
  5
1302
  100
AcDbEntity
  8
Top-Silkscreen-Layer
  100
AcDbPolyline
  90
2
  70
0
  43
0.15011430022860048
  10
21.897936659381678
  20
-43.55981258780309
  10
21.65419797257138
  20
-41.57472028452044
  0
LWPOLYLINE
  5
1303
  100
AcDbEntity
  8
Top-Silkscreen-Layer
  100
AcDbPolyline
  90
3
  70
0
  43
0.15011430022860048
  10
19.912844356099033
  20
-43.80355127461338
  10
21.897936659381678
  20
-43.55981258780309
  10
21.65419797257138
  20
-41.57472028452044
  0
LWPOLYLINE
  5
1304
  100
AcDbEntity
  8
Top-Silkscreen-Layer
  100
AcDbPolyline
  90
2
  70
0
  43
0.15011430022860048
  10
19.912844356099033
  20
-43.80355127461338
  10
21.897936659381678
  20
-43.55981258780309
  0
LWPOLYLINE
  5
1305
  100
AcDbEntity
  8
Top-Silkscreen-Layer
  100
AcDbPolyline
  90
3
  70
0
  43
0.15011430022860048
  10
8.281212032013746
  20
-31.12659858568635
  10
6.296119728731104
  20
-31.37033727249664
  10
6.539858415541398
  20
-33.35542957577929
  0
LWPOLYLINE
  5
1306
  100
AcDbEntity
  8
Top-Silkscreen-Layer
  100
AcDbPolyline
  90
4
  70
1
  43
0.15011430022860048
  10
6.4758592007552895
  20
-48.13977945433932
  10
24.12336507194974
  20
-45.97293819491328
  10
26.290206331375778
  20
-63.62044406610774
  10
8.64270046018133
  20
-65.78728532553377
  0
LWPOLYLINE
  5
1307
  100
AcDbEntity
  8
Top-Silkscreen-Layer
  100
AcDbPolyline
  90
2
  70
0
  43
0.15011430022860048
  10
10.04455642160202
  20
-61.69592792226617
  10
10.288295108412312
  20
-63.681020225548814
  0
LWPOLYLINE
  5
1308
  100
AcDbEntity
  8
Top-Silkscreen-Layer
  100
AcDbPolyline
  90
2
  70
0
  43
0.15011430022860048
  10
10.288295108412312
  20
-63.681020225548814
  10
12.273387411694957
  20
-63.43728153873852
  0
LWPOLYLINE
  5
1309
  100
AcDbEntity
  8
Top-Silkscreen-Layer
  100
AcDbPolyline
  90
2
  70
0
  43
0.15011430022860048
  10
22.477770423718756
  20
-48.07920329489824
  10
22.72150911052905
  20
-50.064295598180884
  0
LWPOLYLINE
  5
1310
  100
AcDbEntity
  8
Top-Silkscreen-Layer
  100
AcDbPolyline
  90
3
  70
0
  43
0.15011430022860048
  10
20.49267812043611
  20
-48.32294198170854
  10
22.477770423718756
  20
-48.07920329489824
  10
22.72150911052905
  20
-50.064295598180884
  0
LWPOLYLINE
  5
1311
  100
AcDbEntity
  8
Top-Silkscreen-Layer
  100
AcDbPolyline
  90
2
  70
0
  43
0.15011430022860048
  10
20.49267812043611
  20
-48.32294198170854
  10
22.477770423718756
  20
-48.07920329489824
  0
LWPOLYLINE
  5
1312
  100
AcDbEntity
  8
Top-Silkscreen-Layer
  100
AcDbPolyline
  90
2
  70
0
  43
0.15011430022860048
  10
24.183941231390822
  20
-61.97484941787675
  10
23.940202544580526
  20
-59.989757114594106
  0
LWPOLYLINE
  5
1313
  100
AcDbEntity
  8
Top-Silkscreen-Layer
  100
AcDbPolyline
  90
3
  70
0
  43
0.15011430022860048
  10
22.198848928108177
  20
-62.21858810468704
  10
24.183941231390822
  20
-61.97484941787675
  10
23.940202544580526
  20
-59.989757114594106
  0
LWPOLYLINE
  5
1314
  100
AcDbEntity
  8
Top-Silkscreen-Layer
  100
AcDbPolyline
  90
2
  70
0
  43
0.15011430022860048
  10
22.198848928108177
  20
-62.21858810468704
  10
24.183941231390822
  20
-61.97484941787675
  0
LWPOLYLINE
  5
1315
  100
AcDbEntity
  8
Top-Silkscreen-Layer
  100
AcDbPolyline
  90
3
  70
0
  43
0.15011430022860048
  10
10.56721660402289
  20
-49.541635415760005
  10
8.582124300740247
  20
-49.78537410257031
  10
8.825862987550543
  20
-51.77046640585295
  0
LWPOLYLINE
  5
1316
  100
AcDbEntity
  8
Top-Silkscreen-Layer
  100
AcDbPolyline
  90
4
  70
1
  43
0.15011430022860048
  10
8.761874427645933
  20
-66.4278131867095
  10
26.409372487661877
  20
-64.26098542586794
  10
28.576200248503426
  20
-81.90848348588388
  10
10.928702188487481
  20
-84.07531124672543
  0
LWPOLYLINE
  5
1317
  100
AcDbEntity
  8
Top-Silkscreen-Layer
  100
AcDbPolyline
  90
2
  70
0
  43
0.15011430022860048
  10
12.330556344943552
  20
-79.98397249045615
  10
12.574295036222072
  20
-81.96906274592611
  0
LWPOLYLINE
  5
1318
  100
AcDbEntity
  8
Top-Silkscreen-Layer
  100
AcDbPolyline
  90
2
  70
0
  43
0.15011430022860048
  10
12.574295036222072
  20
-81.96906274592611
  10
14.559385260737152
  20
-81.72532380254036
  0
LWPOLYLINE
  5
1319
  100
AcDbEntity
  8
Top-Silkscreen-Layer
  100
AcDbPolyline
  90
2
  70
0
  43
0.15011430022860048
  10
24.763779639927282
  20
-66.36723392666725
  10
25.007518331205805
  20
-68.35232418213722
  0
LWPOLYLINE
  5
1320
  100
AcDbEntity
  8
Top-Silkscreen-Layer
  100
AcDbPolyline
  90
3
  70
0
  43
0.15011430022860048
  10
22.778689415412202
  20
-66.61097287005302
  10
24.763779639927282
  20
-66.36723392666725
  10
25.007518331205805
  20
-68.35232418213722
  0
LWPOLYLINE
  5
1321
  100
AcDbEntity
  8
Top-Silkscreen-Layer
  100
AcDbPolyline
  90
2
  70
0
  43
0.15011430022860048
  10
22.778689415412202
  20
-66.61097287005302
  10
24.763779639927282
  20
-66.36723392666725
  0
LWPOLYLINE
  5
1322
  100
AcDbEntity
  8
Top-Silkscreen-Layer
  100
AcDbPolyline
  90
2
  70
0
  43
0.15011430022860048
  10
26.4699517477041
  20
-80.26289063814929
  10
26.226212804318358
  20
-78.27780041363421
  0
LWPOLYLINE
  5
1323
  100
AcDbEntity
  8
Top-Silkscreen-Layer
  100
AcDbPolyline
  90
3
  70
0
  43
0.15011430022860048
  10
24.484861492234145
  20
-80.5066293294278
  10
26.4699517477041
  20
-80.26289063814929
  10
26.226212804318358
  20
-78.27780041363421
  0
LWPOLYLINE
  5
1324
  100
AcDbEntity
  8
Top-Silkscreen-Layer
  100
AcDbPolyline
  90
2
  70
0
  43
0.15011430022860048
  10
24.484861492234145
  20
-80.5066293294278
  10
26.4699517477041
  20
-80.26289063814929
  0
LWPOLYLINE
  5
1325
  100
AcDbEntity
  8
Top-Silkscreen-Layer
  100
AcDbPolyline
  90
3
  70
0
  43
0.15011430022860048
  10
12.853213183915207
  20
-67.82966734316557
  10
10.868122928445253
  20
-68.07340603444408
  10
11.111861871830998
  20
-70.05849625895915
  0
LWPOLYLINE
  5
1326
  100
AcDbEntity
  8
Top-Silkscreen-Layer
  100
AcDbPolyline
  90
4
  70
1
  43
0.15011430022860048
  10
26.41489907883505
  20
-60.4588040923886
  10
44.0624049500295
  20
-58.29196283296256
  10
46.22924620945554
  20
-75.93946870415701
  10
28.58174033826109
  20
-78.10630996358306
  0
LWPOLYLINE
  5
1327
  100
AcDbEntity
  8
Top-Silkscreen-Layer
  100
AcDbPolyline
  90
2
  70
0
  43
0.15011430022860048
  10
29.98359629968178
  20
-74.01495256031544
  10
30.22733498649207
  20
-76.00004486359809
  0
LWPOLYLINE
  5
1328
  100
AcDbEntity
  8
Top-Silkscreen-Layer
  100
AcDbPolyline
  90
2
  70
0
  43
0.15011430022860048
  10
30.22733498649207
  20
-76.00004486359809
  10
32.212427289774716
  20
-75.7563061767878
  0
LWPOLYLINE
  5
1329
  100
AcDbEntity
  8
Top-Silkscreen-Layer
  100
AcDbPolyline
  90
2
  70
0
  43
0.15011430022860048
  10
42.41681030179851
  20
-60.39822793294752
  10
42.66054898860881
  20
-62.38332023623016
  0
LWPOLYLINE
  5
1330
  100
AcDbEntity
  8
Top-Silkscreen-Layer
  100
AcDbPolyline
  90
3
  70
0
  43
0.15011430022860048
  10
40.43171799851587
  20
-60.64196661975782
  10
42.41681030179851
  20
-60.39822793294752
  10
42.66054898860881
  20
-62.38332023623016
  0
LWPOLYLINE
  5
1331
  100
AcDbEntity
  8
Top-Silkscreen-Layer
  100
AcDbPolyline
  90
2
  70
0
  43
0.15011430022860048
  10
40.43171799851587
  20
-60.64196661975782
  10
42.41681030179851
  20
-60.39822793294752
  0
LWPOLYLINE
  5
1332
  100
AcDbEntity
  8
Top-Silkscreen-Layer
  100
AcDbPolyline
  90
2
  70
0
  43
0.15011430022860048
  10
44.12298110947058
  20
-74.29387405592603
  10
43.87924242266028
  20
-72.30878175264338
  0
LWPOLYLINE
  5
1333
  100
AcDbEntity
  8
Top-Silkscreen-Layer
  100
AcDbPolyline
  90
3
  70
0
  43
0.15011430022860048
  10
42.13788880618794
  20
-74.53761274273631
  10
44.12298110947058
  20
-74.29387405592603
  10
43.87924242266028
  20
-72.30878175264338
  0
LWPOLYLINE
  5
1334
  100
AcDbEntity
  8
Top-Silkscreen-Layer
  100
AcDbPolyline
  90
2
  70
0
  43
0.15011430022860048
  10
42.13788880618794
  20
-74.53761274273631
  10
44.12298110947058
  20
-74.29387405592603
  0
LWPOLYLINE
  5
1335
  100
AcDbEntity
  8
Top-Silkscreen-Layer
  100
AcDbPolyline
  90
3
  70
0
  43
0.15011430022860048
  10
30.50625648210265
  20
-61.86066005380928
  10
28.521164178820005
  20
-62.10439874061958
  10
28.7649028656303
  20
-64.08949104390223
  0
LWPOLYLINE
  5
1336
  100
AcDbEntity
  8
Top-Silkscreen-Layer
  100
AcDbPolyline
  90
4
  70
1
  43
0.15011430022860048
  10
24.255894760826415
  20
-42.17076751631544
  10
41.90340063202086
  20
-40.00392625688941
  10
44.0702418914469
  20
-57.651432128083854
  10
26.422736020252454
  20
-59.81827338750989
  0
LWPOLYLINE
  5
1337
  100
AcDbEntity
  8
Top-Silkscreen-Layer
  100
AcDbPolyline
  90
2
  70
0
  43
0.15011430022860048
  10
27.82459198167314
  20
-55.7269159842423
  10
28.068330668483433
  20
-57.71200828752494
  0
LWPOLYLINE
  5
1338
  100
AcDbEntity
  8
Top-Silkscreen-Layer
  100
AcDbPolyline
  90
2
  70
0
  43
0.15011430022860048
  10
28.068330668483433
  20
-57.71200828752494
  10
30.05342297176608
  20
-57.46826960071464
  0
LWPOLYLINE
  5
1339
  100
AcDbEntity
  8
Top-Silkscreen-Layer
  100
AcDbPolyline
  90
2
  70
0
  43
0.15011430022860048
  10
40.25780598378988
  20
-42.11019135687436
  10
40.501544670600175
  20
-44.09528366015701
  0
LWPOLYLINE
  5
1340
  100
AcDbEntity
  8
Top-Silkscreen-Layer
  100
AcDbPolyline
  90
3
  70
0
  43
0.15011430022860048
  10
38.27271368050723
  20
-42.35393004368466
  10
40.25780598378988
  20
-42.11019135687436
  10
40.501544670600175
  20
-44.09528366015701
  0
LWPOLYLINE
  5
1341
  100
AcDbEntity
  8
Top-Silkscreen-Layer
  100
AcDbPolyline
  90
2
  70
0
  43
0.15011430022860048
  10
38.27271368050723
  20
-42.35393004368466
  10
40.25780598378988
  20
-42.11019135687436
  0
LWPOLYLINE
  5
1342
  100
AcDbEntity
  8
Top-Silkscreen-Layer
  100
AcDbPolyline
  90
2
  70
0
  43
0.15011430022860048
  10
41.963976791461945
  20
-56.00583747985287
  10
41.72023810465165
  20
-54.02074517657023
  0
LWPOLYLINE
  5
1343
  100
AcDbEntity
  8
Top-Silkscreen-Layer
  100
AcDbPolyline
  90
3
  70
0
  43
0.15011430022860048
  10
39.9788844881793
  20
-56.24957616666317
  10
41.963976791461945
  20
-56.00583747985287
  10
41.72023810465165
  20
-54.02074517657023
  0
LWPOLYLINE
  5
1344
  100
AcDbEntity
  8
Top-Silkscreen-Layer
  100
AcDbPolyline
  90
2
  70
0
  43
0.15011430022860048
  10
39.9788844881793
  20
-56.24957616666317
  10
41.963976791461945
  20
-56.00583747985287
  0
LWPOLYLINE
  5
1345
  100
AcDbEntity
  8
Top-Silkscreen-Layer
  100
AcDbPolyline
  90
3
  70
0
  43
0.15011430022860048
  10
28.347252164094012
  20
-43.57262347773613
  10
26.362159860811367
  20
-43.816362164546426
  10
26.605898547621667
  20
-45.801454467829075
  0
LWPOLYLINE
  5
1346
  100
AcDbEntity
  8
Top-Silkscreen-Layer
  100
AcDbPolyline
  90
4
  70
1
  43
0.15011430022860048
  10
22.096890442817777
  20
-23.882730940242293
  10
39.74439631401223
  20
-21.715889680816254
  10
41.911237573438264
  20
-39.3633955520107
  10
24.263731702243817
  20
-41.53023681143674
  0
LWPOLYLINE
  5
1347
  100
AcDbEntity
  8
Top-Silkscreen-Layer
  100
AcDbPolyline
  90
2
  70
0
  43
0.15011430022860048
  10
25.665587663664503
  20
-37.438879408169136
  10
25.9093263504748
  20
-39.423971711451784
  0
LWPOLYLINE
  5
1348
  100
AcDbEntity
  8
Top-Silkscreen-Layer
  100
AcDbPolyline
  90
2
  70
0
  43
0.15011430022860048
  10
25.9093263504748
  20
-39.423971711451784
  10
27.894418653757445
  20
-39.18023302464149
  0
LWPOLYLINE
  5
1349
  100
AcDbEntity
  8
Top-Silkscreen-Layer
  100
AcDbPolyline
  90
2
  70
0
  43
0.15011430022860048
  10
38.098801665781245
  20
-23.82215478080121
  10
38.34254035259154
  20
-25.807247084083855
  0
LWPOLYLINE
  5
1350
  100
AcDbEntity
  8
Top-Silkscreen-Layer
  100
AcDbPolyline
  90
3
  70
0
  43
0.15011430022860048
  10
36.1137093624986
  20
-24.065893467611506
  10
38.098801665781245
  20
-23.82215478080121
  10
38.34254035259154
  20
-25.807247084083855
  0
LWPOLYLINE
  5
1351
  100
AcDbEntity
  8
Top-Silkscreen-Layer
  100
AcDbPolyline
  90
2
  70
0
  43
0.15011430022860048
  10
36.1137093624986
  20
-24.065893467611506
  10
38.098801665781245
  20
-23.82215478080121
  0
LWPOLYLINE
  5
1352
  100
AcDbEntity
  8
Top-Silkscreen-Layer
  100
AcDbPolyline
  90
2
  70
0
  43
0.15011430022860048
  10
39.80497247345331
  20
-37.71780090377972
  10
39.56123378664301
  20
-35.73270860049708
  0
LWPOLYLINE
  5
1353
  100
AcDbEntity
  8
Top-Silkscreen-Layer
  100
AcDbPolyline
  90
3
  70
0
  43
0.15011430022860048
  10
37.81988017017066
  20
-37.961539590590014
  10
39.80497247345331
  20
-37.71780090377972
  10
39.56123378664301
  20
-35.73270860049708
  0
LWPOLYLINE
  5
1354
  100
AcDbEntity
  8
Top-Silkscreen-Layer
  100
AcDbPolyline
  90
2
  70
0
  43
0.15011430022860048
  10
37.81988017017066
  20
-37.961539590590014
  10
39.80497247345331
  20
-37.71780090377972
  0
LWPOLYLINE
  5
1355
  100
AcDbEntity
  8
Top-Silkscreen-Layer
  100
AcDbPolyline
  90
3
  70
0
  43
0.15011430022860048
  10
26.18824784608538
  20
-25.28458690166298
  10
24.203155542802733
  20
-25.528325588473272
  10
24.44689422961303
  20
-27.51341789175592
  0
LWPOLYLINE
  5
1356
  100
AcDbEntity
  8
Top-Silkscreen-Layer
  100
AcDbPolyline
  90
4
  70
1
  43
0.15011430022860048
  10
19.810885870808633
  20
-5.594694364169138
  10
37.45839174200308
  20
-3.427853104743097
  10
39.625233001429116
  20
-21.075358975937544
  10
21.977727130234673
  20
-23.242200235363583
  0
LWPOLYLINE
  5
1357
  100
AcDbEntity
  8
Top-Silkscreen-Layer
  100
AcDbPolyline
  90
2
  70
0
  43
0.15011430022860048
  10
23.37958309165536
  20
-19.150842832095986
  10
23.623321778465655
  20
-21.13593513537863
  0
LWPOLYLINE
  5
1358
  100
AcDbEntity
  8
Top-Silkscreen-Layer
  100
AcDbPolyline
  90
2
  70
0
  43
0.15011430022860048
  10
23.623321778465655
  20
-21.13593513537863
  10
25.6084140817483
  20
-20.89219644856833
  0
LWPOLYLINE
  5
1359
  100
AcDbEntity
  8
Top-Silkscreen-Layer
  100
AcDbPolyline
  90
2
  70
0
  43
0.15011430022860048
  10
35.8127970937721
  20
-5.534118204728055
  10
36.056535780582394
  20
-7.5192105080106995
  0
LWPOLYLINE
  5
1360
  100
AcDbEntity
  8
Top-Silkscreen-Layer
  100
AcDbPolyline
  90
3
  70
0
  43
0.15011430022860048
  10
33.827704790489456
  20
-5.77785689153835
  10
35.8127970937721
  20
-5.534118204728055
  10
36.056535780582394
  20
-7.5192105080106995
  0
LWPOLYLINE
  5
1361
  100
AcDbEntity
  8
Top-Silkscreen-Layer
  100
AcDbPolyline
  90
2
  70
0
  43
0.15011430022860048
  10
33.827704790489456
  20
-5.77785689153835
  10
35.8127970937721
  20
-5.534118204728055
  0
LWPOLYLINE
  5
1362
  100
AcDbEntity
  8
Top-Silkscreen-Layer
  100
AcDbPolyline
  90
2
  70
0
  43
0.15011430022860048
  10
37.518967901444164
  20
-19.429764327706565
  10
37.27522921463387
  20
-17.44467202442392
  0
LWPOLYLINE
  5
1363
  100
AcDbEntity
  8
Top-Silkscreen-Layer
  100
AcDbPolyline
  90
3
  70
0
  43
0.15011430022860048
  10
35.53387559816152
  20
-19.673503014516857
  10
37.518967901444164
  20
-19.429764327706565
  10
37.27522921463387
  20
-17.44467202442392
  0
LWPOLYLINE
  5
1364
  100
AcDbEntity
  8
Top-Silkscreen-Layer
  100
AcDbPolyline
  90
2
  70
0
  43
0.15011430022860048
  10
35.53387559816152
  20
-19.673503014516857
  10
37.518967901444164
  20
-19.429764327706565
  0
LWPOLYLINE
  5
1365
  100
AcDbEntity
  8
Top-Silkscreen-Layer
  100
AcDbPolyline
  90
3
  70
0
  43
0.15011430022860048
  10
23.902243274076234
  20
-6.996550325589825
  10
21.91715097079359
  20
-7.24028901240012
  10
22.160889657603885
  20
-9.225381315682766
  0
LWPOLYLINE
  5
1366
  100
AcDbEntity
  8
Top-Silkscreen-Layer
  100
AcDbPolyline
  90
4
  70
1
  43
0.15011430022860048
  10
41.43860341881173
  20
-3.1817970083694527
  10
59.17532770587999
  20
-1.941524424653738
  10
60.4156002895957
  20
-19.67824871172199
  10
42.678876002527446
  20
-20.918521295437706
  0
LWPOLYLINE
  5
1367
  100
AcDbEntity
  8
Top-Silkscreen-Layer
  100
AcDbPolyline
  90
2
  70
0
  43
0.15011430022860048
  10
44.29293587110557
  20
-16.90613842755372
  10
44.43244881859382
  20
-18.901266528073368
  0
LWPOLYLINE
  5
1368
  100
AcDbEntity
  8
Top-Silkscreen-Layer
  100
AcDbPolyline
  90
2
  70
0
  43
0.15011430022860048
  10
44.43244881859382
  20
-18.901266528073368
  10
46.42757691911347
  20
-18.761753580585115
  0
LWPOLYLINE
  5
1369
  100
AcDbEntity
  8
Top-Silkscreen-Layer
  100
AcDbPolyline
  90
2
  70
0
  43
0.15011430022860048
  10
57.421754889813606
  20
-3.9587791920180746
  10
57.561267837301855
  20
-5.953907292537723
  0
LWPOLYLINE
  5
1370
  100
AcDbEntity
  8
Top-Silkscreen-Layer
  100
AcDbPolyline
  90
3
  70
0
  43
0.15011430022860048
  10
55.42662678929396
  20
-4.098292139506325
  10
57.421754889813606
  20
-3.9587791920180746
  10
57.561267837301855
  20
-5.953907292537723
  0
LWPOLYLINE
  5
1371
  100
AcDbEntity
  8
Top-Silkscreen-Layer
  100
AcDbPolyline
  90
2
  70
0
  43
0.15011430022860048
  10
55.42662678929396
  20
-4.098292139506325
  10
57.421754889813606
  20
-3.9587791920180746
  0
LWPOLYLINE
  5
1372
  100
AcDbEntity
  8
Top-Silkscreen-Layer
  100
AcDbPolyline
  90
2
  70
0
  43
0.15011430022860048
  10
58.39834552223136
  20
-17.924675895655614
  10
58.25883257474311
  20
-15.929547795135965
  0
LWPOLYLINE
  5
1373
  100
AcDbEntity
  8
Top-Silkscreen-Layer
  100
AcDbPolyline
  90
3
  70
0
  43
0.15011430022860048
  10
56.40321742171171
  20
-18.064188843143864
  10
58.39834552223136
  20
-17.924675895655614
  10
58.25883257474311
  20
-15.929547795135965
  0
LWPOLYLINE
  5
1374
  100
AcDbEntity
  8
Top-Silkscreen-Layer
  100
AcDbPolyline
  90
2
  70
0
  43
0.15011430022860048
  10
56.40321742171171
  20
-18.064188843143864
  10
58.39834552223136
  20
-17.924675895655614
  0
LWPOLYLINE
  5
1375
  100
AcDbEntity
  8
Top-Silkscreen-Layer
  100
AcDbPolyline
  90
3
  70
0
  43
0.15011430022860048
  10
45.450986286695716
  20
-4.795856876947578
  10
43.45585818617607
  20
-4.935369824435829
  10
43.59537113366432
  20
-6.9304979249554775
  0
LWPOLYLINE
  5
1376
  100
AcDbEntity
  8
Top-Silkscreen-Layer
  100
AcDbPolyline
  90
4
  70
1
  43
0.15011430022860048
  10
42.70860595881681
  20
-21.596833838443114
  10
60.44533024588507
  20
-20.3565612547274
  10
61.68560282960078
  20
-38.09328554179565
  10
43.948878542532526
  20
-39.33355812551137
  0
LWPOLYLINE
  5
1377
  100
AcDbEntity
  8
Top-Silkscreen-Layer
  100
AcDbPolyline
  90
2
  70
0
  43
0.15011430022860048
  10
45.56293841111065
  20
-35.32117525762738
  10
45.7024513585989
  20
-37.31630335814703
  0
LWPOLYLINE
  5
1378
  100
AcDbEntity
  8
Top-Silkscreen-Layer
  100
AcDbPolyline
  90
2
  70
0
  43
0.15011430022860048
  10
45.7024513585989
  20
-37.31630335814703
  10
47.69757945911855
  20
-37.176790410658775
  0
LWPOLYLINE
  5
1379
  100
AcDbEntity
  8
Top-Silkscreen-Layer
  100
AcDbPolyline
  90
2
  70
0
  43
0.15011430022860048
  10
58.691757429818686
  20
-22.373816022091734
  10
58.831270377306936
  20
-24.368944122611385
  0
LWPOLYLINE
  5
1380
  100
AcDbEntity
  8
Top-Silkscreen-Layer
  100
AcDbPolyline
  90
3
  70
0
  43
0.15011430022860048
  10
56.696629329299036
  20
-22.51332896957999
  10
58.691757429818686
  20
-22.373816022091734
  10
58.831270377306936
  20
-24.368944122611385
  0
LWPOLYLINE
  5
1381
  100
AcDbEntity
  8
Top-Silkscreen-Layer
  100
AcDbPolyline
  90
2
  70
0
  43
0.15011430022860048
  10
56.696629329299036
  20
-22.51332896957999
  10
58.691757429818686
  20
-22.373816022091734
  0
LWPOLYLINE
  5
1382
  100
AcDbEntity
  8
Top-Silkscreen-Layer
  100
AcDbPolyline
  90
2
  70
0
  43
0.15011430022860048
  10
59.66834806223644
  20
-36.33971272572928
  10
59.52883511474819
  20
-34.34458462520963
  0
LWPOLYLINE
  5
1383
  100
AcDbEntity
  8
Top-Silkscreen-Layer
  100
AcDbPolyline
  90
3
  70
0
  43
0.15011430022860048
  10
57.67321996171679
  20
-36.47922567321753
  10
59.66834806223644
  20
-36.33971272572928
  10
59.52883511474819
  20
-34.34458462520963
  0
LWPOLYLINE
  5
1384
  100
AcDbEntity
  8
Top-Silkscreen-Layer
  100
AcDbPolyline
  90
2
  70
0
  43
0.15011430022860048
  10
57.67321996171679
  20
-36.47922567321753
  10
59.66834806223644
  20
-36.33971272572928
  0
LWPOLYLINE
  5
1385
  100
AcDbEntity
  8
Top-Silkscreen-Layer
  100
AcDbPolyline
  90
3
  70
0
  43
0.15011430022860048
  10
46.7209888267008
  20
-23.210893707021242
  10
44.72586072618115
  20
-23.35040665450949
  10
44.8653736736694
  20
-25.34553475502914
  0
LWPOLYLINE
  5
1386
  100
AcDbEntity
  8
Top-Silkscreen-Layer
  100
AcDbPolyline
  90
4
  70
1
  43
0.15011430022860048
  10
43.97860849882189
  20
-39.88487041451627
  10
61.71533278589015
  20
-38.644597830800556
  10
62.95560536960586
  20
-56.38132211786881
  10
45.21888108253761
  20
-57.62159470158452
  0
LWPOLYLINE
  5
1387
  100
AcDbEntity
  8
Top-Silkscreen-Layer
  100
AcDbPolyline
  90
2
  70
0
  43
0.15011430022860048
  10
46.83294095111573
  20
-53.609211833700535
  10
46.97245389860398
  20
-55.604339934220185
  0
LWPOLYLINE
  5
1388
  100
AcDbEntity
  8
Top-Silkscreen-Layer
  100
AcDbPolyline
  90
2
  70
0
  43
0.15011430022860048
  10
46.97245389860398
  20
-55.604339934220185
  10
48.96758199912363
  20
-55.464826986731936
  0
LWPOLYLINE
  5
1389
  100
AcDbEntity
  8
Top-Silkscreen-Layer
  100
AcDbPolyline
  90
2
  70
0
  43
0.15011430022860048
  10
59.96175996982377
  20
-40.66185259816489
  10
60.101272917312016
  20
-42.65698069868454
  0
LWPOLYLINE
  5
1390
  100
AcDbEntity
  8
Top-Silkscreen-Layer
  100
AcDbPolyline
  90
3
  70
0
  43
0.15011430022860048
  10
57.966631869304116
  20
-40.80136554565314
  10
59.96175996982377
  20
-40.66185259816489
  10
60.101272917312016
  20
-42.65698069868454
  0
LWPOLYLINE
  5
1391
  100
AcDbEntity
  8
Top-Silkscreen-Layer
  100
AcDbPolyline
  90
2
  70
0
  43
0.15011430022860048
  10
57.966631869304116
  20
-40.80136554565314
  10
59.96175996982377
  20
-40.66185259816489
  0
LWPOLYLINE
  5
1392
  100
AcDbEntity
  8
Top-Silkscreen-Layer
  100
AcDbPolyline
  90
2
  70
0
  43
0.15011430022860048
  10
60.93835060224152
  20
-54.62774930180243
  10
60.79883765475327
  20
-52.63262120128278
  0
LWPOLYLINE
  5
1393
  100
AcDbEntity
  8
Top-Silkscreen-Layer
  100
AcDbPolyline
  90
3
  70
0
  43
0.15011430022860048
  10
58.94322250172187
  20
-54.76726224929068
  10
60.93835060224152
  20
-54.62774930180243
  10
60.79883765475327
  20
-52.63262120128278
  0
LWPOLYLINE
  5
1394
  100
AcDbEntity
  8
Top-Silkscreen-Layer
  100
AcDbPolyline
  90
2
  70
0
  43
0.15011430022860048
  10
58.94322250172187
  20
-54.76726224929068
  10
60.93835060224152
  20
-54.62774930180243
  0
LWPOLYLINE
  5
1395
  100
AcDbEntity
  8
Top-Silkscreen-Layer
  100
AcDbPolyline
  90
3
  70
0
  43
0.15011430022860048
  10
47.99099136670588
  20
-41.498930283094396
  10
45.995863266186234
  20
-41.638443230582645
  10
46.13537621367448
  20
-43.633571331102296
  0
LWPOLYLINE
  5
1396
  100
AcDbEntity
  8
Top-Silkscreen-Layer
  100
AcDbPolyline
  90
4
  70
1
  43
0.15011430022860048
  10
45.24861103882697
  20
-58.172906990589425
  10
62.98533532589523
  20
-56.93263440687371
  10
64.22560790961094
  20
-74.66935869394196
  10
46.48888362254269
  20
-75.90963127765768
  0
LWPOLYLINE
  5
1397
  100
AcDbEntity
  8
Top-Silkscreen-Layer
  100
AcDbPolyline
  90
2
  70
0
  43
0.15011430022860048
  10
48.10294349112081
  20
-71.89724840977368
  10
48.24245643860906
  20
-73.89237651029335
  0
LWPOLYLINE
  5
1398
  100
AcDbEntity
  8
Top-Silkscreen-Layer
  100
AcDbPolyline
  90
2
  70
0
  43
0.15011430022860048
  10
48.24245643860906
  20
-73.89237651029335
  10
50.23758453912871
  20
-73.75286356280509
  0
LWPOLYLINE
  5
1399
  100
AcDbEntity
  8
Top-Silkscreen-Layer
  100
AcDbPolyline
  90
2
  70
0
  43
0.15011430022860048
  10
61.23176250982885
  20
-58.949889174238045
  10
61.3712754573171
  20
-60.945017274757696
  0
LWPOLYLINE
  5
1400
  100
AcDbEntity
  8
Top-Silkscreen-Layer
  100
AcDbPolyline
  90
3
  70
0
  43
0.15011430022860048
  10
59.2366344093092
  20
-59.0894021217263
  10
61.23176250982885
  20
-58.949889174238045
  10
61.3712754573171
  20
-60.945017274757696
  0
LWPOLYLINE
  5
1401
  100
AcDbEntity
  8
Top-Silkscreen-Layer
  100
AcDbPolyline
  90
2
  70
0
  43
0.15011430022860048
  10
59.2366344093092
  20
-59.0894021217263
  10
61.23176250982885
  20
-58.949889174238045
  0
LWPOLYLINE
  5
1402
  100
AcDbEntity
  8
Top-Silkscreen-Layer
  100
AcDbPolyline
  90
2
  70
0
  43
0.15011430022860048
  10
62.2083531422466
  20
-72.91578587787558
  10
62.06884019475835
  20
-70.92065777735594
  0
LWPOLYLINE
  5
1403
  100
AcDbEntity
  8
Top-Silkscreen-Layer
  100
AcDbPolyline
  90
3
  70
0
  43
0.15011430022860048
  10
60.21322504172695
  20
-73.05529882536385
  10
62.2083531422466
  20
-72.91578587787558
  10
62.06884019475835
  20
-70.92065777735594
  0
LWPOLYLINE
  5
1404
  100
AcDbEntity
  8
Top-Silkscreen-Layer
  100
AcDbPolyline
  90
2
  70
0
  43
0.15011430022860048
  10
60.21322504172695
  20
-73.05529882536385
  10
62.2083531422466
  20
-72.91578587787558
  0
LWPOLYLINE
  5
1405
  100
AcDbEntity
  8
Top-Silkscreen-Layer
  100
AcDbPolyline
  90
3
  70
0
  43
0.15011430022860048
  10
49.26099390671096
  20
-59.78696685916755
  10
47.265865806191314
  20
-59.9264798066558
  10
47.405378753679564
  20
-61.92160790717545
  0
LWPOLYLINE
  5
1406
  100
AcDbEntity
  8
Top-Silkscreen-Layer
  100
AcDbPolyline
  90
4
  70
1
  43
0.15011430022860048
  10
63.95728693668889
  20
-56.83078573505695
  10
81.7264913794973
  20
-56.210271442657906
  10
82.34700567189634
  20
-73.97947588546631
  10
64.57780122908794
  20
-74.59999017786535
  0
LWPOLYLINE
  5
1407
  100
AcDbEntity
  8
Top-Silkscreen-Layer
  100
AcDbPolyline
  90
2
  70
0
  43
0.15011430022860048
  10
66.33090799867145
  20
-70.64638142227462
  10
66.40070699207645
  20
-72.64516307631281
  0
LWPOLYLINE
  5
1408
  100
AcDbEntity
  8
Top-Silkscreen-Layer
  100
AcDbPolyline
  90
2
  70
0
  43
0.15011430022860048
  10
66.40070699207645
  20
-72.64516307631281
  10
68.39948864611465
  20
-72.5753640829078
  0
LWPOLYLINE
  5
1409
  100
AcDbEntity
  8
Top-Silkscreen-Layer
  100
AcDbPolyline
  90
2
  70
0
  43
0.15011430022860048
  10
79.90358561650878
  20
-58.16509854421045
  10
79.9733846099138
  20
-60.16388019824864
  0
LWPOLYLINE
  5
1410
  100
AcDbEntity
  8
Top-Silkscreen-Layer
  100
AcDbPolyline
  90
3
  70
0
  43
0.15011430022860048
  10
77.9048039624706
  20
-58.23489753761546
  10
79.90358561650878
  20
-58.16509854421045
  10
79.9733846099138
  20
-60.16388019824864
  0
LWPOLYLINE
  5
1411
  100
AcDbEntity
  8
Top-Silkscreen-Layer
  100
AcDbPolyline
  90
2
  70
0
  43
0.15011430022860048
  10
77.9048039624706
  20
-58.23489753761546
  10
79.90358561650878
  20
-58.16509854421045
  0
LWPOLYLINE
  5
1412
  100
AcDbEntity
  8
Top-Silkscreen-Layer
  100
AcDbPolyline
  90
2
  70
0
  43
0.15011430022860048
  10
80.3921785703438
  20
-72.15657012247779
  10
80.32237957693879
  20
-70.1577884684396
  0
LWPOLYLINE
  5
1413
  100
AcDbEntity
  8
Top-Silkscreen-Layer
  100
AcDbPolyline
  90
3
  70
0
  43
0.15011430022860048
  10
78.3933969163056
  20
-72.2263691158828
  10
80.3921785703438
  20
-72.15657012247779
  10
80.32237957693879
  20
-70.1577884684396
  0
LWPOLYLINE
  5
1414
  100
AcDbEntity
  8
Top-Silkscreen-Layer
  100
AcDbPolyline
  90
2
  70
0
  43
0.15011430022860048
  10
78.3933969163056
  20
-72.2263691158828
  10
80.3921785703438
  20
-72.15657012247779
  0
LWPOLYLINE
  5
1415
  100
AcDbEntity
  8
Top-Silkscreen-Layer
  100
AcDbPolyline
  90
3
  70
0
  43
0.15011430022860048
  10
67.91089569227964
  20
-58.58389250464047
  10
65.91211403824144
  20
-58.65369149804547
  10
65.98191303164644
  20
-60.65247315208366
  0
LWPOLYLINE
  5
1416
  100
AcDbEntity
  8
Top-Silkscreen-Layer
  100
AcDbPolyline
  90
4
  70
1
  43
0.15011430022860048
  10
63.32228566668635
  20
-38.54274915898379
  10
81.09149010949476
  20
-37.922234866584745
  10
81.71200440189381
  20
-55.691439309393154
  10
63.94279995908539
  20
-56.3119536017922
  0
LWPOLYLINE
  5
1417
  100
AcDbEntity
  8
Top-Silkscreen-Layer
  100
AcDbPolyline
  90
2
  70
0
  43
0.15011430022860048
  10
65.6959067286689
  20
-52.35834484620146
  10
65.76570572207392
  20
-54.35712650023965
  0
LWPOLYLINE
  5
1418
  100
AcDbEntity
  8
Top-Silkscreen-Layer
  100
AcDbPolyline
  90
2
  70
0
  43
0.15011430022860048
  10
65.76570572207392
  20
-54.35712650023965
  10
67.7644873761121
  20
-54.28732750683464
  0
LWPOLYLINE
  5
1419
  100
AcDbEntity
  8
Top-Silkscreen-Layer
  100
AcDbPolyline
  90
2
  70
0
  43
0.15011430022860048
  10
79.26858434650624
  20
-39.8770619681373
  10
79.33838333991125
  20
-41.87584362217549
  0
LWPOLYLINE
  5
1420
  100
AcDbEntity
  8
Top-Silkscreen-Layer
  100
AcDbPolyline
  90
3
  70
0
  43
0.15011430022860048
  10
77.26980269246805
  20
-39.9468609615423
  10
79.26858434650624
  20
-39.8770619681373
  10
79.33838333991125
  20
-41.87584362217549
  0
LWPOLYLINE
  5
1421
  100
AcDbEntity
  8
Top-Silkscreen-Layer
  100
AcDbPolyline
  90
2
  70
0
  43
0.15011430022860048
  10
77.26980269246805
  20
-39.9468609615423
  10
79.26858434650624
  20
-39.8770619681373
  0
LWPOLYLINE
  5
1422
  100
AcDbEntity
  8
Top-Silkscreen-Layer
  100
AcDbPolyline
  90
2
  70
0
  43
0.15011430022860048
  10
79.75717730034125
  20
-53.868533546404635
  10
79.68737830693625
  20
-51.869751892366445
  0
LWPOLYLINE
  5
1423
  100
AcDbEntity
  8
Top-Silkscreen-Layer
  100
AcDbPolyline
  90
3
  70
0
  43
0.15011430022860048
  10
77.75839564630306
  20
-53.938332539809636
  10
79.75717730034125
  20
-53.868533546404635
  10
79.68737830693625
  20
-51.869751892366445
  0
LWPOLYLINE
  5
1424
  100
AcDbEntity
  8
Top-Silkscreen-Layer
  100
AcDbPolyline
  90
2
  70
0
  43
0.15011430022860048
  10
77.75839564630306
  20
-53.938332539809636
  10
79.75717730034125
  20
-53.868533546404635
  0
LWPOLYLINE
  5
1425
  100
AcDbEntity
  8
Top-Silkscreen-Layer
  100
AcDbPolyline
  90
3
  70
0
  43
0.15011430022860048
  10
67.27589442227709
  20
-40.295855928567306
  10
65.2771127682389
  20
-40.365654921972315
  10
65.34691176164391
  20
-42.364436576010505
  0
LWPOLYLINE
  5
1426
  100
AcDbEntity
  8
Top-Silkscreen-Layer
  100
AcDbPolyline
  90
4
  70
1
  43
0.15011430022860048
  10
62.687284396683815
  20
-20.127712328910132
  10
80.45648883949222
  20
-19.50719803651108
  10
81.07700313189126
  20
-37.27640247931949
  10
63.30779868908286
  20
-37.89691677171854
  0
LWPOLYLINE
  5
1427
  100
AcDbEntity
  8
Top-Silkscreen-Layer
  100
AcDbPolyline
  90
2
  70
0
  43
0.15011430022860048
  10
65.06090545866637
  20
-33.9433080161278
  10
65.13070445207138
  20
-35.94208967016599
  0
LWPOLYLINE
  5
1428
  100
AcDbEntity
  8
Top-Silkscreen-Layer
  100
AcDbPolyline
  90
2
  70
0
  43
0.15011430022860048
  10
65.13070445207138
  20
-35.94208967016599
  10
67.12948610610957
  20
-35.87229067676098
  0
LWPOLYLINE
  5
1429
  100
AcDbEntity
  8
Top-Silkscreen-Layer
  100
AcDbPolyline
  90
2
  70
0
  43
0.15011430022860048
  10
78.6335830765037
  20
-21.462025138063634
  10
78.70338206990871
  20
-23.460806792101828
  0
LWPOLYLINE
  5
1430
  100
AcDbEntity
  8
Top-Silkscreen-Layer
  100
AcDbPolyline
  90
3
  70
0
  43
0.15011430022860048
  10
76.63480142246551
  20
-21.531824131468635
  10
78.6335830765037
  20
-21.462025138063634
  10
78.70338206990871
  20
-23.460806792101828
  0
LWPOLYLINE
  5
1431
  100
AcDbEntity
  8
Top-Silkscreen-Layer
  100
AcDbPolyline
  90
2
  70
0
  43
0.15011430022860048
  10
76.63480142246551
  20
-21.531824131468635
  10
78.6335830765037
  20
-21.462025138063634
  0
LWPOLYLINE
  5
1432
  100
AcDbEntity
  8
Top-Silkscreen-Layer
  100
AcDbPolyline
  90
2
  70
0
  43
0.15011430022860048
  10
79.12217603033872
  20
-35.453496716330974
  10
79.0523770369337
  20
-33.454715062292784
  0
LWPOLYLINE
  5
1433
  100
AcDbEntity
  8
Top-Silkscreen-Layer
  100
AcDbPolyline
  90
3
  70
0
  43
0.15011430022860048
  10
77.12339437630052
  20
-35.523295709735976
  10
79.12217603033872
  20
-35.453496716330974
  10
79.0523770369337
  20
-33.454715062292784
  0
LWPOLYLINE
  5
1434
  100
AcDbEntity
  8
Top-Silkscreen-Layer
  100
AcDbPolyline
  90
2
  70
0
  43
0.15011430022860048
  10
77.12339437630052
  20
-35.523295709735976
  10
79.12217603033872
  20
-35.453496716330974
  0
LWPOLYLINE
  5
1435
  100
AcDbEntity
  8
Top-Silkscreen-Layer
  100
AcDbPolyline
  90
3
  70
0
  43
0.15011430022860048
  10
66.64089315227456
  20
-21.880819098493646
  10
64.64211149823636
  20
-21.950618091898647
  10
64.71191049164136
  20
-23.94939974593684
  0
LWPOLYLINE
  5
1436
  100
AcDbEntity
  8
Top-Silkscreen-Layer
  100
AcDbPolyline
  90
4
  70
1
  43
0.15011430022860048
  10
62.052283126681274
  20
-1.71267549883647
  10
79.82148756948968
  20
-1.0921612064374193
  10
80.44200186188873
  20
-18.86136564924583
  10
62.67279741908032
  20
-19.48187994164488
  0
LWPOLYLINE
  5
1437
  100
AcDbEntity
  8
Top-Silkscreen-Layer
  100
AcDbPolyline
  90
2
  70
0
  43
0.15011430022860048
  10
64.42590418866384
  20
-15.528271186054134
  10
64.49570318206884
  20
-17.527052840092328
  0
LWPOLYLINE
  5
1438
  100
AcDbEntity
  8
Top-Silkscreen-Layer
  100
AcDbPolyline
  90
2
  70
0
  43
0.15011430022860048
  10
64.49570318206884
  20
-17.527052840092328
  10
66.49448483610702
  20
-17.457253846687326
  0
LWPOLYLINE
  5
1439
  100
AcDbEntity
  8
Top-Silkscreen-Layer
  100
AcDbPolyline
  90
2
  70
0
  43
0.15011430022860048
  10
77.99858180650116
  20
-3.046988307989972
  10
78.06838079990617
  20
-5.045769962028164
  0
LWPOLYLINE
  5
1440
  100
AcDbEntity
  8
Top-Silkscreen-Layer
  100
AcDbPolyline
  90
3
  70
0
  43
0.15011430022860048
  10
75.99980015246297
  20
-3.1167873013949743
  10
77.99858180650116
  20
-3.046988307989972
  10
78.06838079990617
  20
-5.045769962028164
  0
LWPOLYLINE
  5
1441
  100
AcDbEntity
  8
Top-Silkscreen-Layer
  100
AcDbPolyline
  90
2
  70
0
  43
0.15011430022860048
  10
75.99980015246297
  20
-3.1167873013949743
  10
77.99858180650116
  20
-3.046988307989972
  0
LWPOLYLINE
  5
1442
  100
AcDbEntity
  8
Top-Silkscreen-Layer
  100
AcDbPolyline
  90
2
  70
0
  43
0.15011430022860048
  10
78.48717476033619
  20
-17.038459886257314
  10
78.41737576693117
  20
-15.039678232219122
  0
LWPOLYLINE
  5
1443
  100
AcDbEntity
  8
Top-Silkscreen-Layer
  100
AcDbPolyline
  90
3
  70
0
  43
0.15011430022860048
  10
76.48839310629798
  20
-17.108258879662316
  10
78.48717476033619
  20
-17.038459886257314
  10
78.41737576693117
  20
-15.039678232219122
  0
LWPOLYLINE
  5
1444
  100
AcDbEntity
  8
Top-Silkscreen-Layer
  100
AcDbPolyline
  90
2
  70
0
  43
0.15011430022860048
  10
76.48839310629798
  20
-17.108258879662316
  10
78.48717476033619
  20
-17.038459886257314
  0
LWPOLYLINE
  5
1445
  100
AcDbEntity
  8
Top-Silkscreen-Layer
  100
AcDbPolyline
  90
3
  70
0
  43
0.15011430022860048
  10
66.00589188227201
  20
-3.465782268419984
  10
64.00711022823383
  20
-3.535581261824986
  10
64.07690922163883
  20
-5.534362915863178
  0
LWPOLYLINE
  5
1446
  100
AcDbEntity
  8
Top-Silkscreen-Layer
  100
AcDbPolyline
  90
8
  70
1
  43
0.25400050800101603
  10
94.61518923037848
  20
-95.3771907543815
  10
33.65506731013462
  20
-95.37719075438149
  10
33.65506731013462
  20
-113.15722631445261
  10
94.61518923037848
  20
-113.15722631445263
  10
94.61518923037848
  20
-108.0772161544323
  10
95.88519177038356
  20
-108.0772161544323
  10
95.88519177038356
  20
-100.45720091440182
  10
94.61518923037848
  20
-100.45720091440182
  0
LWPOLYLINE
  5
1447
  100
AcDbEntity
  8
Top-Silkscreen-Layer
  100
AcDbPolyline
  90
5
  70
1
  43
0.25400050800101603
  10
34.9250698501397
  20
-99.18719837439673
  10
34.9250698501397
  20
-109.34721869443737
  10
45.08509017018034
  20
-109.34721869443739
  10
45.08509017018034
  20
-101.7272034544069
  10
42.545085090170176
  20
-99.18719837439674
  0
LWPOLYLINE
  5
1448
  100
AcDbEntity
  8
Top-Silkscreen-Layer
  100
AcDbPolyline
  90
4
  70
1
  43
0.25400050800101603
  10
69.21513843027687
  20
-97.91719583439166
  10
56.51511303022606
  20
-97.91719583439168
  10
56.51511303022606
  20
-110.61722123444248
  10
69.21513843027687
  20
-110.61722123444247
  0
LWPOLYLINE
  5
1449
  100
AcDbEntity
  8
Top-Silkscreen-Layer
  100
AcDbPolyline
  90
4
  70
1
  43
0.25400050800101603
  10
53.0251460502921
  20
-101.76708153416308
  10
53.0251460502921
  20
-106.88722377444755
  10
49.82524765049529
  20
-106.88722377444755
  10
49.82524765049529
  20
-101.76708153416308
  0
LWPOLYLINE
  5
1450
  100
AcDbEntity
  8
Top-Silkscreen-Layer
  100
AcDbPolyline
  90
4
  70
1
  43
0.25400050800101603
  10
95.88519177038356
  20
-100.45720091440182
  10
95.88519177038356
  20
-100.52730505461011
  10
89.53517907035815
  20
-100.52730505461012
  10
89.53517907035815
  20
-100.45720091440184
  0
LWPOLYLINE
  5
1451
  100
AcDbEntity
  8
Top-Silkscreen-Layer
  100
AcDbPolyline
  90
4
  70
1
  43
0.25400050800101603
  10
95.88519177038356
  20
-108.0772161544323
  10
95.88519177038356
  20
-108.1473202946406
  10
89.53517907035815
  20
-108.14732029464061
  10
89.53517907035815
  20
-108.07721615443232
  0
LWPOLYLINE
  5
1452
  100
AcDbEntity
  8
Top-Silkscreen-Layer
  100
AcDbPolyline
  90
4
  70
1
  43
0.25400050800101603
  10
89.53517907035815
  20
-100.45720091440184
  10
89.53517907035815
  20
-108.15722631445264
  10
89.46507493014987
  20
-108.15722631445264
  10
89.46507493014987
  20
-100.45720091440184
  0
LWPOLYLINE
  5
1453
  100
AcDbEntity
  8
Top-Silkscreen-Layer
  100
AcDbPolyline
  90
14
  70
0
  43
0.25400050800101603
  10
102.89220218440438
  20
-105.3231902463805
  10
102.89220218440438
  20
-102.3231902463805
  10
103.19220218440438
  20
-102.3231902463805
  10
103.19220218440438
  20
-101.47317754635512
  10
98.39220218440438
  20
-101.47317754635512
  10
98.39220218440438
  20
-103.4732029464059
  10
98.39220218440438
  20
-105.4732029464059
  10
98.39220218440438
  20
-107.4732029464059
  10
98.39220218440438
  20
-109.4732029464059
  10
98.39220218440438
  20
-114.17322834645671
  10
103.19220218440438
  20
-114.17322834645671
  10
103.19220218440438
  20
-113.32321564643131
  10
102.89220218440438
  20
-113.32321564643131
  10
102.89220218440438
  20
-110.3232156464313
  0
LWPOLYLINE
  5
1454
  100
AcDbEntity
  8
Top-Silkscreen-Layer
  100
AcDbPolyline
  90
2
  70
0
  43
0.25400050800101603
  10
102.89220218440438
  20
-108.32321564643131
  10
102.89220218440438
  20
-111.32321564643131
  0
LWPOLYLINE
  5
1455
  100
AcDbEntity
  8
Top-Silkscreen-Layer
  100
AcDbPolyline
  90
2
  70
0
  43
0.25400050800101603
  10
102.89220218440438
  20
-106.3231902463805
  10
102.89220218440438
  20
-109.32321564643131
  0
LWPOLYLINE
  5
1456
  100
AcDbEntity
  8
Top-Silkscreen-Layer
  100
AcDbPolyline
  90
2
  70
0
  43
0.25400050800101603
  10
98.39220218440438
  20
-103.4732029464059
  10
98.39220218440438
  20
-105.4732029464059
  0
LWPOLYLINE
  5
1457
  100
AcDbEntity
  8
Top-Silkscreen-Layer
  100
AcDbPolyline
  90
2
  70
0
  43
0.25400050800101603
  10
102.89220218440438
  20
-104.3231902463805
  10
102.89220218440438
  20
-107.3231902463805
  0
TEXT
  5
2801
  100
AcDbEntity
  8
Top-Silkscreen-Layer
  7
default
  461
0.56
  100
AcDbText
  10
45.46609093218187
  20
-110.23622047244096
  11
45.46609093218187
  21
-110.23622047244096
  40
0.5600000000000037
  1
Vb
  50
0
  71
1
  72
0
  41
1.1
  100
AcDbText
  73
1
  0
TEXT
  5
2802
  100
AcDbEntity
  8
Top-Silkscreen-Layer
  7
default
  461
0.56
  100
AcDbText
  10
46.10109220218441
  20
-102.36220472440947
  11
46.10109220218441
  21
-102.36220472440947
  40
0.5600000000000037
  1
R
  50
0
  71
1
  72
0
  41
1.1
  100
AcDbText
  73
1
  0
TEXT
  5
2803
  100
AcDbEntity
  8
Top-Silkscreen-Layer
  7
default
  461
0.56
  100
AcDbText
  10
46.10109220218441
  20
-99.94919989839981
  11
46.10109220218441
  21
-99.94919989839981
  40
0.5600000000000037
  1
P
  50
0
  71
1
  72
0
  41
1.1
  100
AcDbText
  73
1
  0
TEXT
  5
2804
  100
AcDbEntity
  8
Top-Silkscreen-Layer
  7
default
  461
0.56
  100
AcDbText
  10
45.46609093218187
  20
-107.95021590043181
  11
45.46609093218187
  21
-107.95021590043181
  40
0.5600000000000037
  1
3V
  50
0
  71
1
  72
0
  41
1.1
  100
AcDbText
  73
1
  0
TEXT
  5
2805
  100
AcDbEntity
  8
Top-Silkscreen-Layer
  7
default
  461
0.56
  100
AcDbText
  10
45.339090678181364
  20
-105.79121158242317
  11
45.339090678181364
  21
-105.79121158242317
  40
0.5600000000000037
  1
GND
  50
0
  71
1
  72
0
  41
1.1
  100
AcDbText
  73
1
  0
TEXT
  5
2806
  100
AcDbEntity
  8
Top-Silkscreen-Layer
  7
default
  461
0.56
  100
AcDbText
  10
77.85115570231142
  20
-102.36220472440947
  11
77.85115570231142
  21
-102.36220472440947
  40
0.5600000000000037
  1
USB Host Port
  50
0
  71
1
  72
0
  41
1.1
  100
AcDbText
  73
1
  0
TEXT
  5
2807
  100
AcDbEntity
  8
Top-Silkscreen-Layer
  7
default
  461
0.56
  100
AcDbText
  10
86.36017272034545
  20
-101.3462026924054
  11
86.36017272034545
  21
-101.3462026924054
  40
0.5600000000000037
  1
5V
  50
0
  71
1
  72
0
  41
1.1
  100
AcDbText
  73
1
  0
TEXT
  5
2808
  100
AcDbEntity
  8
Top-Silkscreen-Layer
  7
default
  461
0.56
  100
AcDbText
  10
83.82016764033528
  20
-101.3462026924054
  11
83.82016764033528
  21
-101.3462026924054
  40
0.5600000000000037
  1
DM
  50
0
  71
1
  72
0
  41
1.1
  100
AcDbText
  73
1
  0
TEXT
  5
2809
  100
AcDbEntity
  8
Top-Silkscreen-Layer
  7
default
  461
0.56
  100
AcDbText
  10
81.28016256032512
  20
-101.3462026924054
  11
81.28016256032512
  21
-101.3462026924054
  40
0.5600000000000037
  1
DP
  50
0
  71
1
  72
0
  41
1.1
  100
AcDbText
  73
1
  0
TEXT
  5
2810
  100
AcDbEntity
  8
Top-Silkscreen-Layer
  7
default
  461
0.56
  100
AcDbText
  10
78.35915671831344
  20
-101.3462026924054
  11
78.35915671831344
  21
-101.3462026924054
  40
0.5600000000000037
  1
GND
  50
0
  71
1
  72
0
  41
1.1
  100
AcDbText
  73
1
  0
TEXT
  5
2811
  100
AcDbEntity
  8
Top-Silkscreen-Layer
  7
default
  461
0.56
  100
AcDbText
  10
75.81915163830328
  20
-101.3462026924054
  11
75.81915163830328
  21
-101.3462026924054
  40
0.5600000000000037
  1
GND
  50
0
  71
1
  72
0
  41
1.1
  100
AcDbText
  73
1
  0
TEXT
  5
2812
  100
AcDbEntity
  8
Top-Silkscreen-Layer
  7
default
  461
0.56
  100
AcDbText
  10
55.75311150622302
  20
-110.8712217424435
  11
55.75311150622302
  21
-110.8712217424435
  40
0.5599999999999987
  1
DAC2
  50
90
  71
1
  72
0
  41
1.1
  100
AcDbText
  73
1
  0
TEXT
  5
2813
  100
AcDbEntity
  8
Top-Silkscreen-Layer
  7
default
  461
0.56
  100
AcDbText
  10
53.086106172212354
  20
-110.74422148844299
  11
53.086106172212354
  21
-110.74422148844299
  40
0.5599999999999987
  1
DAC1
  50
90
  71
1
  72
0
  41
1.1
  100
AcDbText
  73
1
  0
TEXT
  5
2814
  100
AcDbEntity
  8
Top-Silkscreen-Layer
  7
default
  461
0.56
  100
AcDbText
  10
79.88315976631954
  20
-108.20421640843283
  11
79.88315976631954
  21
-108.20421640843283
  40
0.5600000000000037
  1
A11
  50
0
  71
1
  72
0
  41
1.1
  100
AcDbText
  73
1
  0
TEXT
  5
2815
  100
AcDbEntity
  8
Top-Silkscreen-Layer
  7
default
  461
0.56
  100
AcDbText
  10
82.16916433832868
  20
-108.20421640843283
  11
82.16916433832868
  21
-108.20421640843283
  40
0.5600000000000037
  1
A10
  50
0
  71
1
  72
0
  41
1.1
  100
AcDbText
  73
1
  0
TEXT
  5
2816
  100
AcDbEntity
  8
Top-Silkscreen-Layer
  7
default
  461
0.56
  100
AcDbText
  10
84.45516891033783
  20
-108.20421640843283
  11
84.45516891033783
  21
-108.20421640843283
  40
0.5600000000000037
  1
AREF
  50
0
  71
1
  72
0
  41
1.1
  100
AcDbText
  73
1
  0
TEXT
  5
2817
  100
AcDbEntity
  8
Top-Silkscreen-Layer
  7
default
  461
0.56
  100
AcDbText
  10
87.37617475234951
  20
-107.5692151384303
  11
87.37617475234951
  21
-107.5692151384303
  40
0.5600000000000013
  1
VUSB
  50
320
  71
1
  72
0
  41
1.1
  100
AcDbText
  73
1
  0
TEXT
  5
2818
  100
AcDbEntity
  8
Top-Silkscreen-Layer
  7
default
  461
0.56
  100
AcDbText
  10
87.75717551435103
  20
-109.72821945643892
  11
87.75717551435103
  21
-109.72821945643892
  40
0.5600000000000013
  1
AGND
  50
320
  71
1
  72
0
  41
1.1
  100
AcDbText
  73
1
  0
TEXT
  5
2819
  100
AcDbEntity
  8
Top-Silkscreen-Layer
  7
default
  461
0.56
  100
AcDbText
  10
92.83718567437136
  20
-114.30022860045722
  11
92.83718567437136
  21
-114.30022860045722
  40
0.5600000000000037
  1
VIN
  50
0
  71
1
  72
0
  41
1.1
  100
AcDbText
  73
1
  0
TEXT
  5
2820
  100
AcDbEntity
  8
Top-Silkscreen-Layer
  7
default
  461
0.56
  100
AcDbText
  10
87.249174498349
  20
-114.30022860045722
  11
87.249174498349
  21
-114.30022860045722
  40
0.5600000000000037
  1
3.3V
  50
0
  71
1
  72
0
  41
1.1
  100
AcDbText
  73
1
  0
TEXT
  5
2821
  100
AcDbEntity
  8
Top-Silkscreen-Layer
  7
default
  461
0.56
  100
AcDbText
  10
56.896113792227595
  20
-94.99618999238
  11
56.896113792227595
  21
-94.99618999238
  40
0.5600000000000037
  1
3.3V
  50
0
  71
1
  72
0
  41
1.1
  100
AcDbText
  73
1
  0
TEXT
  5
2822
  100
AcDbEntity
  8
Top-Silkscreen-Layer
  7
default
  461
0.56
  100
AcDbText
  10
56.76911353822708
  20
-114.30022860045722
  11
56.76911353822708
  21
-114.30022860045722
  40
0.5600000000000037
  1
GND
  50
0
  71
1
  72
0
  41
1.1
  100
AcDbText
  73
1
  0
TEXT
  5
2823
  100
AcDbEntity
  8
Top-Silkscreen-Layer
  7
default
  461
0.56
  100
AcDbText
  10
49.530099060198125
  20
-114.30022860045722
  11
49.530099060198125
  21
-114.30022860045722
  40
0.5600000000000037
  1
39
  50
0
  71
1
  72
0
  41
1.1
  100
AcDbText
  73
1
  0
TEXT
  5
2824
  100
AcDbEntity
  8
Top-Silkscreen-Layer
  7
default
  461
0.56
  100
AcDbText
  10
46.990093980187964
  20
-114.30022860045722
  11
46.990093980187964
  21
-114.30022860045722
  40
0.5600000000000037
  1
38
  50
0
  71
1
  72
0
  41
1.1
  100
AcDbText
  73
1
  0
TEXT
  5
2825
  100
AcDbEntity
  8
Top-Silkscreen-Layer
  7
default
  461
0.56
  100
AcDbText
  10
44.4500889001778
  20
-114.30022860045722
  11
44.4500889001778
  21
-114.30022860045722
  40
0.5600000000000037
  1
37
  50
0
  71
1
  72
0
  41
1.1
  100
AcDbText
  73
1
  0
TEXT
  5
2826
  100
AcDbEntity
  8
Top-Silkscreen-Layer
  7
default
  461
0.56
  100
AcDbText
  10
42.037084074168156
  20
-114.30022860045722
  11
42.037084074168156
  21
-114.30022860045722
  40
0.5600000000000037
  1
36
  50
0
  71
1
  72
0
  41
1.1
  100
AcDbText
  73
1
  0
TEXT
  5
2827
  100
AcDbEntity
  8
Top-Silkscreen-Layer
  7
default
  461
0.56
  100
AcDbText
  10
39.37007874015749
  20
-114.30022860045722
  11
39.37007874015749
  21
-114.30022860045722
  40
0.5600000000000037
  1
35
  50
0
  71
1
  72
0
  41
1.1
  100
AcDbText
  73
1
  0
TEXT
  5
2828
  100
AcDbEntity
  8
Top-Silkscreen-Layer
  7
default
  461
0.56
  100
AcDbText
  10
36.703073406146814
  20
-114.30022860045722
  11
36.703073406146814
  21
-114.30022860045722
  40
0.5600000000000037
  1
34
  50
0
  71
1
  72
0
  41
1.1
  100
AcDbText
  73
1
  0
TEXT
  5
2829
  100
AcDbEntity
  8
Top-Silkscreen-Layer
  7
default
  461
0.56
  100
AcDbText
  10
34.16306832613666
  20
-114.30022860045722
  11
34.16306832613666
  21
-114.30022860045722
  40
0.5600000000000037
  1
33
  50
0
  71
1
  72
0
  41
1.1
  100
AcDbText
  73
1
  0
TEXT
  5
2830
  100
AcDbEntity
  8
Top-Silkscreen-Layer
  7
default
  461
0.56
  100
AcDbText
  10
34.29006858013717
  20
-94.99618999238
  11
34.29006858013717
  21
-94.99618999238
  40
0.5600000000000037
  1
32
  50
0
  71
1
  72
0
  41
1.1
  100
AcDbText
  73
1
  0
TEXT
  5
2831
  100
AcDbEntity
  8
Top-Silkscreen-Layer
  7
default
  461
0.56
  100
AcDbText
  10
36.957073914147834
  20
-94.99618999238
  11
36.957073914147834
  21
-94.99618999238
  40
0.5600000000000037
  1
31
  50
0
  71
1
  72
0
  41
1.1
  100
AcDbText
  73
1
  0
TEXT
  5
2832
  100
AcDbEntity
  8
Top-Silkscreen-Layer
  7
default
  461
0.56
  100
AcDbText
  10
39.37007874015749
  20
-94.99618999238
  11
39.37007874015749
  21
-94.99618999238
  40
0.5600000000000037
  1
30
  50
0
  71
1
  72
0
  41
1.1
  100
AcDbText
  73
1
  0
TEXT
  5
2833
  100
AcDbEntity
  8
Top-Silkscreen-Layer
  7
default
  461
0.56
  100
AcDbText
  10
42.037084074168156
  20
-94.99618999238
  11
42.037084074168156
  21
-94.99618999238
  40
0.5600000000000037
  1
29
  50
0
  71
1
  72
0
  41
1.1
  100
AcDbText
  73
1
  0
TEXT
  5
2834
  100
AcDbEntity
  8
Top-Silkscreen-Layer
  7
default
  461
0.56
  100
AcDbText
  10
44.57708915417832
  20
-94.99618999238
  11
44.57708915417832
  21
-94.99618999238
  40
0.5600000000000037
  1
28
  50
0
  71
1
  72
0
  41
1.1
  100
AcDbText
  73
1
  0
TEXT
  5
2835
  100
AcDbEntity
  8
Top-Silkscreen-Layer
  7
default
  461
0.56
  100
AcDbText
  10
46.990093980187964
  20
-94.99618999238
  11
46.990093980187964
  21
-94.99618999238
  40
0.5600000000000037
  1
27
  50
0
  71
1
  72
0
  41
1.1
  100
AcDbText
  73
1
  0
TEXT
  5
2836
  100
AcDbEntity
  8
Top-Silkscreen-Layer
  7
default
  461
0.56
  100
AcDbText
  10
49.65709931419863
  20
-94.99618999238
  11
49.65709931419863
  21
-94.99618999238
  40
0.5600000000000037
  1
26
  50
0
  71
1
  72
0
  41
1.1
  100
AcDbText
  73
1
  0
TEXT
  5
2837
  100
AcDbEntity
  8
Top-Silkscreen-Layer
  7
default
  461
0.56
  100
AcDbText
  10
52.19710439420879
  20
-94.99618999238
  11
52.19710439420879
  21
-94.99618999238
  40
0.5600000000000037
  1
25
  50
0
  71
1
  72
0
  41
1.1
  100
AcDbText
  73
1
  0
TEXT
  5
2838
  100
AcDbEntity
  8
Top-Silkscreen-Layer
  7
default
  461
0.56
  100
AcDbText
  10
54.737109474218954
  20
-94.99618999238
  11
54.737109474218954
  21
-94.99618999238
  40
0.5600000000000037
  1
24
  50
0
  71
1
  72
0
  41
1.1
  100
AcDbText
  73
1
  0
TEXT
  5
2839
  100
AcDbEntity
  8
Top-Silkscreen-Layer
  7
default
  461
0.56
  100
AcDbText
  10
85.09017018034037
  20
-114.30022860045722
  11
85.09017018034037
  21
-114.30022860045722
  40
0.5600000000000037
  1
23
  50
0
  71
1
  72
0
  41
1.1
  100
AcDbText
  73
1
  0
TEXT
  5
2840
  100
AcDbEntity
  8
Top-Silkscreen-Layer
  7
default
  461
0.56
  100
AcDbText
  10
82.5501651003302
  20
-114.30022860045722
  11
82.5501651003302
  21
-114.30022860045722
  40
0.5600000000000037
  1
22
  50
0
  71
1
  72
0
  41
1.1
  100
AcDbText
  73
1
  0
TEXT
  5
2841
  100
AcDbEntity
  8
Top-Silkscreen-Layer
  7
default
  461
0.56
  100
AcDbText
  10
80.26416052832107
  20
-114.30022860045722
  11
80.26416052832107
  21
-114.30022860045722
  40
0.5600000000000037
  1
21
  50
0
  71
1
  72
0
  41
1.1
  100
AcDbText
  73
1
  0
TEXT
  5
2842
  100
AcDbEntity
  8
Top-Silkscreen-Layer
  7
default
  461
0.56
  100
AcDbText
  10
77.5971551943104
  20
-114.30022860045722
  11
77.5971551943104
  21
-114.30022860045722
  40
0.5600000000000037
  1
20
  50
0
  71
1
  72
0
  41
1.1
  100
AcDbText
  73
1
  0
TEXT
  5
2843
  100
AcDbEntity
  8
Top-Silkscreen-Layer
  7
default
  461
0.56
  100
AcDbText
  10
75.05715011430024
  20
-114.30022860045722
  11
75.05715011430024
  21
-114.30022860045722
  40
0.5600000000000037
  1
19
  50
0
  71
1
  72
0
  41
1.1
  100
AcDbText
  73
1
  0
TEXT
  5
2844
  100
AcDbEntity
  8
Top-Silkscreen-Layer
  7
default
  461
0.56
  100
AcDbText
  10
72.51714503429008
  20
-114.30022860045722
  11
72.51714503429008
  21
-114.30022860045722
  40
0.5600000000000037
  1
18
  50
0
  71
1
  72
0
  41
1.1
  100
AcDbText
  73
1
  0
TEXT
  5
2845
  100
AcDbEntity
  8
Top-Silkscreen-Layer
  7
default
  461
0.56
  100
AcDbText
  10
69.97713995427992
  20
-114.30022860045722
  11
69.97713995427992
  21
-114.30022860045722
  40
0.5600000000000037
  1
17
  50
0
  71
1
  72
0
  41
1.1
  100
AcDbText
  73
1
  0
TEXT
  5
2846
  100
AcDbEntity
  8
Top-Silkscreen-Layer
  7
default
  461
0.56
  100
AcDbText
  10
67.56413512827027
  20
-114.30022860045722
  11
67.56413512827027
  21
-114.30022860045722
  40
0.5600000000000037
  1
16
  50
0
  71
1
  72
0
  41
1.1
  100
AcDbText
  73
1
  0
TEXT
  5
2847
  100
AcDbEntity
  8
Top-Silkscreen-Layer
  7
default
  461
0.56
  100
AcDbText
  10
64.8971297942596
  20
-114.30022860045722
  11
64.8971297942596
  21
-114.30022860045722
  40
0.5600000000000037
  1
15
  50
0
  71
1
  72
0
  41
1.1
  100
AcDbText
  73
1
  0
TEXT
  5
2848
  100
AcDbEntity
  8
Top-Silkscreen-Layer
  7
default
  461
0.56
  100
AcDbText
  10
62.35712471424944
  20
-114.30022860045722
  11
62.35712471424944
  21
-114.30022860045722
  40
0.5600000000000037
  1
14
  50
0
  71
1
  72
0
  41
1.1
  100
AcDbText
  73
1
  0
TEXT
  5
2849
  100
AcDbEntity
  8
Top-Silkscreen-Layer
  7
default
  461
0.56
  100
AcDbText
  10
59.817119634239276
  20
-114.30022860045722
  11
59.817119634239276
  21
-114.30022860045722
  40
0.5600000000000037
  1
13
  50
0
  71
1
  72
0
  41
1.1
  100
AcDbText
  73
1
  0
TEXT
  5
2850
  100
AcDbEntity
  8
Top-Silkscreen-Layer
  7
default
  461
0.56
  100
AcDbText
  10
59.94411988823978
  20
-94.99618999238
  11
59.94411988823978
  21
-94.99618999238
  40
0.5600000000000037
  1
12
  50
0
  71
1
  72
0
  41
1.1
  100
AcDbText
  73
1
  0
TEXT
  5
2851
  100
AcDbEntity
  8
Top-Silkscreen-Layer
  7
default
  461
0.56
  100
AcDbText
  10
62.484124968249944
  20
-94.99618999238
  11
62.484124968249944
  21
-94.99618999238
  40
0.5600000000000037
  1
11
  50
0
  71
1
  72
0
  41
1.1
  100
AcDbText
  73
1
  0
TEXT
  5
2852
  100
AcDbEntity
  8
Top-Silkscreen-Layer
  7
default
  461
0.56
  100
AcDbText
  10
65.0241300482601
  20
-94.99618999238
  11
65.0241300482601
  21
-94.99618999238
  40
0.5600000000000037
  1
10
  50
0
  71
1
  72
0
  41
1.1
  100
AcDbText
  73
1
  0
TEXT
  5
2853
  100
AcDbEntity
  8
Top-Silkscreen-Layer
  7
default
  461
0.56
  100
AcDbText
  10
67.81813563627128
  20
-94.99618999238
  11
67.81813563627128
  21
-94.99618999238
  40
0.5600000000000037
  1
9
  50
0
  71
1
  72
0
  41
1.1
  100
AcDbText
  73
1
  0
TEXT
  5
2854
  100
AcDbEntity
  8
Top-Silkscreen-Layer
  7
default
  461
0.56
  100
AcDbText
  10
70.35814071628144
  20
-94.99618999238
  11
70.35814071628144
  21
-94.99618999238
  40
0.5600000000000037
  1
8
  50
0
  71
1
  72
0
  41
1.1
  100
AcDbText
  73
1
  0
TEXT
  5
2855
  100
AcDbEntity
  8
Top-Silkscreen-Layer
  7
default
  461
0.56
  100
AcDbText
  10
72.8981457962916
  20
-94.99618999238
  11
72.8981457962916
  21
-94.99618999238
  40
0.5600000000000037
  1
7
  50
0
  71
1
  72
0
  41
1.1
  100
AcDbText
  73
1
  0
TEXT
  5
2856
  100
AcDbEntity
  8
Top-Silkscreen-Layer
  7
default
  461
0.56
  100
AcDbText
  10
75.31115062230126
  20
-94.99618999238
  11
75.31115062230126
  21
-94.99618999238
  40
0.5600000000000037
  1
6
  50
0
  71
1
  72
0
  41
1.1
  100
AcDbText
  73
1
  0
TEXT
  5
2857
  100
AcDbEntity
  8
Top-Silkscreen-Layer
  7
default
  461
0.56
  100
AcDbText
  10
77.85115570231142
  20
-94.99618999238
  11
77.85115570231142
  21
-94.99618999238
  40
0.5600000000000037
  1
5
  50
0
  71
1
  72
0
  41
1.1
  100
AcDbText
  73
1
  0
TEXT
  5
2858
  100
AcDbEntity
  8
Top-Silkscreen-Layer
  7
default
  461
0.56
  100
AcDbText
  10
80.39116078232158
  20
-94.99618999238
  11
80.39116078232158
  21
-94.99618999238
  40
0.5600000000000037
  1
4
  50
0
  71
1
  72
0
  41
1.1
  100
AcDbText
  73
1
  0
TEXT
  5
2859
  100
AcDbEntity
  8
Top-Silkscreen-Layer
  7
default
  461
0.56
  100
AcDbText
  10
82.93116586233174
  20
-94.99618999238
  11
82.93116586233174
  21
-94.99618999238
  40
0.5600000000000037
  1
3
  50
0
  71
1
  72
0
  41
1.1
  100
AcDbText
  73
1
  0
TEXT
  5
2860
  100
AcDbEntity
  8
Top-Silkscreen-Layer
  7
default
  461
0.56
  100
AcDbText
  10
85.5981711963424
  20
-94.99618999238
  11
85.5981711963424
  21
-94.99618999238
  40
0.5600000000000037
  1
2
  50
0
  71
1
  72
0
  41
1.1
  100
AcDbText
  73
1
  0
TEXT
  5
2861
  100
AcDbEntity
  8
Top-Silkscreen-Layer
  7
default
  461
0.56
  100
AcDbText
  10
88.26517653035307
  20
-94.99618999238
  11
88.26517653035307
  21
-94.99618999238
  40
0.5600000000000037
  1
1
  50
0
  71
1
  72
0
  41
1.1
  100
AcDbText
  73
1
  0
TEXT
  5
2862
  100
AcDbEntity
  8
Top-Silkscreen-Layer
  7
default
  461
0.56
  100
AcDbText
  10
90.55118110236222
  20
-94.99618999238
  11
90.55118110236222
  21
-94.99618999238
  40
0.5600000000000037
  1
0
  50
0
  71
1
  72
0
  41
1.1
  100
AcDbText
  73
1
  0
TEXT
  5
2863
  100
AcDbEntity
  8
Top-Silkscreen-Layer
  7
default
  461
0.56
  100
AcDbText
  10
92.58318516637034
  20
-94.99618999238
  11
92.58318516637034
  21
-94.99618999238
  40
0.5600000000000037
  1
GND
  50
0
  71
1
  72
0
  41
1.1
  100
AcDbText
  73
1
  0
TEXT
  5
2864
  100
AcDbEntity
  8
Top-Silkscreen-Layer
  7
default
  461
0.5334010668021336
  100
AcDbText
  10
103.37820675641352
  20
-72.64414528829059
  11
103.37820675641352
  21
-72.64414528829059
  40
0.5334010668021336
  1
GND
  50
0
  71
1
  72
0
  41
1.1
  100
AcDbText
  73
1
  0
TEXT
  5
2865
  100
AcDbEntity
  8
Top-Silkscreen-Layer
  7
default
  461
0.5334010668021336
  100
AcDbText
  10
103.37820675641352
  20
-84.45516891033783
  11
103.37820675641352
  21
-84.45516891033783
  40
0.5334010668021336
  1
GND
  50
0
  71
1
  72
0
  41
1.1
  100
AcDbText
  73
1
  0
TEXT
  5
2866
  100
AcDbEntity
  8
Top-Silkscreen-Layer
  7
default
  461
0.5334010668021336
  100
AcDbText
  10
82.16916433832868
  20
-82.29616459232919
  11
82.16916433832868
  21
-82.29616459232919
  40
0.5334010668021336
  1
3V3
  50
0
  71
1
  72
0
  41
1.1
  100
AcDbText
  73
1
  0
TEXT
  5
2867
  100
AcDbEntity
  8
Top-Silkscreen-Layer
  7
default
  461
0.56
  100
AcDbText
  10
100.07620015240032
  20
-101.21920243840489
  11
100.07620015240032
  21
-101.21920243840489
  40
0.5600000000000037
  1
GND
  50
0
  71
1
  72
0
  41
1.1
  100
AcDbText
  73
1
  0
TEXT
  5
2868
  100
AcDbEntity
  8
Top-Silkscreen-Layer
  7
default
  461
0.56
  100
AcDbText
  10
98.67919735839473
  20
-105.28321056642115
  11
98.67919735839473
  21
-105.28321056642115
  40
0.5600000000000037
  1
3V
  50
0
  71
1
  72
0
  41
1.1
  100
AcDbText
  73
1
  0
TEXT
  5
2869
  100
AcDbEntity
  8
Top-Silkscreen-Layer
  7
default
  461
0.56
  100
AcDbText
  10
98.67919735839473
  20
-108.20421640843283
  11
98.67919735839473
  21
-108.20421640843283
  40
0.5600000000000037
  1
AN
  50
0
  71
1
  72
0
  41
1.1
  100
AcDbText
  73
1
  0
TEXT
  5
2870
  100
AcDbEntity
  8
Top-Silkscreen-Layer
  7
default
  461
0.56
  100
AcDbText
  10
98.93319786639574
  20
-112.14122428244858
  11
98.93319786639574
  21
-112.14122428244858
  40
0.5600000000000037
  1
DI
  50
0
  71
1
  72
0
  41
1.1
  100
AcDbText
  73
1
  0
TEXT
  5
2871
  100
AcDbEntity
  8
Top-Silkscreen-Layer
  7
default
  461
0.8001016002032005
  100
AcDbText
  10
89.53517907035815
  20
-44.3230886461773
  11
89.53517907035815
  21
-44.3230886461773
  40
0.8001016002032005
  1
K15
  50
0
  71
1
  72
0
  41
1.1
  100
AcDbText
  73
1
  0
TEXT
  5
2872
  100
AcDbEntity
  8
Top-Silkscreen-Layer
  7
default
  461
0.8001016002032005
  100
AcDbText
  10
89.40817881635765
  20
-25.908051816103637
  11
89.40817881635765
  21
-25.908051816103637
  40
0.8001016002032005
  1
K10
  50
0
  71
1
  72
0
  41
1.1
  100
AcDbText
  73
1
  0
TEXT
  5
2873
  100
AcDbEntity
  8
Top-Silkscreen-Layer
  7
default
  461
0.8001016002032005
  100
AcDbText
  10
89.91617983235967
  20
-7.874015748031497
  11
89.91617983235967
  21
-7.874015748031497
  40
0.8001016002032005
  1
K5
  50
0
  71
1
  72
0
  41
1.1
  100
AcDbText
  73
1
  0
TEXT
  5
2874
  100
AcDbEntity
  8
Top-Silkscreen-Layer
  7
default
  461
0.8001016002032005
  100
AcDbText
  10
10.92202184404369
  20
-16.63703327406655
  11
10.92202184404369
  21
-16.63703327406655
  40
0.8001016002032009
  1
K1
  50
7
  71
1
  72
0
  41
1.1
  100
AcDbText
  73
1
  0
TEXT
  5
2875
  100
AcDbEntity
  8
Top-Silkscreen-Layer
  7
default
  461
0.8001016002032005
  100
AcDbText
  10
13.081026162052325
  20
-34.92506985013971
  11
13.081026162052325
  21
-34.92506985013971
  40
0.8001016002031982
  1
K6
  50
7
  71
1
  72
0
  41
1.1
  100
AcDbText
  73
1
  0
TEXT
  5
2876
  100
AcDbEntity
  8
Top-Silkscreen-Layer
  7
default
  461
0.8001016002032005
  100
AcDbText
  10
15.240030480060963
  20
-52.95910591821184
  11
15.240030480060963
  21
-52.95910591821184
  40
0.8001016002031982
  1
K11
  50
7
  71
1
  72
0
  41
1.1
  100
AcDbText
  73
1
  0
TEXT
  5
2877
  100
AcDbEntity
  8
Top-Silkscreen-Layer
  7
default
  461
0.8001016002032005
  100
AcDbText
  10
17.27203454406909
  20
-71.75514351028703
  11
17.27203454406909
  21
-71.75514351028703
  40
0.8001016002032032
  1
K16
  50
7
  71
1
  72
0
  41
1.1
  100
AcDbText
  73
1
  0
TEXT
  5
2878
  100
AcDbEntity
  8
Top-Silkscreen-Layer
  7
default
  461
0.8001016002032005
  100
AcDbText
  10
34.671069342138686
  20
-65.27813055626112
  11
34.671069342138686
  21
-65.27813055626112
  40
0.8001016002031985
  1
K17
  50
7
  71
1
  72
0
  41
1.1
  100
AcDbText
  73
1
  0
TEXT
  5
2879
  100
AcDbEntity
  8
Top-Silkscreen-Layer
  7
default
  461
0.8001016002032005
  100
AcDbText
  10
32.63906527813056
  20
-47.49809499619
  11
32.63906527813056
  21
-47.49809499619
  40
0.8001016002031982
  1
K12
  50
7
  71
1
  72
0
  41
1.1
  100
AcDbText
  73
1
  0
TEXT
  5
2880
  100
AcDbEntity
  8
Top-Silkscreen-Layer
  7
default
  461
0.8001016002032005
  100
AcDbText
  10
30.734061468122942
  20
-29.083058166116334
  11
30.734061468122942
  21
-29.083058166116334
  40
0.8001016002032009
  1
K7
  50
7
  71
1
  72
0
  41
1.1
  100
AcDbText
  73
1
  0
TEXT
  5
2881
  100
AcDbEntity
  8
Top-Silkscreen-Layer
  7
default
  461
0.8001016002032005
  100
AcDbText
  10
28.448056896113798
  20
-11.176022352044706
  11
28.448056896113798
  21
-11.176022352044706
  40
0.8001016002032009
  1
K2
  50
7
  71
1
  72
0
  41
1.1
  100
AcDbText
  73
1
  0
TEXT
  5
2882
  100
AcDbEntity
  8
Top-Silkscreen-Layer
  7
default
  461
0.8001016002032005
  100
AcDbText
  10
49.784099568199146
  20
-9.017018034036068
  11
49.784099568199146
  21
-9.017018034036068
  40
0.8001016002032001
  1
K3
  50
4.000000000000001
  71
1
  72
0
  41
1.1
  100
AcDbText
  73
1
  0
TEXT
  5
2883
  100
AcDbEntity
  8
Top-Silkscreen-Layer
  7
default
  461
0.8001016002032005
  100
AcDbText
  10
51.30810261620524
  20
-27.178054356108717
  11
51.30810261620524
  21
-27.178054356108717
  40
0.8001016002032014
  1
K8
  50
4.000000000000001
  71
1
  72
0
  41
1.1
  100
AcDbText
  73
1
  0
TEXT
  5
2884
  100
AcDbEntity
  8
Top-Silkscreen-Layer
  7
default
  461
0.8001016002032005
  100
AcDbText
  10
52.3241046482093
  20
-45.46609093218187
  11
52.3241046482093
  21
-45.46609093218187
  40
0.8001016002032014
  1
K13
  50
4.000000000000001
  71
1
  72
0
  41
1.1
  100
AcDbText
  73
1
  0
TEXT
  5
2885
  100
AcDbEntity
  8
Top-Silkscreen-Layer
  7
default
  461
0.8001016002032005
  100
AcDbText
  10
53.8481076962154
  20
-63.88112776225553
  11
53.8481076962154
  21
-63.88112776225553
  40
0.8001016002032014
  1
K18
  50
4.000000000000001
  71
1
  72
0
  41
1.1
  100
AcDbText
  73
1
  0
TEXT
  5
2886
  100
AcDbEntity
  8
Top-Silkscreen-Layer
  7
default
  461
0.8001016002032005
  100
AcDbText
  10
72.13614427228855
  20
-62.73812547625096
  11
72.13614427228855
  21
-62.73812547625096
  40
0.800101600203199
  1
K19
  50
2
  71
1
  72
0
  41
1.1
  100
AcDbText
  73
1
  0
TEXT
  5
2887
  100
AcDbEntity
  8
Top-Silkscreen-Layer
  7
default
  461
0.8001016002032005
  100
AcDbText
  10
71.50114300228601
  20
-44.57708915417832
  11
71.50114300228601
  21
-44.57708915417832
  40
0.800101600203199
  1
K14
  50
2
  71
1
  72
0
  41
1.1
  100
AcDbText
  73
1
  0
TEXT
  5
2888
  100
AcDbEntity
  8
Top-Silkscreen-Layer
  7
default
  461
0.8001016002032005
  100
AcDbText
  10
70.99314198628399
  20
-25.908051816103637
  11
70.99314198628399
  21
-25.908051816103637
  40
0.8001016002032016
  1
K9
  50
2
  71
1
  72
0
  41
1.1
  100
AcDbText
  73
1
  0
TEXT
  5
2889
  100
AcDbEntity
  8
Top-Silkscreen-Layer
  7
default
  461
0.8001016002032005
  100
AcDbText
  10
70.23114046228093
  20
-7.874015748031497
  11
70.23114046228093
  21
-7.874015748031497
  40
0.8001016002032003
  1
K4
  50
2
  71
1
  72
0
  41
1.1
  100
AcDbText
  73
1
  0
TEXT
  5
2890
  100
AcDbEntity
  8
Top-Silkscreen-Layer
  7
default
  461
1.4224028448056898
  100
AcDbText
  10
70.99314198628399
  20
-104.52120904241808
  11
70.99314198628399
  21
-104.52120904241808
  40
1.4224028448056898
  1
Teensy 3.6
  50
-2.5444437451708134e-14
  71
1
  72
0
  41
1.1
  100
AcDbText
  73
2
  0
LWPOLYLINE
  5
2891
  100
AcDbEntity
  8
Top-Silkscreen-Layer
  100
AcDbPolyline
  90
4
  70
1
  43
0.15011430022860048
  10
81.91516383032767
  20
-37.973075946151894
  10
99.6951993903988
  20
-37.973075946151894
  10
99.6951993903988
  20
-55.75311150622302
  10
81.91516383032767
  20
-55.75311150622302
  0
LWPOLYLINE
  5
2892
  100
AcDbEntity
  8
Top-Silkscreen-Layer
  100
AcDbPolyline
  90
2
  70
0
  43
0.15011430022860048
  10
83.80518161036323
  20
-51.86309372618746
  10
83.80518161036323
  20
-53.86309372618746
  0
LWPOLYLINE
  5
2893
  100
AcDbEntity
  8
Top-Silkscreen-Layer
  100
AcDbPolyline
  90
2
  70
0
  43
0.15011430022860048
  10
83.80518161036323
  20
-53.86309372618746
  10
85.80518161036323
  20
-53.86309372618746
  0
LWPOLYLINE
  5
2894
  100
AcDbEntity
  8
Top-Silkscreen-Layer
  100
AcDbPolyline
  90
2
  70
0
  43
0.15011430022860048
  10
97.80518161036322
  20
-39.86309372618746
  10
97.80518161036322
  20
-41.86309372618746
  0
LWPOLYLINE
  5
2895
  100
AcDbEntity
  8
Top-Silkscreen-Layer
  100
AcDbPolyline
  90
3
  70
0
  43
0.15011430022860048
  10
95.80518161036323
  20
-39.86309372618746
  10
97.80518161036322
  20
-39.86309372618746
  10
97.80518161036322
  20
-41.86309372618746
  0
LWPOLYLINE
  5
2896
  100
AcDbEntity
  8
Top-Silkscreen-Layer
  100
AcDbPolyline
  90
2
  70
0
  43
0.15011430022860048
  10
95.80518161036323
  20
-39.86309372618746
  10
97.80518161036322
  20
-39.86309372618746
  0
LWPOLYLINE
  5
2897
  100
AcDbEntity
  8
Top-Silkscreen-Layer
  100
AcDbPolyline
  90
2
  70
0
  43
0.15011430022860048
  10
97.80518161036322
  20
-53.86309372618746
  10
97.80518161036322
  20
-51.86309372618746
  0
LWPOLYLINE
  5
2898
  100
AcDbEntity
  8
Top-Silkscreen-Layer
  100
AcDbPolyline
  90
3
  70
0
  43
0.15011430022860048
  10
95.80518161036323
  20
-53.86309372618746
  10
97.80518161036322
  20
-53.86309372618746
  10
97.80518161036322
  20
-51.86309372618746
  0
LWPOLYLINE
  5
2899
  100
AcDbEntity
  8
Top-Silkscreen-Layer
  100
AcDbPolyline
  90
2
  70
0
  43
0.15011430022860048
  10
95.80518161036323
  20
-53.86309372618746
  10
97.80518161036322
  20
-53.86309372618746
  0
LWPOLYLINE
  5
2900
  100
AcDbEntity
  8
Top-Silkscreen-Layer
  100
AcDbPolyline
  90
3
  70
0
  43
0.15011430022860048
  10
85.80518161036323
  20
-39.86309372618746
  10
83.80518161036323
  20
-39.86309372618746
  10
83.80518161036323
  20
-41.86309372618746
  0
LWPOLYLINE
  5
2910
  100
AcDbEntity
  8
Top-Silkscreen-Layer
  100
AcDbPolyline
  90
4
  70
1
  43
0.15011430022860048
  10
81.91516383032767
  20
-19.558039116078234
  10
99.6951993903988
  20
-19.558039116078234
  10
99.6951993903988
  20
-37.338074676149354
  10
81.91516383032767
  20
-37.338074676149354
  0
LWPOLYLINE
  5
2911
  100
AcDbEntity
  8
Top-Silkscreen-Layer
  100
AcDbPolyline
  90
2
  70
0
  43
0.15011430022860048
  10
83.80518161036323
  20
-33.4480568961138
  10
83.80518161036323
  20
-35.4480568961138
  0
LWPOLYLINE
  5
2912
  100
AcDbEntity
  8
Top-Silkscreen-Layer
  100
AcDbPolyline
  90
2
  70
0
  43
0.15011430022860048
  10
83.80518161036323
  20
-35.4480568961138
  10
85.80518161036323
  20
-35.4480568961138
  0
LWPOLYLINE
  5
2913
  100
AcDbEntity
  8
Top-Silkscreen-Layer
  100
AcDbPolyline
  90
2
  70
0
  43
0.15011430022860048
  10
97.80518161036322
  20
-21.448056896113794
  10
97.80518161036322
  20
-23.448056896113794
  0
LWPOLYLINE
  5
2914
  100
AcDbEntity
  8
Top-Silkscreen-Layer
  100
AcDbPolyline
  90
3
  70
0
  43
0.15011430022860048
  10
95.80518161036323
  20
-21.448056896113794
  10
97.80518161036322
  20
-21.448056896113794
  10
97.80518161036322
  20
-23.448056896113794
  0
LWPOLYLINE
  5
2915
  100
AcDbEntity
  8
Top-Silkscreen-Layer
  100
AcDbPolyline
  90
2
  70
0
  43
0.15011430022860048
  10
95.80518161036323
  20
-21.448056896113794
  10
97.80518161036322
  20
-21.448056896113794
  0
LWPOLYLINE
  5
2916
  100
AcDbEntity
  8
Top-Silkscreen-Layer
  100
AcDbPolyline
  90
2
  70
0
  43
0.15011430022860048
  10
97.80518161036322
  20
-35.4480568961138
  10
97.80518161036322
  20
-33.4480568961138
  0
LWPOLYLINE
  5
2917
  100
AcDbEntity
  8
Top-Silkscreen-Layer
  100
AcDbPolyline
  90
3
  70
0
  43
0.15011430022860048
  10
95.80518161036323
  20
-35.4480568961138
  10
97.80518161036322
  20
-35.4480568961138
  10
97.80518161036322
  20
-33.4480568961138
  0
LWPOLYLINE
  5
2918
  100
AcDbEntity
  8
Top-Silkscreen-Layer
  100
AcDbPolyline
  90
2
  70
0
  43
0.15011430022860048
  10
95.80518161036323
  20
-35.4480568961138
  10
97.80518161036322
  20
-35.4480568961138
  0
LWPOLYLINE
  5
2919
  100
AcDbEntity
  8
Top-Silkscreen-Layer
  100
AcDbPolyline
  90
3
  70
0
  43
0.15011430022860048
  10
85.80518161036323
  20
-21.448056896113794
  10
83.80518161036323
  20
-21.448056896113794
  10
83.80518161036323
  20
-23.448056896113794
  0
LWPOLYLINE
  5
2929
  100
AcDbEntity
  8
Top-Silkscreen-Layer
  100
AcDbPolyline
  90
4
  70
1
  43
0.15011430022860048
  10
81.91516383032767
  20
-1.143002286004572
  10
99.6951993903988
  20
-1.143002286004572
  10
99.6951993903988
  20
-18.923037846075694
  10
81.91516383032767
  20
-18.923037846075694
  0
LWPOLYLINE
  5
2930
  100
AcDbEntity
  8
Top-Silkscreen-Layer
  100
AcDbPolyline
  90
2
  70
0
  43
0.15011430022860048
  10
83.80518161036323
  20
-15.033020066040134
  10
83.80518161036323
  20
-17.033020066040134
  0
LWPOLYLINE
  5
2931
  100
AcDbEntity
  8
Top-Silkscreen-Layer
  100
AcDbPolyline
  90
2
  70
0
  43
0.15011430022860048
  10
83.80518161036323
  20
-17.033020066040134
  10
85.80518161036323
  20
-17.033020066040134
  0
LWPOLYLINE
  5
2932
  100
AcDbEntity
  8
Top-Silkscreen-Layer
  100
AcDbPolyline
  90
2
  70
0
  43
0.15011430022860048
  10
97.80518161036322
  20
-3.033020066040133
  10
97.80518161036322
  20
-5.033020066040133
  0
LWPOLYLINE
  5
2933
  100
AcDbEntity
  8
Top-Silkscreen-Layer
  100
AcDbPolyline
  90
3
  70
0
  43
0.15011430022860048
  10
95.80518161036323
  20
-3.033020066040133
  10
97.80518161036322
  20
-3.033020066040133
  10
97.80518161036322
  20
-5.033020066040133
  0
LWPOLYLINE
  5
2934
  100
AcDbEntity
  8
Top-Silkscreen-Layer
  100
AcDbPolyline
  90
2
  70
0
  43
0.15011430022860048
  10
95.80518161036323
  20
-3.033020066040133
  10
97.80518161036322
  20
-3.033020066040133
  0
LWPOLYLINE
  5
2935
  100
AcDbEntity
  8
Top-Silkscreen-Layer
  100
AcDbPolyline
  90
2
  70
0
  43
0.15011430022860048
  10
97.80518161036322
  20
-17.033020066040134
  10
97.80518161036322
  20
-15.033020066040134
  0
LWPOLYLINE
  5
2936
  100
AcDbEntity
  8
Top-Silkscreen-Layer
  100
AcDbPolyline
  90
3
  70
0
  43
0.15011430022860048
  10
95.80518161036323
  20
-17.033020066040134
  10
97.80518161036322
  20
-17.033020066040134
  10
97.80518161036322
  20
-15.033020066040134
  0
LWPOLYLINE
  5
2937
  100
AcDbEntity
  8
Top-Silkscreen-Layer
  100
AcDbPolyline
  90
2
  70
0
  43
0.15011430022860048
  10
95.80518161036323
  20
-17.033020066040134
  10
97.80518161036322
  20
-17.033020066040134
  0
LWPOLYLINE
  5
2938
  100
AcDbEntity
  8
Top-Silkscreen-Layer
  100
AcDbPolyline
  90
3
  70
0
  43
0.15011430022860048
  10
85.80518161036323
  20
-3.033020066040133
  10
83.80518161036323
  20
-3.033020066040133
  10
83.80518161036323
  20
-5.033020066040133
  0
LWPOLYLINE
  5
2948
  100
AcDbEntity
  8
Top-Silkscreen-Layer
  100
AcDbPolyline
  90
4
  70
1
  43
0.15011430022860048
  10
1.903850056737001
  20
-11.309705794192
  10
19.55135592793145
  20
-9.142864534765957
  10
21.71819718735749
  20
-26.790370405960406
  10
4.070691316163042
  20
-28.957211665386446
  0
LWPOLYLINE
  5
2949
  100
AcDbEntity
  8
Top-Silkscreen-Layer
  100
AcDbPolyline
  90
2
  70
0
  43
0.15011430022860048
  10
5.472547277583729
  20
-24.865854262118845
  10
5.716285964394023
  20
-26.85094656540149
  0
LWPOLYLINE
  5
2950
  100
AcDbEntity
  8
Top-Silkscreen-Layer
  100
AcDbPolyline
  90
2
  70
0
  43
0.15011430022860048
  10
5.716285964394023
  20
-26.85094656540149
  10
7.7013782676766676
  20
-26.607207878591193
  0
LWPOLYLINE
  5
2951
  100
AcDbEntity
  8
Top-Silkscreen-Layer
  100
AcDbPolyline
  90
2
  70
0
  43
0.15011430022860048
  10
17.905761279700467
  20
-11.249129634750917
  10
18.14949996651076
  20
-13.23422193803356
  0
LWPOLYLINE
  5
2952
  100
AcDbEntity
  8
Top-Silkscreen-Layer
  100
AcDbPolyline
  90
3
  70
0
  43
0.15011430022860048
  10
15.920668976417822
  20
-11.492868321561211
  10
17.905761279700467
  20
-11.249129634750917
  10
18.14949996651076
  20
-13.23422193803356
  0
LWPOLYLINE
  5
2953
  100
AcDbEntity
  8
Top-Silkscreen-Layer
  100
AcDbPolyline
  90
2
  70
0
  43
0.15011430022860048
  10
15.920668976417822
  20
-11.492868321561211
  10
17.905761279700467
  20
-11.249129634750917
  0
LWPOLYLINE
  5
2954
  100
AcDbEntity
  8
Top-Silkscreen-Layer
  100
AcDbPolyline
  90
2
  70
0
  43
0.15011430022860048
  10
19.611932087372534
  20
-25.144775757729423
  10
19.368193400562237
  20
-23.15968345444678
  0
LWPOLYLINE
  5
2955
  100
AcDbEntity
  8
Top-Silkscreen-Layer
  100
AcDbPolyline
  90
3
  70
0
  43
0.15011430022860048
  10
17.62683978408989
  20
-25.38851444453972
  10
19.611932087372534
  20
-25.144775757729423
  10
19.368193400562237
  20
-23.15968345444678
  0
LWPOLYLINE
  5
2956
  100
AcDbEntity
  8
Top-Silkscreen-Layer
  100
AcDbPolyline
  90
2
  70
0
  43
0.15011430022860048
  10
17.62683978408989
  20
-25.38851444453972
  10
19.611932087372534
  20
-25.144775757729423
  0
LWPOLYLINE
  5
2957
  100
AcDbEntity
  8
Top-Silkscreen-Layer
  100
AcDbPolyline
  90
3
  70
0
  43
0.15011430022860048
  10
5.995207460004604
  20
-12.711561755612687
  10
4.010115156721959
  20
-12.955300442422981
  10
4.253853843532253
  20
-14.940392745705626
  0
LWPOLYLINE
  5
2967
  100
AcDbEntity
  8
Top-Silkscreen-Layer
  100
AcDbPolyline
  90
4
  70
1
  43
0.15011430022860048
  10
4.189854628746145
  20
-29.724742624265662
  10
21.837360499940594
  20
-27.557901364839623
  10
24.004201759366634
  20
-45.20540723603407
  10
6.356695888172186
  20
-47.372248495460106
  0
LWPOLYLINE
  5
2968
  100
AcDbEntity
  8
Top-Silkscreen-Layer
  100
AcDbPolyline
  90
2
  70
0
  43
0.15011430022860048
  10
7.758551849592873
  20
-43.280891092192505
  10
8.002290536403168
  20
-45.26598339547515
  0
LWPOLYLINE
  5
2969
  100
AcDbEntity
  8
Top-Silkscreen-Layer
  100
AcDbPolyline
  90
2
  70
0
  43
0.15011430022860048
  10
8.002290536403168
  20
-45.26598339547515
  10
9.987382839685813
  20
-45.02224470866486
  0
LWPOLYLINE
  5
2970
  100
AcDbEntity
  8
Top-Silkscreen-Layer
  100
AcDbPolyline
  90
2
  70
0
  43
0.15011430022860048
  10
20.19176585170961
  20
-29.664166464824575
  10
20.435504538519904
  20
-31.649258768107224
  0
LWPOLYLINE
  5
2971
  100
AcDbEntity
  8
Top-Silkscreen-Layer
  100
AcDbPolyline
  90
3
  70
0
  43
0.15011430022860048
  10
18.206673548426966
  20
-29.907905151634875
  10
20.19176585170961
  20
-29.664166464824575
  10
20.435504538519904
  20
-31.649258768107224
  0
LWPOLYLINE
  5
2972
  100
AcDbEntity
  8
Top-Silkscreen-Layer
  100
AcDbPolyline
  90
2
  70
0
  43
0.15011430022860048
  10
18.206673548426966
  20
-29.907905151634875
  10
20.19176585170961
  20
-29.664166464824575
  0
LWPOLYLINE
  5
2973
  100
AcDbEntity
  8
Top-Silkscreen-Layer
  100
AcDbPolyline
  90
2
  70
0
  43
0.15011430022860048
  10
21.897936659381678
  20
-43.55981258780309
  10
21.65419797257138
  20
-41.57472028452044
  0
LWPOLYLINE
  5
2974
  100
AcDbEntity
  8
Top-Silkscreen-Layer
  100
AcDbPolyline
  90
3
  70
0
  43
0.15011430022860048
  10
19.912844356099033
  20
-43.80355127461338
  10
21.897936659381678
  20
-43.55981258780309
  10
21.65419797257138
  20
-41.57472028452044
  0
LWPOLYLINE
  5
2975
  100
AcDbEntity
  8
Top-Silkscreen-Layer
  100
AcDbPolyline
  90
2
  70
0
  43
0.15011430022860048
  10
19.912844356099033
  20
-43.80355127461338
  10
21.897936659381678
  20
-43.55981258780309
  0
LWPOLYLINE
  5
2976
  100
AcDbEntity
  8
Top-Silkscreen-Layer
  100
AcDbPolyline
  90
3
  70
0
  43
0.15011430022860048
  10
8.281212032013746
  20
-31.12659858568635
  10
6.296119728731104
  20
-31.37033727249664
  10
6.539858415541398
  20
-33.35542957577929
  0
LWPOLYLINE
  5
2986
  100
AcDbEntity
  8
Top-Silkscreen-Layer
  100
AcDbPolyline
  90
4
  70
1
  43
0.15011430022860048
  10
6.4758592007552895
  20
-48.13977945433932
  10
24.12336507194974
  20
-45.97293819491328
  10
26.290206331375778
  20
-63.62044406610774
  10
8.64270046018133
  20
-65.78728532553377
  0
LWPOLYLINE
  5
2987
  100
AcDbEntity
  8
Top-Silkscreen-Layer
  100
AcDbPolyline
  90
2
  70
0
  43
0.15011430022860048
  10
10.04455642160202
  20
-61.69592792226617
  10
10.288295108412312
  20
-63.681020225548814
  0
LWPOLYLINE
  5
2988
  100
AcDbEntity
  8
Top-Silkscreen-Layer
  100
AcDbPolyline
  90
2
  70
0
  43
0.15011430022860048
  10
10.288295108412312
  20
-63.681020225548814
  10
12.273387411694957
  20
-63.43728153873852
  0
LWPOLYLINE
  5
2989
  100
AcDbEntity
  8
Top-Silkscreen-Layer
  100
AcDbPolyline
  90
2
  70
0
  43
0.15011430022860048
  10
22.477770423718756
  20
-48.07920329489824
  10
22.72150911052905
  20
-50.064295598180884
  0
LWPOLYLINE
  5
2990
  100
AcDbEntity
  8
Top-Silkscreen-Layer
  100
AcDbPolyline
  90
3
  70
0
  43
0.15011430022860048
  10
20.49267812043611
  20
-48.32294198170854
  10
22.477770423718756
  20
-48.07920329489824
  10
22.72150911052905
  20
-50.064295598180884
  0
LWPOLYLINE
  5
2991
  100
AcDbEntity
  8
Top-Silkscreen-Layer
  100
AcDbPolyline
  90
2
  70
0
  43
0.15011430022860048
  10
20.49267812043611
  20
-48.32294198170854
  10
22.477770423718756
  20
-48.07920329489824
  0
LWPOLYLINE
  5
2992
  100
AcDbEntity
  8
Top-Silkscreen-Layer
  100
AcDbPolyline
  90
2
  70
0
  43
0.15011430022860048
  10
24.183941231390822
  20
-61.97484941787675
  10
23.940202544580526
  20
-59.989757114594106
  0
LWPOLYLINE
  5
2993
  100
AcDbEntity
  8
Top-Silkscreen-Layer
  100
AcDbPolyline
  90
3
  70
0
  43
0.15011430022860048
  10
22.198848928108177
  20
-62.21858810468704
  10
24.183941231390822
  20
-61.97484941787675
  10
23.940202544580526
  20
-59.989757114594106
  0
LWPOLYLINE
  5
2994
  100
AcDbEntity
  8
Top-Silkscreen-Layer
  100
AcDbPolyline
  90
2
  70
0
  43
0.15011430022860048
  10
22.198848928108177
  20
-62.21858810468704
  10
24.183941231390822
  20
-61.97484941787675
  0
LWPOLYLINE
  5
2995
  100
AcDbEntity
  8
Top-Silkscreen-Layer
  100
AcDbPolyline
  90
3
  70
0
  43
0.15011430022860048
  10
10.56721660402289
  20
-49.541635415760005
  10
8.582124300740247
  20
-49.78537410257031
  10
8.825862987550543
  20
-51.77046640585295
  0
LWPOLYLINE
  5
3005
  100
AcDbEntity
  8
Top-Silkscreen-Layer
  100
AcDbPolyline
  90
4
  70
1
  43
0.15011430022860048
  10
8.761874427645933
  20
-66.4278131867095
  10
26.409372487661877
  20
-64.26098542586794
  10
28.576200248503426
  20
-81.90848348588388
  10
10.928702188487481
  20
-84.07531124672543
  0
LWPOLYLINE
  5
3006
  100
AcDbEntity
  8
Top-Silkscreen-Layer
  100
AcDbPolyline
  90
2
  70
0
  43
0.15011430022860048
  10
12.330556344943552
  20
-79.98397249045615
  10
12.574295036222072
  20
-81.96906274592611
  0
LWPOLYLINE
  5
3007
  100
AcDbEntity
  8
Top-Silkscreen-Layer
  100
AcDbPolyline
  90
2
  70
0
  43
0.15011430022860048
  10
12.574295036222072
  20
-81.96906274592611
  10
14.559385260737152
  20
-81.72532380254036
  0
LWPOLYLINE
  5
3008
  100
AcDbEntity
  8
Top-Silkscreen-Layer
  100
AcDbPolyline
  90
2
  70
0
  43
0.15011430022860048
  10
24.763779639927282
  20
-66.36723392666725
  10
25.007518331205805
  20
-68.35232418213722
  0
LWPOLYLINE
  5
3009
  100
AcDbEntity
  8
Top-Silkscreen-Layer
  100
AcDbPolyline
  90
3
  70
0
  43
0.15011430022860048
  10
22.778689415412202
  20
-66.61097287005302
  10
24.763779639927282
  20
-66.36723392666725
  10
25.007518331205805
  20
-68.35232418213722
  0
LWPOLYLINE
  5
3010
  100
AcDbEntity
  8
Top-Silkscreen-Layer
  100
AcDbPolyline
  90
2
  70
0
  43
0.15011430022860048
  10
22.778689415412202
  20
-66.61097287005302
  10
24.763779639927282
  20
-66.36723392666725
  0
LWPOLYLINE
  5
3011
  100
AcDbEntity
  8
Top-Silkscreen-Layer
  100
AcDbPolyline
  90
2
  70
0
  43
0.15011430022860048
  10
26.4699517477041
  20
-80.26289063814929
  10
26.226212804318358
  20
-78.27780041363421
  0
LWPOLYLINE
  5
3012
  100
AcDbEntity
  8
Top-Silkscreen-Layer
  100
AcDbPolyline
  90
3
  70
0
  43
0.15011430022860048
  10
24.484861492234145
  20
-80.5066293294278
  10
26.4699517477041
  20
-80.26289063814929
  10
26.226212804318358
  20
-78.27780041363421
  0
LWPOLYLINE
  5
3013
  100
AcDbEntity
  8
Top-Silkscreen-Layer
  100
AcDbPolyline
  90
2
  70
0
  43
0.15011430022860048
  10
24.484861492234145
  20
-80.5066293294278
  10
26.4699517477041
  20
-80.26289063814929
  0
LWPOLYLINE
  5
3014
  100
AcDbEntity
  8
Top-Silkscreen-Layer
  100
AcDbPolyline
  90
3
  70
0
  43
0.15011430022860048
  10
12.853213183915207
  20
-67.82966734316557
  10
10.868122928445253
  20
-68.07340603444408
  10
11.111861871830998
  20
-70.05849625895915
  0
LWPOLYLINE
  5
3024
  100
AcDbEntity
  8
Top-Silkscreen-Layer
  100
AcDbPolyline
  90
4
  70
1
  43
0.15011430022860048
  10
26.41489907883505
  20
-60.4588040923886
  10
44.0624049500295
  20
-58.29196283296256
  10
46.22924620945554
  20
-75.93946870415701
  10
28.58174033826109
  20
-78.10630996358306
  0
LWPOLYLINE
  5
3025
  100
AcDbEntity
  8
Top-Silkscreen-Layer
  100
AcDbPolyline
  90
2
  70
0
  43
0.15011430022860048
  10
29.98359629968178
  20
-74.01495256031544
  10
30.22733498649207
  20
-76.00004486359809
  0
LWPOLYLINE
  5
3026
  100
AcDbEntity
  8
Top-Silkscreen-Layer
  100
AcDbPolyline
  90
2
  70
0
  43
0.15011430022860048
  10
30.22733498649207
  20
-76.00004486359809
  10
32.212427289774716
  20
-75.7563061767878
  0
LWPOLYLINE
  5
3027
  100
AcDbEntity
  8
Top-Silkscreen-Layer
  100
AcDbPolyline
  90
2
  70
0
  43
0.15011430022860048
  10
42.41681030179851
  20
-60.39822793294752
  10
42.66054898860881
  20
-62.38332023623016
  0
LWPOLYLINE
  5
3028
  100
AcDbEntity
  8
Top-Silkscreen-Layer
  100
AcDbPolyline
  90
3
  70
0
  43
0.15011430022860048
  10
40.43171799851587
  20
-60.64196661975782
  10
42.41681030179851
  20
-60.39822793294752
  10
42.66054898860881
  20
-62.38332023623016
  0
LWPOLYLINE
  5
3029
  100
AcDbEntity
  8
Top-Silkscreen-Layer
  100
AcDbPolyline
  90
2
  70
0
  43
0.15011430022860048
  10
40.43171799851587
  20
-60.64196661975782
  10
42.41681030179851
  20
-60.39822793294752
  0
LWPOLYLINE
  5
3030
  100
AcDbEntity
  8
Top-Silkscreen-Layer
  100
AcDbPolyline
  90
2
  70
0
  43
0.15011430022860048
  10
44.12298110947058
  20
-74.29387405592603
  10
43.87924242266028
  20
-72.30878175264338
  0
LWPOLYLINE
  5
3031
  100
AcDbEntity
  8
Top-Silkscreen-Layer
  100
AcDbPolyline
  90
3
  70
0
  43
0.15011430022860048
  10
42.13788880618794
  20
-74.53761274273631
  10
44.12298110947058
  20
-74.29387405592603
  10
43.87924242266028
  20
-72.30878175264338
  0
LWPOLYLINE
  5
3032
  100
AcDbEntity
  8
Top-Silkscreen-Layer
  100
AcDbPolyline
  90
2
  70
0
  43
0.15011430022860048
  10
42.13788880618794
  20
-74.53761274273631
  10
44.12298110947058
  20
-74.29387405592603
  0
LWPOLYLINE
  5
3033
  100
AcDbEntity
  8
Top-Silkscreen-Layer
  100
AcDbPolyline
  90
3
  70
0
  43
0.15011430022860048
  10
30.50625648210265
  20
-61.86066005380928
  10
28.521164178820005
  20
-62.10439874061958
  10
28.7649028656303
  20
-64.08949104390223
  0
LWPOLYLINE
  5
3043
  100
AcDbEntity
  8
Top-Silkscreen-Layer
  100
AcDbPolyline
  90
4
  70
1
  43
0.15011430022860048
  10
24.255894760826415
  20
-42.17076751631544
  10
41.90340063202086
  20
-40.00392625688941
  10
44.0702418914469
  20
-57.651432128083854
  10
26.422736020252454
  20
-59.81827338750989
  0
LWPOLYLINE
  5
3044
  100
AcDbEntity
  8
Top-Silkscreen-Layer
  100
AcDbPolyline
  90
2
  70
0
  43
0.15011430022860048
  10
27.82459198167314
  20
-55.7269159842423
  10
28.068330668483433
  20
-57.71200828752494
  0
LWPOLYLINE
  5
3045
  100
AcDbEntity
  8
Top-Silkscreen-Layer
  100
AcDbPolyline
  90
2
  70
0
  43
0.15011430022860048
  10
28.068330668483433
  20
-57.71200828752494
  10
30.05342297176608
  20
-57.46826960071464
  0
LWPOLYLINE
  5
3046
  100
AcDbEntity
  8
Top-Silkscreen-Layer
  100
AcDbPolyline
  90
2
  70
0
  43
0.15011430022860048
  10
40.25780598378988
  20
-42.11019135687436
  10
40.501544670600175
  20
-44.09528366015701
  0
LWPOLYLINE
  5
3047
  100
AcDbEntity
  8
Top-Silkscreen-Layer
  100
AcDbPolyline
  90
3
  70
0
  43
0.15011430022860048
  10
38.27271368050723
  20
-42.35393004368466
  10
40.25780598378988
  20
-42.11019135687436
  10
40.501544670600175
  20
-44.09528366015701
  0
LWPOLYLINE
  5
3048
  100
AcDbEntity
  8
Top-Silkscreen-Layer
  100
AcDbPolyline
  90
2
  70
0
  43
0.15011430022860048
  10
38.27271368050723
  20
-42.35393004368466
  10
40.25780598378988
  20
-42.11019135687436
  0
LWPOLYLINE
  5
3049
  100
AcDbEntity
  8
Top-Silkscreen-Layer
  100
AcDbPolyline
  90
2
  70
0
  43
0.15011430022860048
  10
41.963976791461945
  20
-56.00583747985287
  10
41.72023810465165
  20
-54.02074517657023
  0
LWPOLYLINE
  5
3050
  100
AcDbEntity
  8
Top-Silkscreen-Layer
  100
AcDbPolyline
  90
3
  70
0
  43
0.15011430022860048
  10
39.9788844881793
  20
-56.24957616666317
  10
41.963976791461945
  20
-56.00583747985287
  10
41.72023810465165
  20
-54.02074517657023
  0
LWPOLYLINE
  5
3051
  100
AcDbEntity
  8
Top-Silkscreen-Layer
  100
AcDbPolyline
  90
2
  70
0
  43
0.15011430022860048
  10
39.9788844881793
  20
-56.24957616666317
  10
41.963976791461945
  20
-56.00583747985287
  0
LWPOLYLINE
  5
3052
  100
AcDbEntity
  8
Top-Silkscreen-Layer
  100
AcDbPolyline
  90
3
  70
0
  43
0.15011430022860048
  10
28.347252164094012
  20
-43.57262347773613
  10
26.362159860811367
  20
-43.816362164546426
  10
26.605898547621667
  20
-45.801454467829075
  0
LWPOLYLINE
  5
3062
  100
AcDbEntity
  8
Top-Silkscreen-Layer
  100
AcDbPolyline
  90
4
  70
1
  43
0.15011430022860048
  10
22.096890442817777
  20
-23.882730940242293
  10
39.74439631401223
  20
-21.715889680816254
  10
41.911237573438264
  20
-39.3633955520107
  10
24.263731702243817
  20
-41.53023681143674
  0
LWPOLYLINE
  5
3063
  100
AcDbEntity
  8
Top-Silkscreen-Layer
  100
AcDbPolyline
  90
2
  70
0
  43
0.15011430022860048
  10
25.665587663664503
  20
-37.438879408169136
  10
25.9093263504748
  20
-39.423971711451784
  0
LWPOLYLINE
  5
3064
  100
AcDbEntity
  8
Top-Silkscreen-Layer
  100
AcDbPolyline
  90
2
  70
0
  43
0.15011430022860048
  10
25.9093263504748
  20
-39.423971711451784
  10
27.894418653757445
  20
-39.18023302464149
  0
LWPOLYLINE
  5
3065
  100
AcDbEntity
  8
Top-Silkscreen-Layer
  100
AcDbPolyline
  90
2
  70
0
  43
0.15011430022860048
  10
38.098801665781245
  20
-23.82215478080121
  10
38.34254035259154
  20
-25.807247084083855
  0
LWPOLYLINE
  5
3066
  100
AcDbEntity
  8
Top-Silkscreen-Layer
  100
AcDbPolyline
  90
3
  70
0
  43
0.15011430022860048
  10
36.1137093624986
  20
-24.065893467611506
  10
38.098801665781245
  20
-23.82215478080121
  10
38.34254035259154
  20
-25.807247084083855
  0
LWPOLYLINE
  5
3067
  100
AcDbEntity
  8
Top-Silkscreen-Layer
  100
AcDbPolyline
  90
2
  70
0
  43
0.15011430022860048
  10
36.1137093624986
  20
-24.065893467611506
  10
38.098801665781245
  20
-23.82215478080121
  0
LWPOLYLINE
  5
3068
  100
AcDbEntity
  8
Top-Silkscreen-Layer
  100
AcDbPolyline
  90
2
  70
0
  43
0.15011430022860048
  10
39.80497247345331
  20
-37.71780090377972
  10
39.56123378664301
  20
-35.73270860049708
  0
LWPOLYLINE
  5
3069
  100
AcDbEntity
  8
Top-Silkscreen-Layer
  100
AcDbPolyline
  90
3
  70
0
  43
0.15011430022860048
  10
37.81988017017066
  20
-37.961539590590014
  10
39.80497247345331
  20
-37.71780090377972
  10
39.56123378664301
  20
-35.73270860049708
  0
LWPOLYLINE
  5
3070
  100
AcDbEntity
  8
Top-Silkscreen-Layer
  100
AcDbPolyline
  90
2
  70
0
  43
0.15011430022860048
  10
37.81988017017066
  20
-37.961539590590014
  10
39.80497247345331
  20
-37.71780090377972
  0
LWPOLYLINE
  5
3071
  100
AcDbEntity
  8
Top-Silkscreen-Layer
  100
AcDbPolyline
  90
3
  70
0
  43
0.15011430022860048
  10
26.18824784608538
  20
-25.28458690166298
  10
24.203155542802733
  20
-25.528325588473272
  10
24.44689422961303
  20
-27.51341789175592
  0
LWPOLYLINE
  5
3081
  100
AcDbEntity
  8
Top-Silkscreen-Layer
  100
AcDbPolyline
  90
4
  70
1
  43
0.15011430022860048
  10
19.810885870808633
  20
-5.594694364169138
  10
37.45839174200308
  20
-3.427853104743097
  10
39.625233001429116
  20
-21.075358975937544
  10
21.977727130234673
  20
-23.242200235363583
  0
LWPOLYLINE
  5
3082
  100
AcDbEntity
  8
Top-Silkscreen-Layer
  100
AcDbPolyline
  90
2
  70
0
  43
0.15011430022860048
  10
23.37958309165536
  20
-19.150842832095986
  10
23.623321778465655
  20
-21.13593513537863
  0
LWPOLYLINE
  5
3083
  100
AcDbEntity
  8
Top-Silkscreen-Layer
  100
AcDbPolyline
  90
2
  70
0
  43
0.15011430022860048
  10
23.623321778465655
  20
-21.13593513537863
  10
25.6084140817483
  20
-20.89219644856833
  0
LWPOLYLINE
  5
3084
  100
AcDbEntity
  8
Top-Silkscreen-Layer
  100
AcDbPolyline
  90
2
  70
0
  43
0.15011430022860048
  10
35.8127970937721
  20
-5.534118204728055
  10
36.056535780582394
  20
-7.5192105080106995
  0
LWPOLYLINE
  5
3085
  100
AcDbEntity
  8
Top-Silkscreen-Layer
  100
AcDbPolyline
  90
3
  70
0
  43
0.15011430022860048
  10
33.827704790489456
  20
-5.77785689153835
  10
35.8127970937721
  20
-5.534118204728055
  10
36.056535780582394
  20
-7.5192105080106995
  0
LWPOLYLINE
  5
3086
  100
AcDbEntity
  8
Top-Silkscreen-Layer
  100
AcDbPolyline
  90
2
  70
0
  43
0.15011430022860048
  10
33.827704790489456
  20
-5.77785689153835
  10
35.8127970937721
  20
-5.534118204728055
  0
LWPOLYLINE
  5
3087
  100
AcDbEntity
  8
Top-Silkscreen-Layer
  100
AcDbPolyline
  90
2
  70
0
  43
0.15011430022860048
  10
37.518967901444164
  20
-19.429764327706565
  10
37.27522921463387
  20
-17.44467202442392
  0
LWPOLYLINE
  5
3088
  100
AcDbEntity
  8
Top-Silkscreen-Layer
  100
AcDbPolyline
  90
3
  70
0
  43
0.15011430022860048
  10
35.53387559816152
  20
-19.673503014516857
  10
37.518967901444164
  20
-19.429764327706565
  10
37.27522921463387
  20
-17.44467202442392
  0
LWPOLYLINE
  5
3089
  100
AcDbEntity
  8
Top-Silkscreen-Layer
  100
AcDbPolyline
  90
2
  70
0
  43
0.15011430022860048
  10
35.53387559816152
  20
-19.673503014516857
  10
37.518967901444164
  20
-19.429764327706565
  0
LWPOLYLINE
  5
3090
  100
AcDbEntity
  8
Top-Silkscreen-Layer
  100
AcDbPolyline
  90
3
  70
0
  43
0.15011430022860048
  10
23.902243274076234
  20
-6.996550325589825
  10
21.91715097079359
  20
-7.24028901240012
  10
22.160889657603885
  20
-9.225381315682766
  0
LWPOLYLINE
  5
3100
  100
AcDbEntity
  8
Top-Silkscreen-Layer
  100
AcDbPolyline
  90
4
  70
1
  43
0.15011430022860048
  10
41.43860341881173
  20
-3.1817970083694527
  10
59.17532770587999
  20
-1.941524424653738
  10
60.4156002895957
  20
-19.67824871172199
  10
42.678876002527446
  20
-20.918521295437706
  0
LWPOLYLINE
  5
3101
  100
AcDbEntity
  8
Top-Silkscreen-Layer
  100
AcDbPolyline
  90
2
  70
0
  43
0.15011430022860048
  10
44.29293587110557
  20
-16.90613842755372
  10
44.43244881859382
  20
-18.901266528073368
  0
LWPOLYLINE
  5
3102
  100
AcDbEntity
  8
Top-Silkscreen-Layer
  100
AcDbPolyline
  90
2
  70
0
  43
0.15011430022860048
  10
44.43244881859382
  20
-18.901266528073368
  10
46.42757691911347
  20
-18.761753580585115
  0
LWPOLYLINE
  5
3103
  100
AcDbEntity
  8
Top-Silkscreen-Layer
  100
AcDbPolyline
  90
2
  70
0
  43
0.15011430022860048
  10
57.421754889813606
  20
-3.9587791920180746
  10
57.561267837301855
  20
-5.953907292537723
  0
LWPOLYLINE
  5
3104
  100
AcDbEntity
  8
Top-Silkscreen-Layer
  100
AcDbPolyline
  90
3
  70
0
  43
0.15011430022860048
  10
55.42662678929396
  20
-4.098292139506325
  10
57.421754889813606
  20
-3.9587791920180746
  10
57.561267837301855
  20
-5.953907292537723
  0
LWPOLYLINE
  5
3105
  100
AcDbEntity
  8
Top-Silkscreen-Layer
  100
AcDbPolyline
  90
2
  70
0
  43
0.15011430022860048
  10
55.42662678929396
  20
-4.098292139506325
  10
57.421754889813606
  20
-3.9587791920180746
  0
LWPOLYLINE
  5
3106
  100
AcDbEntity
  8
Top-Silkscreen-Layer
  100
AcDbPolyline
  90
2
  70
0
  43
0.15011430022860048
  10
58.39834552223136
  20
-17.924675895655614
  10
58.25883257474311
  20
-15.929547795135965
  0
LWPOLYLINE
  5
3107
  100
AcDbEntity
  8
Top-Silkscreen-Layer
  100
AcDbPolyline
  90
3
  70
0
  43
0.15011430022860048
  10
56.40321742171171
  20
-18.064188843143864
  10
58.39834552223136
  20
-17.924675895655614
  10
58.25883257474311
  20
-15.929547795135965
  0
LWPOLYLINE
  5
3108
  100
AcDbEntity
  8
Top-Silkscreen-Layer
  100
AcDbPolyline
  90
2
  70
0
  43
0.15011430022860048
  10
56.40321742171171
  20
-18.064188843143864
  10
58.39834552223136
  20
-17.924675895655614
  0
LWPOLYLINE
  5
3109
  100
AcDbEntity
  8
Top-Silkscreen-Layer
  100
AcDbPolyline
  90
3
  70
0
  43
0.15011430022860048
  10
45.450986286695716
  20
-4.795856876947578
  10
43.45585818617607
  20
-4.935369824435829
  10
43.59537113366432
  20
-6.9304979249554775
  0
LWPOLYLINE
  5
3119
  100
AcDbEntity
  8
Top-Silkscreen-Layer
  100
AcDbPolyline
  90
4
  70
1
  43
0.15011430022860048
  10
42.70860595881681
  20
-21.596833838443114
  10
60.44533024588507
  20
-20.3565612547274
  10
61.68560282960078
  20
-38.09328554179565
  10
43.948878542532526
  20
-39.33355812551137
  0
LWPOLYLINE
  5
3120
  100
AcDbEntity
  8
Top-Silkscreen-Layer
  100
AcDbPolyline
  90
2
  70
0
  43
0.15011430022860048
  10
45.56293841111065
  20
-35.32117525762738
  10
45.7024513585989
  20
-37.31630335814703
  0
LWPOLYLINE
  5
3121
  100
AcDbEntity
  8
Top-Silkscreen-Layer
  100
AcDbPolyline
  90
2
  70
0
  43
0.15011430022860048
  10
45.7024513585989
  20
-37.31630335814703
  10
47.69757945911855
  20
-37.176790410658775
  0
LWPOLYLINE
  5
3122
  100
AcDbEntity
  8
Top-Silkscreen-Layer
  100
AcDbPolyline
  90
2
  70
0
  43
0.15011430022860048
  10
58.691757429818686
  20
-22.373816022091734
  10
58.831270377306936
  20
-24.368944122611385
  0
LWPOLYLINE
  5
3123
  100
AcDbEntity
  8
Top-Silkscreen-Layer
  100
AcDbPolyline
  90
3
  70
0
  43
0.15011430022860048
  10
56.696629329299036
  20
-22.51332896957999
  10
58.691757429818686
  20
-22.373816022091734
  10
58.831270377306936
  20
-24.368944122611385
  0
LWPOLYLINE
  5
3124
  100
AcDbEntity
  8
Top-Silkscreen-Layer
  100
AcDbPolyline
  90
2
  70
0
  43
0.15011430022860048
  10
56.696629329299036
  20
-22.51332896957999
  10
58.691757429818686
  20
-22.373816022091734
  0
LWPOLYLINE
  5
3125
  100
AcDbEntity
  8
Top-Silkscreen-Layer
  100
AcDbPolyline
  90
2
  70
0
  43
0.15011430022860048
  10
59.66834806223644
  20
-36.33971272572928
  10
59.52883511474819
  20
-34.34458462520963
  0
LWPOLYLINE
  5
3126
  100
AcDbEntity
  8
Top-Silkscreen-Layer
  100
AcDbPolyline
  90
3
  70
0
  43
0.15011430022860048
  10
57.67321996171679
  20
-36.47922567321753
  10
59.66834806223644
  20
-36.33971272572928
  10
59.52883511474819
  20
-34.34458462520963
  0
LWPOLYLINE
  5
3127
  100
AcDbEntity
  8
Top-Silkscreen-Layer
  100
AcDbPolyline
  90
2
  70
0
  43
0.15011430022860048
  10
57.67321996171679
  20
-36.47922567321753
  10
59.66834806223644
  20
-36.33971272572928
  0
LWPOLYLINE
  5
3128
  100
AcDbEntity
  8
Top-Silkscreen-Layer
  100
AcDbPolyline
  90
3
  70
0
  43
0.15011430022860048
  10
46.7209888267008
  20
-23.210893707021242
  10
44.72586072618115
  20
-23.35040665450949
  10
44.8653736736694
  20
-25.34553475502914
  0
LWPOLYLINE
  5
3138
  100
AcDbEntity
  8
Top-Silkscreen-Layer
  100
AcDbPolyline
  90
4
  70
1
  43
0.15011430022860048
  10
43.97860849882189
  20
-39.88487041451627
  10
61.71533278589015
  20
-38.644597830800556
  10
62.95560536960586
  20
-56.38132211786881
  10
45.21888108253761
  20
-57.62159470158452
  0
LWPOLYLINE
  5
3139
  100
AcDbEntity
  8
Top-Silkscreen-Layer
  100
AcDbPolyline
  90
2
  70
0
  43
0.15011430022860048
  10
46.83294095111573
  20
-53.609211833700535
  10
46.97245389860398
  20
-55.604339934220185
  0
LWPOLYLINE
  5
3140
  100
AcDbEntity
  8
Top-Silkscreen-Layer
  100
AcDbPolyline
  90
2
  70
0
  43
0.15011430022860048
  10
46.97245389860398
  20
-55.604339934220185
  10
48.96758199912363
  20
-55.464826986731936
  0
LWPOLYLINE
  5
3141
  100
AcDbEntity
  8
Top-Silkscreen-Layer
  100
AcDbPolyline
  90
2
  70
0
  43
0.15011430022860048
  10
59.96175996982377
  20
-40.66185259816489
  10
60.101272917312016
  20
-42.65698069868454
  0
LWPOLYLINE
  5
3142
  100
AcDbEntity
  8
Top-Silkscreen-Layer
  100
AcDbPolyline
  90
3
  70
0
  43
0.15011430022860048
  10
57.966631869304116
  20
-40.80136554565314
  10
59.96175996982377
  20
-40.66185259816489
  10
60.101272917312016
  20
-42.65698069868454
  0
LWPOLYLINE
  5
3143
  100
AcDbEntity
  8
Top-Silkscreen-Layer
  100
AcDbPolyline
  90
2
  70
0
  43
0.15011430022860048
  10
57.966631869304116
  20
-40.80136554565314
  10
59.96175996982377
  20
-40.66185259816489
  0
LWPOLYLINE
  5
3144
  100
AcDbEntity
  8
Top-Silkscreen-Layer
  100
AcDbPolyline
  90
2
  70
0
  43
0.15011430022860048
  10
60.93835060224152
  20
-54.62774930180243
  10
60.79883765475327
  20
-52.63262120128278
  0
LWPOLYLINE
  5
3145
  100
AcDbEntity
  8
Top-Silkscreen-Layer
  100
AcDbPolyline
  90
3
  70
0
  43
0.15011430022860048
  10
58.94322250172187
  20
-54.76726224929068
  10
60.93835060224152
  20
-54.62774930180243
  10
60.79883765475327
  20
-52.63262120128278
  0
LWPOLYLINE
  5
3146
  100
AcDbEntity
  8
Top-Silkscreen-Layer
  100
AcDbPolyline
  90
2
  70
0
  43
0.15011430022860048
  10
58.94322250172187
  20
-54.76726224929068
  10
60.93835060224152
  20
-54.62774930180243
  0
LWPOLYLINE
  5
3147
  100
AcDbEntity
  8
Top-Silkscreen-Layer
  100
AcDbPolyline
  90
3
  70
0
  43
0.15011430022860048
  10
47.99099136670588
  20
-41.498930283094396
  10
45.995863266186234
  20
-41.638443230582645
  10
46.13537621367448
  20
-43.633571331102296
  0
LWPOLYLINE
  5
3157
  100
AcDbEntity
  8
Top-Silkscreen-Layer
  100
AcDbPolyline
  90
4
  70
1
  43
0.15011430022860048
  10
45.24861103882697
  20
-58.172906990589425
  10
62.98533532589523
  20
-56.93263440687371
  10
64.22560790961094
  20
-74.66935869394196
  10
46.48888362254269
  20
-75.90963127765768
  0
LWPOLYLINE
  5
3158
  100
AcDbEntity
  8
Top-Silkscreen-Layer
  100
AcDbPolyline
  90
2
  70
0
  43
0.15011430022860048
  10
48.10294349112081
  20
-71.89724840977368
  10
48.24245643860906
  20
-73.89237651029335
  0
LWPOLYLINE
  5
3159
  100
AcDbEntity
  8
Top-Silkscreen-Layer
  100
AcDbPolyline
  90
2
  70
0
  43
0.15011430022860048
  10
48.24245643860906
  20
-73.89237651029335
  10
50.23758453912871
  20
-73.75286356280509
  0
LWPOLYLINE
  5
3160
  100
AcDbEntity
  8
Top-Silkscreen-Layer
  100
AcDbPolyline
  90
2
  70
0
  43
0.15011430022860048
  10
61.23176250982885
  20
-58.949889174238045
  10
61.3712754573171
  20
-60.945017274757696
  0
LWPOLYLINE
  5
3161
  100
AcDbEntity
  8
Top-Silkscreen-Layer
  100
AcDbPolyline
  90
3
  70
0
  43
0.15011430022860048
  10
59.2366344093092
  20
-59.0894021217263
  10
61.23176250982885
  20
-58.949889174238045
  10
61.3712754573171
  20
-60.945017274757696
  0
LWPOLYLINE
  5
3162
  100
AcDbEntity
  8
Top-Silkscreen-Layer
  100
AcDbPolyline
  90
2
  70
0
  43
0.15011430022860048
  10
59.2366344093092
  20
-59.0894021217263
  10
61.23176250982885
  20
-58.949889174238045
  0
LWPOLYLINE
  5
3163
  100
AcDbEntity
  8
Top-Silkscreen-Layer
  100
AcDbPolyline
  90
2
  70
0
  43
0.15011430022860048
  10
62.2083531422466
  20
-72.91578587787558
  10
62.06884019475835
  20
-70.92065777735594
  0
LWPOLYLINE
  5
3164
  100
AcDbEntity
  8
Top-Silkscreen-Layer
  100
AcDbPolyline
  90
3
  70
0
  43
0.15011430022860048
  10
60.21322504172695
  20
-73.05529882536385
  10
62.2083531422466
  20
-72.91578587787558
  10
62.06884019475835
  20
-70.92065777735594
  0
LWPOLYLINE
  5
3165
  100
AcDbEntity
  8
Top-Silkscreen-Layer
  100
AcDbPolyline
  90
2
  70
0
  43
0.15011430022860048
  10
60.21322504172695
  20
-73.05529882536385
  10
62.2083531422466
  20
-72.91578587787558
  0
LWPOLYLINE
  5
3166
  100
AcDbEntity
  8
Top-Silkscreen-Layer
  100
AcDbPolyline
  90
3
  70
0
  43
0.15011430022860048
  10
49.26099390671096
  20
-59.78696685916755
  10
47.265865806191314
  20
-59.9264798066558
  10
47.405378753679564
  20
-61.92160790717545
  0
LWPOLYLINE
  5
3176
  100
AcDbEntity
  8
Top-Silkscreen-Layer
  100
AcDbPolyline
  90
4
  70
1
  43
0.15011430022860048
  10
63.95728693668889
  20
-56.83078573505695
  10
81.7264913794973
  20
-56.210271442657906
  10
82.34700567189634
  20
-73.97947588546631
  10
64.57780122908794
  20
-74.59999017786535
  0
LWPOLYLINE
  5
3177
  100
AcDbEntity
  8
Top-Silkscreen-Layer
  100
AcDbPolyline
  90
2
  70
0
  43
0.15011430022860048
  10
66.33090799867145
  20
-70.64638142227462
  10
66.40070699207645
  20
-72.64516307631281
  0
LWPOLYLINE
  5
3178
  100
AcDbEntity
  8
Top-Silkscreen-Layer
  100
AcDbPolyline
  90
2
  70
0
  43
0.15011430022860048
  10
66.40070699207645
  20
-72.64516307631281
  10
68.39948864611465
  20
-72.5753640829078
  0
LWPOLYLINE
  5
3179
  100
AcDbEntity
  8
Top-Silkscreen-Layer
  100
AcDbPolyline
  90
2
  70
0
  43
0.15011430022860048
  10
79.90358561650878
  20
-58.16509854421045
  10
79.9733846099138
  20
-60.16388019824864
  0
LWPOLYLINE
  5
3180
  100
AcDbEntity
  8
Top-Silkscreen-Layer
  100
AcDbPolyline
  90
3
  70
0
  43
0.15011430022860048
  10
77.9048039624706
  20
-58.23489753761546
  10
79.90358561650878
  20
-58.16509854421045
  10
79.9733846099138
  20
-60.16388019824864
  0
LWPOLYLINE
  5
3181
  100
AcDbEntity
  8
Top-Silkscreen-Layer
  100
AcDbPolyline
  90
2
  70
0
  43
0.15011430022860048
  10
77.9048039624706
  20
-58.23489753761546
  10
79.90358561650878
  20
-58.16509854421045
  0
LWPOLYLINE
  5
3182
  100
AcDbEntity
  8
Top-Silkscreen-Layer
  100
AcDbPolyline
  90
2
  70
0
  43
0.15011430022860048
  10
80.3921785703438
  20
-72.15657012247779
  10
80.32237957693879
  20
-70.1577884684396
  0
LWPOLYLINE
  5
3183
  100
AcDbEntity
  8
Top-Silkscreen-Layer
  100
AcDbPolyline
  90
3
  70
0
  43
0.15011430022860048
  10
78.3933969163056
  20
-72.2263691158828
  10
80.3921785703438
  20
-72.15657012247779
  10
80.32237957693879
  20
-70.1577884684396
  0
LWPOLYLINE
  5
3184
  100
AcDbEntity
  8
Top-Silkscreen-Layer
  100
AcDbPolyline
  90
2
  70
0
  43
0.15011430022860048
  10
78.3933969163056
  20
-72.2263691158828
  10
80.3921785703438
  20
-72.15657012247779
  0
LWPOLYLINE
  5
3185
  100
AcDbEntity
  8
Top-Silkscreen-Layer
  100
AcDbPolyline
  90
3
  70
0
  43
0.15011430022860048
  10
67.91089569227964
  20
-58.58389250464047
  10
65.91211403824144
  20
-58.65369149804547
  10
65.98191303164644
  20
-60.65247315208366
  0
LWPOLYLINE
  5
3195
  100
AcDbEntity
  8
Top-Silkscreen-Layer
  100
AcDbPolyline
  90
4
  70
1
  43
0.15011430022860048
  10
63.32228566668635
  20
-38.54274915898379
  10
81.09149010949476
  20
-37.922234866584745
  10
81.71200440189381
  20
-55.691439309393154
  10
63.94279995908539
  20
-56.3119536017922
  0
LWPOLYLINE
  5
3196
  100
AcDbEntity
  8
Top-Silkscreen-Layer
  100
AcDbPolyline
  90
2
  70
0
  43
0.15011430022860048
  10
65.6959067286689
  20
-52.35834484620146
  10
65.76570572207392
  20
-54.35712650023965
  0
LWPOLYLINE
  5
3197
  100
AcDbEntity
  8
Top-Silkscreen-Layer
  100
AcDbPolyline
  90
2
  70
0
  43
0.15011430022860048
  10
65.76570572207392
  20
-54.35712650023965
  10
67.7644873761121
  20
-54.28732750683464
  0
LWPOLYLINE
  5
3198
  100
AcDbEntity
  8
Top-Silkscreen-Layer
  100
AcDbPolyline
  90
2
  70
0
  43
0.15011430022860048
  10
79.26858434650624
  20
-39.8770619681373
  10
79.33838333991125
  20
-41.87584362217549
  0
LWPOLYLINE
  5
3199
  100
AcDbEntity
  8
Top-Silkscreen-Layer
  100
AcDbPolyline
  90
3
  70
0
  43
0.15011430022860048
  10
77.26980269246805
  20
-39.9468609615423
  10
79.26858434650624
  20
-39.8770619681373
  10
79.33838333991125
  20
-41.87584362217549
  0
LWPOLYLINE
  5
3200
  100
AcDbEntity
  8
Top-Silkscreen-Layer
  100
AcDbPolyline
  90
2
  70
0
  43
0.15011430022860048
  10
77.26980269246805
  20
-39.9468609615423
  10
79.26858434650624
  20
-39.8770619681373
  0
LWPOLYLINE
  5
3201
  100
AcDbEntity
  8
Top-Silkscreen-Layer
  100
AcDbPolyline
  90
2
  70
0
  43
0.15011430022860048
  10
79.75717730034125
  20
-53.868533546404635
  10
79.68737830693625
  20
-51.869751892366445
  0
LWPOLYLINE
  5
3202
  100
AcDbEntity
  8
Top-Silkscreen-Layer
  100
AcDbPolyline
  90
3
  70
0
  43
0.15011430022860048
  10
77.75839564630306
  20
-53.938332539809636
  10
79.75717730034125
  20
-53.868533546404635
  10
79.68737830693625
  20
-51.869751892366445
  0
LWPOLYLINE
  5
3203
  100
AcDbEntity
  8
Top-Silkscreen-Layer
  100
AcDbPolyline
  90
2
  70
0
  43
0.15011430022860048
  10
77.75839564630306
  20
-53.938332539809636
  10
79.75717730034125
  20
-53.868533546404635
  0
LWPOLYLINE
  5
3204
  100
AcDbEntity
  8
Top-Silkscreen-Layer
  100
AcDbPolyline
  90
3
  70
0
  43
0.15011430022860048
  10
67.27589442227709
  20
-40.295855928567306
  10
65.2771127682389
  20
-40.365654921972315
  10
65.34691176164391
  20
-42.364436576010505
  0
LWPOLYLINE
  5
3214
  100
AcDbEntity
  8
Top-Silkscreen-Layer
  100
AcDbPolyline
  90
4
  70
1
  43
0.15011430022860048
  10
62.687284396683815
  20
-20.127712328910132
  10
80.45648883949222
  20
-19.50719803651108
  10
81.07700313189126
  20
-37.27640247931949
  10
63.30779868908286
  20
-37.89691677171854
  0
LWPOLYLINE
  5
3215
  100
AcDbEntity
  8
Top-Silkscreen-Layer
  100
AcDbPolyline
  90
2
  70
0
  43
0.15011430022860048
  10
65.06090545866637
  20
-33.9433080161278
  10
65.13070445207138
  20
-35.94208967016599
  0
LWPOLYLINE
  5
3216
  100
AcDbEntity
  8
Top-Silkscreen-Layer
  100
AcDbPolyline
  90
2
  70
0
  43
0.15011430022860048
  10
65.13070445207138
  20
-35.94208967016599
  10
67.12948610610957
  20
-35.87229067676098
  0
LWPOLYLINE
  5
3217
  100
AcDbEntity
  8
Top-Silkscreen-Layer
  100
AcDbPolyline
  90
2
  70
0
  43
0.15011430022860048
  10
78.6335830765037
  20
-21.462025138063634
  10
78.70338206990871
  20
-23.460806792101828
  0
LWPOLYLINE
  5
3218
  100
AcDbEntity
  8
Top-Silkscreen-Layer
  100
AcDbPolyline
  90
3
  70
0
  43
0.15011430022860048
  10
76.63480142246551
  20
-21.531824131468635
  10
78.6335830765037
  20
-21.462025138063634
  10
78.70338206990871
  20
-23.460806792101828
  0
LWPOLYLINE
  5
3219
  100
AcDbEntity
  8
Top-Silkscreen-Layer
  100
AcDbPolyline
  90
2
  70
0
  43
0.15011430022860048
  10
76.63480142246551
  20
-21.531824131468635
  10
78.6335830765037
  20
-21.462025138063634
  0
LWPOLYLINE
  5
3220
  100
AcDbEntity
  8
Top-Silkscreen-Layer
  100
AcDbPolyline
  90
2
  70
0
  43
0.15011430022860048
  10
79.12217603033872
  20
-35.453496716330974
  10
79.0523770369337
  20
-33.454715062292784
  0
LWPOLYLINE
  5
3221
  100
AcDbEntity
  8
Top-Silkscreen-Layer
  100
AcDbPolyline
  90
3
  70
0
  43
0.15011430022860048
  10
77.12339437630052
  20
-35.523295709735976
  10
79.12217603033872
  20
-35.453496716330974
  10
79.0523770369337
  20
-33.454715062292784
  0
LWPOLYLINE
  5
3222
  100
AcDbEntity
  8
Top-Silkscreen-Layer
  100
AcDbPolyline
  90
2
  70
0
  43
0.15011430022860048
  10
77.12339437630052
  20
-35.523295709735976
  10
79.12217603033872
  20
-35.453496716330974
  0
LWPOLYLINE
  5
3223
  100
AcDbEntity
  8
Top-Silkscreen-Layer
  100
AcDbPolyline
  90
3
  70
0
  43
0.15011430022860048
  10
66.64089315227456
  20
-21.880819098493646
  10
64.64211149823636
  20
-21.950618091898647
  10
64.71191049164136
  20
-23.94939974593684
  0
LWPOLYLINE
  5
3233
  100
AcDbEntity
  8
Top-Silkscreen-Layer
  100
AcDbPolyline
  90
4
  70
1
  43
0.15011430022860048
  10
62.052283126681274
  20
-1.71267549883647
  10
79.82148756948968
  20
-1.0921612064374193
  10
80.44200186188873
  20
-18.86136564924583
  10
62.67279741908032
  20
-19.48187994164488
  0
LWPOLYLINE
  5
3234
  100
AcDbEntity
  8
Top-Silkscreen-Layer
  100
AcDbPolyline
  90
2
  70
0
  43
0.15011430022860048
  10
64.42590418866384
  20
-15.528271186054134
  10
64.49570318206884
  20
-17.527052840092328
  0
LWPOLYLINE
  5
3235
  100
AcDbEntity
  8
Top-Silkscreen-Layer
  100
AcDbPolyline
  90
2
  70
0
  43
0.15011430022860048
  10
64.49570318206884
  20
-17.527052840092328
  10
66.49448483610702
  20
-17.457253846687326
  0
LWPOLYLINE
  5
3236
  100
AcDbEntity
  8
Top-Silkscreen-Layer
  100
AcDbPolyline
  90
2
  70
0
  43
0.15011430022860048
  10
77.99858180650116
  20
-3.046988307989972
  10
78.06838079990617
  20
-5.045769962028164
  0
LWPOLYLINE
  5
3237
  100
AcDbEntity
  8
Top-Silkscreen-Layer
  100
AcDbPolyline
  90
3
  70
0
  43
0.15011430022860048
  10
75.99980015246297
  20
-3.1167873013949743
  10
77.99858180650116
  20
-3.046988307989972
  10
78.06838079990617
  20
-5.045769962028164
  0
LWPOLYLINE
  5
3238
  100
AcDbEntity
  8
Top-Silkscreen-Layer
  100
AcDbPolyline
  90
2
  70
0
  43
0.15011430022860048
  10
75.99980015246297
  20
-3.1167873013949743
  10
77.99858180650116
  20
-3.046988307989972
  0
LWPOLYLINE
  5
3239
  100
AcDbEntity
  8
Top-Silkscreen-Layer
  100
AcDbPolyline
  90
2
  70
0
  43
0.15011430022860048
  10
78.48717476033619
  20
-17.038459886257314
  10
78.41737576693117
  20
-15.039678232219122
  0
LWPOLYLINE
  5
3240
  100
AcDbEntity
  8
Top-Silkscreen-Layer
  100
AcDbPolyline
  90
3
  70
0
  43
0.15011430022860048
  10
76.48839310629798
  20
-17.108258879662316
  10
78.48717476033619
  20
-17.038459886257314
  10
78.41737576693117
  20
-15.039678232219122
  0
LWPOLYLINE
  5
3241
  100
AcDbEntity
  8
Top-Silkscreen-Layer
  100
AcDbPolyline
  90
2
  70
0
  43
0.15011430022860048
  10
76.48839310629798
  20
-17.108258879662316
  10
78.48717476033619
  20
-17.038459886257314
  0
LWPOLYLINE
  5
3242
  100
AcDbEntity
  8
Top-Silkscreen-Layer
  100
AcDbPolyline
  90
3
  70
0
  43
0.15011430022860048
  10
66.00589188227201
  20
-3.465782268419984
  10
64.00711022823383
  20
-3.535581261824986
  10
64.07690922163883
  20
-5.534362915863178
  0
LWPOLYLINE
  5
3252
  100
AcDbEntity
  8
Top-Silkscreen-Layer
  100
AcDbPolyline
  90
8
  70
1
  43
0.25400050800101603
  10
94.61518923037848
  20
-95.3771907543815
  10
33.65506731013462
  20
-95.37719075438149
  10
33.65506731013462
  20
-113.15722631445261
  10
94.61518923037848
  20
-113.15722631445263
  10
94.61518923037848
  20
-108.0772161544323
  10
95.88519177038356
  20
-108.0772161544323
  10
95.88519177038356
  20
-100.45720091440182
  10
94.61518923037848
  20
-100.45720091440182
  0
LWPOLYLINE
  5
3253
  100
AcDbEntity
  8
Top-Silkscreen-Layer
  100
AcDbPolyline
  90
5
  70
1
  43
0.25400050800101603
  10
34.9250698501397
  20
-99.18719837439673
  10
34.9250698501397
  20
-109.34721869443737
  10
45.08509017018034
  20
-109.34721869443739
  10
45.08509017018034
  20
-101.7272034544069
  10
42.545085090170176
  20
-99.18719837439674
  0
LWPOLYLINE
  5
3254
  100
AcDbEntity
  8
Top-Silkscreen-Layer
  100
AcDbPolyline
  90
4
  70
1
  43
0.25400050800101603
  10
69.21513843027687
  20
-97.91719583439166
  10
56.51511303022606
  20
-97.91719583439168
  10
56.51511303022606
  20
-110.61722123444248
  10
69.21513843027687
  20
-110.61722123444247
  0
LWPOLYLINE
  5
3255
  100
AcDbEntity
  8
Top-Silkscreen-Layer
  100
AcDbPolyline
  90
4
  70
1
  43
0.25400050800101603
  10
53.0251460502921
  20
-101.76708153416308
  10
53.0251460502921
  20
-106.88722377444755
  10
49.82524765049529
  20
-106.88722377444755
  10
49.82524765049529
  20
-101.76708153416308
  0
LWPOLYLINE
  5
3256
  100
AcDbEntity
  8
Top-Silkscreen-Layer
  100
AcDbPolyline
  90
2
  70
1
  43
0.25400050800101603
  10
50.16256032512066
  20
-104.26974853949709
  42
1
  10
52.70256540513082
  20
-104.26974853949709
  42
1
  0
LWPOLYLINE
  5
3257
  100
AcDbEntity
  8
Top-Silkscreen-Layer
  100
AcDbPolyline
  90
4
  70
1
  43
0.25400050800101603
  10
95.88519177038356
  20
-100.45720091440182
  10
95.88519177038356
  20
-100.52730505461011
  10
89.53517907035815
  20
-100.52730505461012
  10
89.53517907035815
  20
-100.45720091440184
  0
LWPOLYLINE
  5
3258
  100
AcDbEntity
  8
Top-Silkscreen-Layer
  100
AcDbPolyline
  90
4
  70
1
  43
0.25400050800101603
  10
95.88519177038356
  20
-108.0772161544323
  10
95.88519177038356
  20
-108.1473202946406
  10
89.53517907035815
  20
-108.14732029464061
  10
89.53517907035815
  20
-108.07721615443232
  0
LWPOLYLINE
  5
3259
  100
AcDbEntity
  8
Top-Silkscreen-Layer
  100
AcDbPolyline
  90
4
  70
1
  43
0.25400050800101603
  10
89.53517907035815
  20
-100.45720091440184
  10
89.53517907035815
  20
-108.15722631445264
  10
89.46507493014987
  20
-108.15722631445264
  10
89.46507493014987
  20
-100.45720091440184
  0
TEXT
  5
3260
  100
AcDbEntity
  8
Top-Silkscreen-Layer
  7
default
  461
1.4224028448056898
  100
AcDbText
  10
70.99314198628399
  20
-104.52120904241808
  11
70.99314198628399
  21
-104.52120904241808
  40
1.4224028448056898
  1
Teensy 3.6
  50
-2.5444437451708134e-14
  71
1
  72
0
  41
1.1
  100
AcDbText
  73
2
  0
LWPOLYLINE
  5
3261
  100
AcDbEntity
  8
Top-Silkscreen-Layer
  100
AcDbPolyline
  90
14
  70
0
  43
0.25400050800101603
  10
102.89220218440438
  20
-105.3231902463805
  10
102.89220218440438
  20
-102.3231902463805
  10
103.19220218440438
  20
-102.3231902463805
  10
103.19220218440438
  20
-101.47317754635512
  10
98.39220218440438
  20
-101.47317754635512
  10
98.39220218440438
  20
-103.4732029464059
  10
98.39220218440438
  20
-105.4732029464059
  10
98.39220218440438
  20
-107.4732029464059
  10
98.39220218440438
  20
-109.4732029464059
  10
98.39220218440438
  20
-114.17322834645671
  10
103.19220218440438
  20
-114.17322834645671
  10
103.19220218440438
  20
-113.32321564643131
  10
102.89220218440438
  20
-113.32321564643131
  10
102.89220218440438
  20
-110.3232156464313
  0
LWPOLYLINE
  5
3262
  100
AcDbEntity
  8
Top-Silkscreen-Layer
  100
AcDbPolyline
  90
2
  70
0
  43
0.25400050800101603
  10
102.89220218440438
  20
-108.32321564643131
  10
102.89220218440438
  20
-111.32321564643131
  0
LWPOLYLINE
  5
3263
  100
AcDbEntity
  8
Top-Silkscreen-Layer
  100
AcDbPolyline
  90
2
  70
0
  43
0.25400050800101603
  10
102.89220218440438
  20
-106.3231902463805
  10
102.89220218440438
  20
-109.32321564643131
  0
LWPOLYLINE
  5
3264
  100
AcDbEntity
  8
Top-Silkscreen-Layer
  100
AcDbPolyline
  90
2
  70
0
  43
0.25400050800101603
  10
98.39220218440438
  20
-103.4732029464059
  10
98.39220218440438
  20
-105.4732029464059
  0
LWPOLYLINE
  5
3265
  100
AcDbEntity
  8
Top-Silkscreen-Layer
  100
AcDbPolyline
  90
2
  70
0
  43
0.25400050800101603
  10
102.89220218440438
  20
-104.3231902463805
  10
102.89220218440438
  20
-107.3231902463805
  0
HATCH
  5
1030
  100
AcDbEntity
  8
Multi-Layer
  100
AcDbHatch
  10
0
  20
0
  30
0
  210
0
  220
0
  230
1
  2
SOLID
  70
1
  71
0
  91
1
  92
7
  72
1
  73
1
  93
2
  10
20.497840995681994
  20
-25.146050292100586
  42
1
  10
22.428244856489716
  20
-25.146050292100586
  42
1
  97
1
  330
1029
  75
0
  76
1
  47
0.8681437583925616
  98
1
  10
3.629517071192367
  20
33.92795499968543
  450
0
  451
0
  460
0
  461
0
  452
1
  462
1
  453
2
  463
0
  63
5
  421
255
  463
1
  63
7
  421
16777215
  470
LINEAR
  1001
ACAD
  1010
0
  1020
0
  1030
0
  0
LWPOLYLINE
  5
1031
  100
AcDbEntity
  8
Multi-Layer
  100
AcDbPolyline
  90
4
  70
0
  43
0.645162580647742
  10
20.497840995681994
  20
-25.146050289956445
  42
1
  10
22.428244856489716
  20
-25.146050295601963
  10
22.428244856489716
  20
-25.14605029424473
  42
1
  10
20.497840995681994
  20
-25.146050288599213
  0
HATCH
  5
1033
  100
AcDbEntity
  8
Multi-Layer
  100
AcDbHatch
  10
0
  20
0
  30
0
  210
0
  220
0
  230
1
  2
SOLID
  70
1
  71
0
  91
1
  92
7
  72
1
  73
1
  93
2
  10
78.67665735331471
  20
-18.796037592075187
  42
1
  10
80.58166116332234
  20
-18.796037592075187
  42
1
  97
1
  330
1032
  75
0
  76
1
  47
0.8681437583925616
  98
1
  10
3.629517071192367
  20
33.92795499968543
  450
0
  451
0
  460
0
  461
0
  452
1
  462
1
  453
2
  463
0
  63
5
  421
255
  463
1
  63
7
  421
16777215
  470
LINEAR
  1001
ACAD
  1010
0
  1020
0
  1030
0
  0
LWPOLYLINE
  5
1034
  100
AcDbEntity
  8
Multi-Layer
  100
AcDbPolyline
  90
2
  70
1
  43
0.645162580647742
  10
78.67665735331471
  20
-18.796037592075187
  42
1
  10
80.58166116332234
  20
-18.796037592075187
  42
1
  0
HATCH
  5
1036
  100
AcDbEntity
  8
Multi-Layer
  100
AcDbHatch
  10
0
  20
0
  30
0
  210
0
  220
0
  230
1
  2
SOLID
  70
1
  71
0
  91
1
  92
7
  72
1
  73
1
  93
2
  10
7.117018034036068
  20
-47.879095758191525
  42
1
  10
10.917018034036069
  20
-47.879095758191525
  42
1
  97
1
  330
1035
  75
0
  76
1
  47
0.8681437583925616
  98
1
  10
3.629517071192367
  20
33.92795499968543
  450
0
  451
0
  460
0
  461
0
  452
1
  462
1
  453
2
  463
0
  63
5
  421
255
  463
1
  63
7
  421
16777215
  470
LINEAR
  1001
ACAD
  1010
0
  1020
0
  1030
0
  0
LWPOLYLINE
  5
1037
  100
AcDbEntity
  8
Multi-Layer
  100
AcDbPolyline
  90
2
  70
1
  43
0.645162580647742
  10
7.117018034036069
  20
-47.879095758191525
  42
1
  10
10.917018034036069
  20
-47.879095758191525
  42
1
  0
HATCH
  5
1039
  100
AcDbEntity
  8
Multi-Layer
  100
AcDbHatch
  10
0
  20
0
  30
0
  210
0
  220
0
  230
1
  2
SOLID
  70
1
  71
0
  91
1
  92
7
  72
1
  73
1
  93
2
  10
41.65608331216663
  20
-39.243078486156975
  42
1
  10
45.21209042418086
  20
-39.243078486156975
  42
1
  97
1
  330
1038
  75
0
  76
1
  47
0.8681437583925616
  98
1
  10
3.629517071192367
  20
33.92795499968543
  450
0
  451
0
  460
0
  461
0
  452
1
  462
1
  453
2
  463
0
  63
5
  421
255
  463
1
  63
7
  421
16777215
  470
LINEAR
  1001
ACAD
  1010
0
  1020
0
  1030
0
  0
LWPOLYLINE
  5
1040
  100
AcDbEntity
  8
Multi-Layer
  100
AcDbPolyline
  90
2
  70
1
  43
0.645162580647742
  10
41.65608331216663
  20
-39.243078486156975
  42
1
  10
45.21209042418086
  20
-39.243078486156975
  42
1
  0
HATCH
  5
1042
  100
AcDbEntity
  8
Multi-Layer
  100
AcDbHatch
  10
0
  20
0
  30
0
  210
0
  220
0
  230
1
  2
SOLID
  70
1
  71
0
  91
1
  92
7
  72
1
  73
1
  93
2
  10
1.651003302006604
  20
-13.970027940055882
  42
1
  10
5.207010414020829
  20
-13.970027940055882
  42
1
  97
1
  330
1041
  75
0
  76
1
  47
0.8681437583925616
  98
1
  10
3.629517071192367
  20
33.92795499968543
  450
0
  451
0
  460
0
  461
0
  452
1
  462
1
  453
2
  463
0
  63
5
  421
255
  463
1
  63
7
  421
16777215
  470
LINEAR
  1001
ACAD
  1010
0
  1020
0
  1030
0
  0
LWPOLYLINE
  5
1043
  100
AcDbEntity
  8
Multi-Layer
  100
AcDbPolyline
  90
2
  70
1
  43
0.645162580647742
  10
1.6510033020066042
  20
-13.970027940055882
  42
1
  10
5.207010414020829
  20
-13.970027940055882
  42
1
  0
HATCH
  5
1045
  100
AcDbEntity
  8
Multi-Layer
  100
AcDbHatch
  10
0
  20
0
  30
0
  210
0
  220
0
  230
1
  2
SOLID
  70
1
  71
0
  91
1
  92
7
  72
1
  73
1
  93
2
  10
94.86918973837949
  20
-53.086106172212354
  42
1
  10
98.67919735839472
  20
-53.086106172212354
  42
1
  97
1
  330
1044
  75
0
  76
1
  47
0.8681437583925616
  98
1
  10
3.629517071192367
  20
33.92795499968543
  450
0
  451
0
  460
0
  461
0
  452
1
  462
1
  453
2
  463
0
  63
5
  421
255
  463
1
  63
7
  421
16777215
  470
LINEAR
  1001
ACAD
  1010
0
  1020
0
  1030
0
  0
LWPOLYLINE
  5
1046
  100
AcDbEntity
  8
Multi-Layer
  100
AcDbPolyline
  90
2
  70
1
  43
0.645162580647742
  10
94.86918973837949
  20
-53.086106172212354
  42
1
  10
98.67919735839473
  20
-53.086106172212354
  42
1
  0
HATCH
  5
1048
  100
AcDbEntity
  8
Multi-Layer
  100
AcDbHatch
  10
0
  20
0
  30
0
  210
0
  220
0
  230
1
  2
SOLID
  70
1
  71
0
  91
1
  92
7
  72
1
  73
1
  93
2
  10
85.43817627635256
  20
-61.59512319024639
  42
1
  10
90.83817627635257
  20
-61.59512319024639
  42
1
  97
1
  330
1047
  75
0
  76
1
  47
0.8681437583925616
  98
1
  10
3.629517071192367
  20
33.92795499968543
  450
0
  451
0
  460
0
  461
0
  452
1
  462
1
  453
2
  463
0
  63
5
  421
255
  463
1
  63
7
  421
16777215
  470
LINEAR
  1001
ACAD
  1010
0
  1020
0
  1030
0
  0
LWPOLYLINE
  5
1049
  100
AcDbEntity
  8
Multi-Layer
  100
AcDbPolyline
  90
2
  70
1
  43
0.645162580647742
  10
85.43817627635256
  20
-61.59512319024639
  42
1
  10
90.83817627635257
  20
-61.59512319024639
  42
1
  0
HATCH
  5
1051
  100
AcDbEntity
  8
Multi-Layer
  100
AcDbHatch
  10
0
  20
0
  30
0
  210
0
  220
0
  230
1
  2
SOLID
  70
1
  71
0
  91
1
  92
7
  72
1
  73
1
  93
2
  10
78.16865633731268
  20
-73.02514605029211
  42
1
  10
80.83566167132335
  20
-73.02514605029211
  42
1
  97
1
  330
1050
  75
0
  76
1
  47
0.8681437583925616
  98
1
  10
3.629517071192367
  20
33.92795499968543
  450
0
  451
0
  460
0
  461
0
  452
1
  462
1
  453
2
  463
0
  63
5
  421
255
  463
1
  63
7
  421
16777215
  470
LINEAR
  1001
ACAD
  1010
0
  1020
0
  1030
0
  0
LWPOLYLINE
  5
1052
  100
AcDbEntity
  8
Multi-Layer
  100
AcDbPolyline
  90
2
  70
1
  43
0.645162580647742
  10
78.16865633731268
  20
-73.02514605029211
  42
1
  10
80.83566167132335
  20
-73.02514605029211
  42
1
  0
HATCH
  5
1054
  100
AcDbEntity
  8
Multi-Layer
  100
AcDbHatch
  10
0
  20
0
  30
0
  210
0
  220
0
  230
1
  2
SOLID
  70
1
  71
0
  91
1
  92
7
  72
1
  73
1
  93
2
  10
78.48615697231395
  20
-80.13716027432056
  42
1
  10
80.51816103632208
  20
-80.13716027432056
  42
1
  97
1
  330
1053
  75
0
  76
1
  47
0.8681437583925616
  98
1
  10
3.629517071192367
  20
33.92795499968543
  450
0
  451
0
  460
0
  461
0
  452
1
  462
1
  453
2
  463
0
  63
5
  421
255
  463
1
  63
7
  421
16777215
  470
LINEAR
  1001
ACAD
  1010
0
  1020
0
  1030
0
  0
LWPOLYLINE
  5
1055
  100
AcDbEntity
  8
Multi-Layer
  100
AcDbPolyline
  90
2
  70
1
  43
0.645162580647742
  10
78.48615697231395
  20
-80.13716027432056
  42
1
  10
80.51816103632208
  20
-80.13716027432056
  42
1
  0
HATCH
  5
1057
  100
AcDbEntity
  8
Multi-Layer
  100
AcDbHatch
  10
0
  20
0
  30
0
  210
0
  220
0
  230
1
  2
SOLID
  70
1
  71
0
  91
1
  92
7
  72
1
  73
1
  93
2
  10
102.36220472440947
  20
-86.995173990348
  42
1
  10
104.90220980441963
  20
-86.995173990348
  42
1
  97
1
  330
1056
  75
0
  76
1
  47
0.8681437583925616
  98
1
  10
3.629517071192367
  20
33.92795499968543
  450
0
  451
0
  460
0
  461
0
  452
1
  462
1
  453
2
  463
0
  63
5
  421
255
  463
1
  63
7
  421
16777215
  470
LINEAR
  1001
ACAD
  1010
0
  1020
0
  1030
0
  0
LWPOLYLINE
  5
1058
  100
AcDbEntity
  8
Multi-Layer
  100
AcDbPolyline
  90
2
  70
1
  43
0.645162580647742
  10
102.36220472440947
  20
-86.995173990348
  42
1
  10
104.90220980441963
  20
-86.995173990348
  42
1
  0
HATCH
  5
1060
  100
AcDbEntity
  8
Multi-Layer
  100
AcDbHatch
  10
0
  20
0
  30
0
  210
0
  220
0
  230
1
  2
SOLID
  70
1
  71
0
  91
1
  92
7
  72
1
  73
1
  93
2
  10
27.178054356108714
  20
-100.58420116840234
  42
1
  10
28.956057912115828
  20
-100.58420116840234
  42
1
  97
1
  330
1059
  75
0
  76
1
  47
0.8681437583925616
  98
1
  10
3.629517071192367
  20
33.92795499968543
  450
0
  451
0
  460
0
  461
0
  452
1
  462
1
  453
2
  463
0
  63
5
  421
255
  463
1
  63
7
  421
16777215
  470
LINEAR
  1001
ACAD
  1010
0
  1020
0
  1030
0
  0
LWPOLYLINE
  5
1061
  100
AcDbEntity
  8
Multi-Layer
  100
AcDbPolyline
  90
2
  70
1
  43
0.645162580647742
  10
27.178054356108717
  20
-100.58420116840234
  42
1
  10
28.956057912115828
  20
-100.58420116840234
  42
1
  0
HATCH
  5
1063
  100
AcDbEntity
  8
Multi-Layer
  100
AcDbHatch
  10
0
  20
0
  30
0
  210
0
  220
0
  230
1
  2
SOLID
  70
1
  71
0
  91
1
  92
7
  72
1
  73
1
  93
2
  10
10.79502159004318
  20
-84.83616967233935
  42
1
  10
13.589027178054359
  20
-84.83616967233935
  42
1
  97
1
  330
1062
  75
0
  76
1
  47
0.8681437583925616
  98
1
  10
3.629517071192367
  20
33.92795499968543
  450
0
  451
0
  460
0
  461
0
  452
1
  462
1
  453
2
  463
0
  63
5
  421
255
  463
1
  63
7
  421
16777215
  470
LINEAR
  1001
ACAD
  1010
0
  1020
0
  1030
0
  0
LWPOLYLINE
  5
1064
  100
AcDbEntity
  8
Multi-Layer
  100
AcDbPolyline
  90
2
  70
1
  43
0.645162580647742
  10
10.79502159004318
  20
-84.83616967233935
  42
1
  10
13.589027178054359
  20
-84.83616967233935
  42
1
  0
HATCH
  5
1066
  100
AcDbEntity
  8
Multi-Layer
  100
AcDbHatch
  10
0
  20
0
  30
0
  210
0
  220
0
  230
1
  2
SOLID
  70
1
  71
0
  91
1
  92
7
  72
1
  73
1
  93
2
  10
89.10515621031243
  20
-46.86309372618746
  42
1
  10
92.50520701041404
  20
-46.86309372618746
  42
1
  97
1
  330
1065
  75
0
  76
1
  47
0.8681437583925616
  98
1
  10
3.629517071192367
  20
33.92795499968543
  450
0
  451
0
  460
0
  461
0
  452
1
  462
1
  453
2
  463
0
  63
5
  421
255
  463
1
  63
7
  421
16777215
  470
LINEAR
  1001
ACAD
  1010
0
  1020
0
  1030
0
  0
LWPOLYLINE
  5
1067
  100
AcDbEntity
  8
Multi-Layer
  100
AcDbPolyline
  90
4
  70
0
  43
0.645162580647742
  10
89.10515621031243
  20
-46.86309372628514
  42
1
  10
92.50520701041403
  20
-46.86309372628515
  10
92.50520701041403
  20
-46.86309372608977
  42
1
  10
89.10515621031243
  20
-46.86309372608977
  0
HATCH
  5
1069
  100
AcDbEntity
  8
Multi-Layer
  100
AcDbHatch
  10
0
  20
0
  30
0
  210
0
  220
0
  230
1
  2
SOLID
  70
1
  71
0
  91
1
  92
7
  72
1
  73
1
  93
2
  10
84.35509271018543
  20
-46.86309372618746
  42
1
  10
86.25501651003304
  20
-46.86309372618746
  42
1
  97
1
  330
1068
  75
0
  76
1
  47
0.8681437583925616
  98
1
  10
3.629517071192367
  20
33.92795499968543
  450
0
  451
0
  460
0
  461
0
  452
1
  462
1
  453
2
  463
0
  63
5
  421
255
  463
1
  63
7
  421
16777215
  470
LINEAR
  1001
ACAD
  1010
0
  1020
0
  1030
0
  0
LWPOLYLINE
  5
1070
  100
AcDbEntity
  8
Multi-Layer
  100
AcDbPolyline
  90
2
  70
1
  43
0.645162580647742
  10
84.35509271018543
  20
-46.86309372618746
  42
1
  10
86.25501651003303
  20
-46.86309372618746
  42
1
  0
HATCH
  5
1072
  100
AcDbEntity
  8
Multi-Layer
  100
AcDbHatch
  10
0
  20
0
  30
0
  210
0
  220
0
  230
1
  2
SOLID
  70
1
  71
0
  91
1
  92
7
  72
1
  73
1
  93
2
  10
95.35534671069342
  20
-46.86309372618746
  42
1
  10
97.25527051054104
  20
-46.86309372618746
  42
1
  97
1
  330
1071
  75
0
  76
1
  47
0.8681437583925616
  98
1
  10
3.629517071192367
  20
33.92795499968543
  450
0
  451
0
  460
0
  461
0
  452
1
  462
1
  453
2
  463
0
  63
5
  421
255
  463
1
  63
7
  421
16777215
  470
LINEAR
  1001
ACAD
  1010
0
  1020
0
  1030
0
  0
LWPOLYLINE
  5
1073
  100
AcDbEntity
  8
Multi-Layer
  100
AcDbPolyline
  90
2
  70
1
  43
0.645162580647742
  10
95.35534671069342
  20
-46.86309372618746
  42
1
  10
97.25527051054104
  20
-46.86309372618746
  42
1
  0
HATCH
  5
1075
  100
AcDbEntity
  8
Multi-Layer
  100
AcDbHatch
  10
0
  20
0
  30
0
  210
0
  220
0
  230
1
  2
SOLID
  70
1
  71
0
  91
1
  92
7
  72
1
  73
1
  93
2
  10
89.10515621031243
  20
-28.448056896113798
  42
1
  10
92.50520701041404
  20
-28.448056896113798
  42
1
  97
1
  330
1074
  75
0
  76
1
  47
0.8681437583925616
  98
1
  10
3.629517071192367
  20
33.92795499968543
  450
0
  451
0
  460
0
  461
0
  452
1
  462
1
  453
2
  463
0
  63
5
  421
255
  463
1
  63
7
  421
16777215
  470
LINEAR
  1001
ACAD
  1010
0
  1020
0
  1030
0
  0
LWPOLYLINE
  5
1076
  100
AcDbEntity
  8
Multi-Layer
  100
AcDbPolyline
  90
4
  70
0
  43
0.645162580647742
  10
89.10515621031243
  20
-28.44805689621148
  42
1
  10
92.50520701041403
  20
-28.448056896211483
  10
92.50520701041403
  20
-28.448056896016112
  42
1
  10
89.10515621031243
  20
-28.448056896016112
  0
HATCH
  5
1078
  100
AcDbEntity
  8
Multi-Layer
  100
AcDbHatch
  10
0
  20
0
  30
0
  210
0
  220
0
  230
1
  2
SOLID
  70
1
  71
0
  91
1
  92
7
  72
1
  73
1
  93
2
  10
84.35509271018543
  20
-28.448056896113798
  42
1
  10
86.25501651003304
  20
-28.448056896113798
  42
1
  97
1
  330
1077
  75
0
  76
1
  47
0.8681437583925616
  98
1
  10
3.629517071192367
  20
33.92795499968543
  450
0
  451
0
  460
0
  461
0
  452
1
  462
1
  453
2
  463
0
  63
5
  421
255
  463
1
  63
7
  421
16777215
  470
LINEAR
  1001
ACAD
  1010
0
  1020
0
  1030
0
  0
LWPOLYLINE
  5
1079
  100
AcDbEntity
  8
Multi-Layer
  100
AcDbPolyline
  90
2
  70
1
  43
0.645162580647742
  10
84.35509271018543
  20
-28.448056896113798
  42
1
  10
86.25501651003303
  20
-28.448056896113798
  42
1
  0
HATCH
  5
1081
  100
AcDbEntity
  8
Multi-Layer
  100
AcDbHatch
  10
0
  20
0
  30
0
  210
0
  220
0
  230
1
  2
SOLID
  70
1
  71
0
  91
1
  92
7
  72
1
  73
1
  93
2
  10
95.35534671069342
  20
-28.448056896113798
  42
1
  10
97.25527051054104
  20
-28.448056896113798
  42
1
  97
1
  330
1080
  75
0
  76
1
  47
0.8681437583925616
  98
1
  10
3.629517071192367
  20
33.92795499968543
  450
0
  451
0
  460
0
  461
0
  452
1
  462
1
  453
2
  463
0
  63
5
  421
255
  463
1
  63
7
  421
16777215
  470
LINEAR
  1001
ACAD
  1010
0
  1020
0
  1030
0
  0
LWPOLYLINE
  5
1082
  100
AcDbEntity
  8
Multi-Layer
  100
AcDbPolyline
  90
2
  70
1
  43
0.645162580647742
  10
95.35534671069342
  20
-28.448056896113798
  42
1
  10
97.25527051054104
  20
-28.448056896113798
  42
1
  0
HATCH
  5
1084
  100
AcDbEntity
  8
Multi-Layer
  100
AcDbHatch
  10
0
  20
0
  30
0
  210
0
  220
0
  230
1
  2
SOLID
  70
1
  71
0
  91
1
  92
7
  72
1
  73
1
  93
2
  10
89.10515621031243
  20
-10.033020066040134
  42
1
  10
92.50520701041404
  20
-10.033020066040134
  42
1
  97
1
  330
1083
  75
0
  76
1
  47
0.8681437583925616
  98
1
  10
3.629517071192367
  20
33.92795499968543
  450
0
  451
0
  460
0
  461
0
  452
1
  462
1
  453
2
  463
0
  63
5
  421
255
  463
1
  63
7
  421
16777215
  470
LINEAR
  1001
ACAD
  1010
0
  1020
0
  1030
0
  0
LWPOLYLINE
  5
1085
  100
AcDbEntity
  8
Multi-Layer
  100
AcDbPolyline
  90
4
  70
0
  43
0.645162580647742
  10
89.10515621031243
  20
-10.033020066137816
  42
1
  10
92.50520701041403
  20
-10.033020066137817
  10
92.50520701041403
  20
-10.033020065942452
  42
1
  10
89.10515621031243
  20
-10.033020065942452
  0
HATCH
  5
1087
  100
AcDbEntity
  8
Multi-Layer
  100
AcDbHatch
  10
0
  20
0
  30
0
  210
0
  220
0
  230
1
  2
SOLID
  70
1
  71
0
  91
1
  92
7
  72
1
  73
1
  93
2
  10
84.35509271018543
  20
-10.033020066040134
  42
1
  10
86.25501651003304
  20
-10.033020066040134
  42
1
  97
1
  330
1086
  75
0
  76
1
  47
0.8681437583925616
  98
1
  10
3.629517071192367
  20
33.92795499968543
  450
0
  451
0
  460
0
  461
0
  452
1
  462
1
  453
2
  463
0
  63
5
  421
255
  463
1
  63
7
  421
16777215
  470
LINEAR
  1001
ACAD
  1010
0
  1020
0
  1030
0
  0
LWPOLYLINE
  5
1088
  100
AcDbEntity
  8
Multi-Layer
  100
AcDbPolyline
  90
2
  70
1
  43
0.645162580647742
  10
84.35509271018543
  20
-10.033020066040134
  42
1
  10
86.25501651003303
  20
-10.033020066040134
  42
1
  0
HATCH
  5
1090
  100
AcDbEntity
  8
Multi-Layer
  100
AcDbHatch
  10
0
  20
0
  30
0
  210
0
  220
0
  230
1
  2
SOLID
  70
1
  71
0
  91
1
  92
7
  72
1
  73
1
  93
2
  10
95.35534671069342
  20
-10.033020066040134
  42
1
  10
97.25527051054104
  20
-10.033020066040134
  42
1
  97
1
  330
1089
  75
0
  76
1
  47
0.8681437583925616
  98
1
  10
3.629517071192367
  20
33.92795499968543
  450
0
  451
0
  460
0
  461
0
  452
1
  462
1
  453
2
  463
0
  63
5
  421
255
  463
1
  63
7
  421
16777215
  470
LINEAR
  1001
ACAD
  1010
0
  1020
0
  1030
0
  0
LWPOLYLINE
  5
1091
  100
AcDbEntity
  8
Multi-Layer
  100
AcDbPolyline
  90
2
  70
1
  43
0.645162580647742
  10
95.35534671069342
  20
-10.033020066040134
  42
1
  10
97.25527051054104
  20
-10.033020066040134
  42
1
  0
HATCH
  5
1093
  100
AcDbEntity
  8
Multi-Layer
  100
AcDbHatch
  10
0
  20
0
  30
0
  210
0
  220
0
  230
1
  2
SOLID
  70
1
  71
0
  91
1
  92
7
  72
1
  73
1
  93
2
  10
10.110998221996446
  20
-19.050038100076204
  42
1
  10
13.511049022098046
  20
-19.050038100076204
  42
1
  97
1
  330
1092
  75
0
  76
1
  47
0.8681437583925616
  98
1
  10
3.629517071192367
  20
33.92795499968543
  450
0
  451
0
  460
0
  461
0
  452
1
  462
1
  453
2
  463
0
  63
5
  421
255
  463
1
  63
7
  421
16777215
  470
LINEAR
  1001
ACAD
  1010
0
  1020
0
  1030
0
  0
LWPOLYLINE
  5
1094
  100
AcDbEntity
  8
Multi-Layer
  100
AcDbPolyline
  90
4
  70
0
  43
0.645162580647742
  10
10.110998221996446
  20
-19.05003809645275
  42
1
  10
13.511049022098046
  20
-19.050038105544505
  10
13.511049022098046
  20
-19.050038103699656
  42
1
  10
10.110998221996446
  20
-19.0500380946079
  0
HATCH
  5
1096
  100
AcDbEntity
  8
Multi-Layer
  100
AcDbHatch
  10
0
  20
0
  30
0
  210
0
  220
0
  230
1
  2
SOLID
  70
1
  71
0
  91
1
  92
7
  72
1
  73
1
  93
2
  10
5.401931834482809
  20
-19.72033496624208
  42
1
  10
7.301855634330408
  20
-19.72033496624208
  42
1
  97
1
  330
1095
  75
0
  76
1
  47
0.8681437583925616
  98
1
  10
3.629517071192367
  20
33.92795499968543
  450
0
  451
0
  460
0
  461
0
  452
1
  462
1
  453
2
  463
0
  63
5
  421
255
  463
1
  63
7
  421
16777215
  470
LINEAR
  1001
ACAD
  1010
0
  1020
0
  1030
0
  0
LWPOLYLINE
  5
1097
  100
AcDbEntity
  8
Multi-Layer
  100
AcDbPolyline
  90
4
  70
0
  43
0.645162580647742
  10
5.401931834482809
  20
-19.720334962714652
  42
1
  10
7.301855634330408
  20
-19.72033497030058
  10
7.301855634330408
  20
-19.720334969769507
  42
1
  10
5.401931834482809
  20
-19.72033496218358
  0
HATCH
  5
1099
  100
AcDbEntity
  8
Multi-Layer
  100
AcDbHatch
  10
0
  20
0
  30
0
  210
0
  220
0
  230
1
  2
SOLID
  70
1
  71
0
  91
1
  92
7
  72
1
  73
1
  93
2
  10
16.320191609764084
  20
-18.379741233910327
  42
1
  10
18.220115409611683
  20
-18.379741233910327
  42
1
  97
1
  330
1098
  75
0
  76
1
  47
0.8681437583925616
  98
1
  10
3.629517071192367
  20
33.92795499968543
  450
0
  451
0
  460
0
  461
0
  452
1
  462
1
  453
2
  463
0
  63
5
  421
255
  463
1
  63
7
  421
16777215
  470
LINEAR
  1001
ACAD
  1010
0
  1020
0
  1030
0
  0
LWPOLYLINE
  5
1100
  100
AcDbEntity
  8
Multi-Layer
  100
AcDbPolyline
  90
4
  70
0
  43
0.645162580647742
  10
16.320191609764084
  20
-18.379741233039145
  42
1
  10
18.220115409611683
  20
-18.37974123405547
  10
18.220115409611683
  20
-18.379741234781505
  42
1
  10
16.320191609764084
  20
-18.37974123376518
  0
HATCH
  5
1102
  100
AcDbEntity
  8
Multi-Layer
  100
AcDbHatch
  10
0
  20
0
  30
0
  210
0
  220
0
  230
1
  2
SOLID
  70
1
  71
0
  91
1
  92
7
  72
1
  73
1
  93
2
  10
12.39700279400559
  20
-37.46507493014987
  42
1
  10
15.79705359410719
  20
-37.46507493014987
  42
1
  97
1
  330
1101
  75
0
  76
1
  47
0.8681437583925616
  98
1
  10
3.629517071192367
  20
33.92795499968543
  450
0
  451
0
  460
0
  461
0
  452
1
  462
1
  453
2
  463
0
  63
5
  421
255
  463
1
  63
7
  421
16777215
  470
LINEAR
  1001
ACAD
  1010
0
  1020
0
  1030
0
  0
LWPOLYLINE
  5
1103
  100
AcDbEntity
  8
Multi-Layer
  100
AcDbPolyline
  90
4
  70
0
  43
0.645162580647742
  10
12.39700279400559
  20
-37.46507492652641
  42
1
  10
15.79705359410719
  20
-37.46507493561817
  10
15.79705359410719
  20
-37.465074933773316
  42
1
  10
12.39700279400559
  20
-37.46507492468156
  0
HATCH
  5
1105
  100
AcDbEntity
  8
Multi-Layer
  100
AcDbHatch
  10
0
  20
0
  30
0
  210
0
  220
0
  230
1
  2
SOLID
  70
1
  71
0
  91
1
  92
7
  72
1
  73
1
  93
2
  10
7.687936406491952
  20
-38.135371796315745
  42
1
  10
9.58786020633955
  20
-38.135371796315745
  42
1
  97
1
  330
1104
  75
0
  76
1
  47
0.8681437583925616
  98
1
  10
3.629517071192367
  20
33.92795499968543
  450
0
  451
0
  460
0
  461
0
  452
1
  462
1
  453
2
  463
0
  63
5
  421
255
  463
1
  63
7
  421
16777215
  470
LINEAR
  1001
ACAD
  1010
0
  1020
0
  1030
0
  0
LWPOLYLINE
  5
1106
  100
AcDbEntity
  8
Multi-Layer
  100
AcDbPolyline
  90
2
  70
1
  43
0.645162580647742
  10
7.687936406491953
  20
-38.135371796315745
  42
1
  10
9.587860206339553
  20
-38.135371796315745
  42
1
  0
HATCH
  5
1108
  100
AcDbEntity
  8
Multi-Layer
  100
AcDbHatch
  10
0
  20
0
  30
0
  210
0
  220
0
  230
1
  2
SOLID
  70
1
  71
0
  91
1
  92
7
  72
1
  73
1
  93
2
  10
18.606196181773228
  20
-36.79477806398399
  42
1
  10
20.506119981620827
  20
-36.79477806398399
  42
1
  97
1
  330
1107
  75
0
  76
1
  47
0.8681437583925616
  98
1
  10
3.629517071192367
  20
33.92795499968543
  450
0
  451
0
  460
0
  461
0
  452
1
  462
1
  453
2
  463
0
  63
5
  421
255
  463
1
  63
7
  421
16777215
  470
LINEAR
  1001
ACAD
  1010
0
  1020
0
  1030
0
  0
LWPOLYLINE
  5
1109
  100
AcDbEntity
  8
Multi-Layer
  100
AcDbPolyline
  90
4
  70
0
  43
0.645162580647742
  10
18.606196181773228
  20
-36.79477806311281
  42
1
  10
20.506119981620827
  20
-36.794778064129126
  10
20.506119981620827
  20
-36.79477806485517
  42
1
  10
18.606196181773228
  20
-36.79477806383885
  0
HATCH
  5
1111
  100
AcDbEntity
  8
Multi-Layer
  100
AcDbHatch
  10
0
  20
0
  30
0
  210
0
  220
0
  230
1
  2
SOLID
  70
1
  71
0
  91
1
  92
7
  72
1
  73
1
  93
2
  10
14.683007366014733
  20
-55.88011176022353
  42
1
  10
18.083058166116334
  20
-55.88011176022353
  42
1
  97
1
  330
1110
  75
0
  76
1
  47
0.8681437583925616
  98
1
  10
3.629517071192367
  20
33.92795499968543
  450
0
  451
0
  460
0
  461
0
  452
1
  462
1
  453
2
  463
0
  63
5
  421
255
  463
1
  63
7
  421
16777215
  470
LINEAR
  1001
ACAD
  1010
0
  1020
0
  1030
0
  0
LWPOLYLINE
  5
1112
  100
AcDbEntity
  8
Multi-Layer
  100
AcDbPolyline
  90
4
  70
0
  43
0.645162580647742
  10
14.683007366014735
  20
-55.88011175660007
  42
1
  10
18.083058166116334
  20
-55.88011176569183
  10
18.083058166116334
  20
-55.88011176384698
  42
1
  10
14.683007366014735
  20
-55.88011175475523
  0
HATCH
  5
1114
  100
AcDbEntity
  8
Multi-Layer
  100
AcDbHatch
  10
0
  20
0
  30
0
  210
0
  220
0
  230
1
  2
SOLID
  70
1
  71
0
  91
1
  92
7
  72
1
  73
1
  93
2
  10
9.973940978501096
  20
-56.550408626389405
  42
1
  10
11.873864778348695
  20
-56.550408626389405
  42
1
  97
1
  330
1113
  75
0
  76
1
  47
0.8681437583925616
  98
1
  10
3.629517071192367
  20
33.92795499968543
  450
0
  451
0
  460
0
  461
0
  452
1
  462
1
  453
2
  463
0
  63
5
  421
255
  463
1
  63
7
  421
16777215
  470
LINEAR
  1001
ACAD
  1010
0
  1020
0
  1030
0
  0
LWPOLYLINE
  5
1115
  100
AcDbEntity
  8
Multi-Layer
  100
AcDbPolyline
  90
2
  70
1
  43
0.645162580647742
  10
9.973940978501096
  20
-56.550408626389405
  42
1
  10
11.873864778348697
  20
-56.550408626389405
  42
1
  0
HATCH
  5
1117
  100
AcDbEntity
  8
Multi-Layer
  100
AcDbHatch
  10
0
  20
0
  30
0
  210
0
  220
0
  230
1
  2
SOLID
  70
1
  71
0
  91
1
  92
7
  72
1
  73
1
  93
2
  10
20.892200753782372
  20
-55.20981489405765
  42
1
  10
22.79212455362997
  20
-55.20981489405765
  42
1
  97
1
  330
1116
  75
0
  76
1
  47
0.8681437583925616
  98
1
  10
3.629517071192367
  20
33.92795499968543
  450
0
  451
0
  460
0
  461
0
  452
1
  462
1
  453
2
  463
0
  63
5
  421
255
  463
1
  63
7
  421
16777215
  470
LINEAR
  1001
ACAD
  1010
0
  1020
0
  1030
0
  0
LWPOLYLINE
  5
1118
  100
AcDbEntity
  8
Multi-Layer
  100
AcDbPolyline
  90
4
  70
0
  43
0.645162580647742
  10
20.892200753782372
  20
-55.20981489318647
  42
1
  10
22.79212455362997
  20
-55.20981489420279
  10
22.79212455362997
  20
-55.20981489492883
  42
1
  10
20.892200753782372
  20
-55.20981489391251
  0
HATCH
  5
1120
  100
AcDbEntity
  8
Multi-Layer
  100
AcDbHatch
  10
0
  20
0
  30
0
  210
0
  220
0
  230
1
  2
SOLID
  70
1
  71
0
  91
1
  92
7
  72
1
  73
1
  93
2
  10
16.969011938023876
  20
-74.16814833629668
  42
1
  10
20.36906273812548
  20
-74.16814833629668
  42
1
  97
1
  330
1119
  75
0
  76
1
  47
0.8681437583925616
  98
1
  10
3.629517071192367
  20
33.92795499968543
  450
0
  451
0
  460
0
  461
0
  452
1
  462
1
  453
2
  463
0
  63
5
  421
255
  463
1
  63
7
  421
16777215
  470
LINEAR
  1001
ACAD
  1010
0
  1020
0
  1030
0
  0
LWPOLYLINE
  5
1121
  100
AcDbEntity
  8
Multi-Layer
  100
AcDbPolyline
  90
4
  70
0
  43
0.645162580647742
  10
16.96901193802388
  20
-74.16814833267323
  42
1
  10
20.36906273812548
  20
-74.16814834176498
  10
20.36906273812548
  20
-74.16814833992014
  42
1
  10
16.96901193802388
  20
-74.16814833082839
  0
HATCH
  5
1123
  100
AcDbEntity
  8
Multi-Layer
  100
AcDbHatch
  10
0
  20
0
  30
0
  210
0
  220
0
  230
1
  2
SOLID
  70
1
  71
0
  91
1
  92
7
  72
1
  73
1
  93
2
  10
12.259842690761733
  20
-74.83845783205162
  42
1
  10
14.159766490609332
  20
-74.83845783205162
  42
1
  97
1
  330
1122
  75
0
  76
1
  47
0.8681437583925616
  98
1
  10
3.629517071192367
  20
33.92795499968543
  450
0
  451
0
  460
0
  461
0
  452
1
  462
1
  453
2
  463
0
  63
5
  421
255
  463
1
  63
7
  421
16777215
  470
LINEAR
  1001
ACAD
  1010
0
  1020
0
  1030
0
  0
LWPOLYLINE
  5
1124
  100
AcDbEntity
  8
Multi-Layer
  100
AcDbPolyline
  90
2
  70
1
  43
0.645162580647742
  10
12.259842690761733
  20
-74.83845783205162
  42
1
  10
14.159766490609334
  20
-74.83845783205162
  42
1
  0
HATCH
  5
1126
  100
AcDbEntity
  8
Multi-Layer
  100
AcDbHatch
  10
0
  20
0
  30
0
  210
0
  220
0
  230
1
  2
SOLID
  70
1
  71
0
  91
1
  92
7
  72
1
  73
1
  93
2
  10
23.178308185540022
  20
-73.49783884054176
  42
1
  10
25.07823198538762
  20
-73.49783884054176
  42
1
  97
1
  330
1125
  75
0
  76
1
  47
0.8681437583925616
  98
1
  10
3.629517071192367
  20
33.92795499968543
  450
0
  451
0
  460
0
  461
0
  452
1
  462
1
  453
2
  463
0
  63
5
  421
255
  463
1
  63
7
  421
16777215
  470
LINEAR
  1001
ACAD
  1010
0
  1020
0
  1030
0
  0
LWPOLYLINE
  5
1127
  100
AcDbEntity
  8
Multi-Layer
  100
AcDbPolyline
  90
4
  70
0
  43
0.645162580647742
  10
23.178308185540022
  20
-73.49783883967059
  42
1
  10
25.07823198538762
  20
-73.4978388406869
  10
25.07823198538762
  20
-73.49783884141294
  42
1
  10
23.178308185540022
  20
-73.49783884039664
  0
HATCH
  5
1129
  100
AcDbEntity
  8
Multi-Layer
  100
AcDbHatch
  10
0
  20
0
  30
0
  210
0
  220
0
  230
1
  2
SOLID
  70
1
  71
0
  91
1
  92
7
  72
1
  73
1
  93
2
  10
34.622047244094496
  20
-68.1991363982728
  42
1
  10
38.02209804419609
  20
-68.1991363982728
  42
1
  97
1
  330
1128
  75
0
  76
1
  47
0.8681437583925616
  98
1
  10
3.629517071192367
  20
33.92795499968543
  450
0
  451
0
  460
0
  461
0
  452
1
  462
1
  453
2
  463
0
  63
5
  421
255
  463
1
  63
7
  421
16777215
  470
LINEAR
  1001
ACAD
  1010
0
  1020
0
  1030
0
  0
LWPOLYLINE
  5
1130
  100
AcDbEntity
  8
Multi-Layer
  100
AcDbPolyline
  90
2
  70
1
  43
0.645162580647742
  10
34.62204724409449
  20
-68.1991363982728
  42
1
  10
38.0220980441961
  20
-68.1991363982728
  42
1
  0
HATCH
  5
1132
  100
AcDbEntity
  8
Multi-Layer
  100
AcDbHatch
  10
0
  20
0
  30
0
  210
0
  220
0
  230
1
  2
SOLID
  70
1
  71
0
  91
1
  92
7
  72
1
  73
1
  93
2
  10
29.912980856580855
  20
-68.86943326443868
  42
1
  10
31.812904656428454
  20
-68.86943326443868
  42
1
  97
1
  330
1131
  75
0
  76
1
  47
0.8681437583925616
  98
1
  10
3.629517071192367
  20
33.92795499968543
  450
0
  451
0
  460
0
  461
0
  452
1
  462
1
  453
2
  463
0
  63
5
  421
255
  463
1
  63
7
  421
16777215
  470
LINEAR
  1001
ACAD
  1010
0
  1020
0
  1030
0
  0
LWPOLYLINE
  5
1133
  100
AcDbEntity
  8
Multi-Layer
  100
AcDbPolyline
  90
4
  70
0
  43
0.645162580647742
  10
29.912980856580855
  20
-68.8694332635675
  42
1
  10
31.812904656428454
  20
-68.86943326458382
  10
31.812904656428454
  20
-68.86943326530985
  42
1
  10
29.912980856580855
  20
-68.86943326429355
  0
HATCH
  5
1135
  100
AcDbEntity
  8
Multi-Layer
  100
AcDbHatch
  10
0
  20
0
  30
0
  210
0
  220
0
  230
1
  2
SOLID
  70
1
  71
0
  91
1
  92
7
  72
1
  73
1
  93
2
  10
40.83124063186213
  20
-67.52883953210693
  42
1
  10
42.73116443170973
  20
-67.52883953210693
  42
1
  97
1
  330
1134
  75
0
  76
1
  47
0.8681437583925616
  98
1
  10
3.629517071192367
  20
33.92795499968543
  450
0
  451
0
  460
0
  461
0
  452
1
  462
1
  453
2
  463
0
  63
5
  421
255
  463
1
  63
7
  421
16777215
  470
LINEAR
  1001
ACAD
  1010
0
  1020
0
  1030
0
  0
LWPOLYLINE
  5
1136
  100
AcDbEntity
  8
Multi-Layer
  100
AcDbPolyline
  90
2
  70
1
  43
0.645162580647742
  10
40.83124063186212
  20
-67.52883953210693
  42
1
  10
42.73116443170973
  20
-67.52883953210693
  42
1
  0
HATCH
  5
1138
  100
AcDbEntity
  8
Multi-Layer
  100
AcDbHatch
  10
0
  20
0
  30
0
  210
0
  220
0
  230
1
  2
SOLID
  70
1
  71
0
  91
1
  92
7
  72
1
  73
1
  93
2
  10
32.46304292608586
  20
-49.91109982219965
  42
1
  10
35.86309372618746
  20
-49.91109982219965
  42
1
  97
1
  330
1137
  75
0
  76
1
  47
0.8681437583925616
  98
1
  10
3.629517071192367
  20
33.92795499968543
  450
0
  451
0
  460
0
  461
0
  452
1
  462
1
  453
2
  463
0
  63
5
  421
255
  463
1
  63
7
  421
16777215
  470
LINEAR
  1001
ACAD
  1010
0
  1020
0
  1030
0
  0
LWPOLYLINE
  5
1139
  100
AcDbEntity
  8
Multi-Layer
  100
AcDbPolyline
  90
2
  70
1
  43
0.645162580647742
  10
32.463042926085855
  20
-49.91109982219965
  42
1
  10
35.86309372618746
  20
-49.91109982219965
  42
1
  0
HATCH
  5
1141
  100
AcDbEntity
  8
Multi-Layer
  100
AcDbHatch
  10
0
  20
0
  30
0
  210
0
  220
0
  230
1
  2
SOLID
  70
1
  71
0
  91
1
  92
7
  72
1
  73
1
  93
2
  10
27.753976538572218
  20
-50.58139668836553
  42
1
  10
29.653900338419817
  20
-50.58139668836553
  42
1
  97
1
  330
1140
  75
0
  76
1
  47
0.8681437583925616
  98
1
  10
3.629517071192367
  20
33.92795499968543
  450
0
  451
0
  460
0
  461
0
  452
1
  462
1
  453
2
  463
0
  63
5
  421
255
  463
1
  63
7
  421
16777215
  470
LINEAR
  1001
ACAD
  1010
0
  1020
0
  1030
0
  0
LWPOLYLINE
  5
1142
  100
AcDbEntity
  8
Multi-Layer
  100
AcDbPolyline
  90
4
  70
0
  43
0.645162580647742
  10
27.75397653857222
  20
-50.58139668749435
  42
1
  10
29.653900338419817
  20
-50.581396688510665
  10
29.653900338419817
  20
-50.58139668923671
  42
1
  10
27.75397653857222
  20
-50.58139668822039
  0
HATCH
  5
1144
  100
AcDbEntity
  8
Multi-Layer
  100
AcDbHatch
  10
0
  20
0
  30
0
  210
0
  220
0
  230
1
  2
SOLID
  70
1
  71
0
  91
1
  92
7
  72
1
  73
1
  93
2
  10
38.67223631385349
  20
-49.240802956033775
  42
1
  10
40.57216011370109
  20
-49.240802956033775
  42
1
  97
1
  330
1143
  75
0
  76
1
  47
0.8681437583925616
  98
1
  10
3.629517071192367
  20
33.92795499968543
  450
0
  451
0
  460
0
  461
0
  452
1
  462
1
  453
2
  463
0
  63
5
  421
255
  463
1
  63
7
  421
16777215
  470
LINEAR
  1001
ACAD
  1010
0
  1020
0
  1030
0
  0
LWPOLYLINE
  5
1145
  100
AcDbEntity
  8
Multi-Layer
  100
AcDbPolyline
  90
2
  70
1
  43
0.645162580647742
  10
38.67223631385349
  20
-49.240802956033775
  42
1
  10
40.572160113701095
  20
-49.240802956033775
  42
1
  0
HATCH
  5
1147
  100
AcDbEntity
  8
Multi-Layer
  100
AcDbHatch
  10
0
  20
0
  30
0
  210
0
  220
0
  230
1
  2
SOLID
  70
1
  71
0
  91
1
  92
7
  72
1
  73
1
  93
2
  10
30.304038608077217
  20
-31.623063246126495
  42
1
  10
33.70408940817882
  20
-31.623063246126495
  42
1
  97
1
  330
1146
  75
0
  76
1
  47
0.8681437583925616
  98
1
  10
3.629517071192367
  20
33.92795499968543
  450
0
  451
0
  460
0
  461
0
  452
1
  462
1
  453
2
  463
0
  63
5
  421
255
  463
1
  63
7
  421
16777215
  470
LINEAR
  1001
ACAD
  1010
0
  1020
0
  1030
0
  0
LWPOLYLINE
  5
1148
  100
AcDbEntity
  8
Multi-Layer
  100
AcDbPolyline
  90
2
  70
1
  43
0.645162580647742
  10
30.304038608077217
  20
-31.623063246126495
  42
1
  10
33.704089408178824
  20
-31.623063246126495
  42
1
  0
HATCH
  5
1150
  100
AcDbEntity
  8
Multi-Layer
  100
AcDbHatch
  10
0
  20
0
  30
0
  210
0
  220
0
  230
1
  2
SOLID
  70
1
  71
0
  91
1
  92
7
  72
1
  73
1
  93
2
  10
25.594972220563584
  20
-32.293360112292376
  42
1
  10
27.494896020411183
  20
-32.293360112292376
  42
1
  97
1
  330
1149
  75
0
  76
1
  47
0.8681437583925616
  98
1
  10
3.629517071192367
  20
33.92795499968543
  450
0
  451
0
  460
0
  461
0
  452
1
  462
1
  453
2
  463
0
  63
5
  421
255
  463
1
  63
7
  421
16777215
  470
LINEAR
  1001
ACAD
  1010
0
  1020
0
  1030
0
  0
LWPOLYLINE
  5
1151
  100
AcDbEntity
  8
Multi-Layer
  100
AcDbPolyline
  90
4
  70
0
  43
0.645162580647742
  10
25.594972220563584
  20
-32.293360111421194
  42
1
  10
27.494896020411183
  20
-32.29336011243752
  10
27.494896020411183
  20
-32.29336011316355
  42
1
  10
25.594972220563584
  20
-32.29336011214723
  0
HATCH
  5
1153
  100
AcDbEntity
  8
Multi-Layer
  100
AcDbHatch
  10
0
  20
0
  30
0
  210
0
  220
0
  230
1
  2
SOLID
  70
1
  71
0
  91
1
  92
7
  72
1
  73
1
  93
2
  10
36.513231995844855
  20
-30.952766379960618
  42
1
  10
38.413155795692454
  20
-30.952766379960618
  42
1
  97
1
  330
1152
  75
0
  76
1
  47
0.8681437583925616
  98
1
  10
3.629517071192367
  20
33.92795499968543
  450
0
  451
0
  460
0
  461
0
  452
1
  462
1
  453
2
  463
0
  63
5
  421
255
  463
1
  63
7
  421
16777215
  470
LINEAR
  1001
ACAD
  1010
0
  1020
0
  1030
0
  0
LWPOLYLINE
  5
1154
  100
AcDbEntity
  8
Multi-Layer
  100
AcDbPolyline
  90
2
  70
1
  43
0.645162580647742
  10
36.513231995844855
  20
-30.952766379960618
  42
1
  10
38.413155795692454
  20
-30.952766379960618
  42
1
  0
HATCH
  5
1156
  100
AcDbEntity
  8
Multi-Layer
  100
AcDbHatch
  10
0
  20
0
  30
0
  210
0
  220
0
  230
1
  2
SOLID
  70
1
  71
0
  91
1
  92
7
  72
1
  73
1
  93
2
  10
28.018034036068073
  20
-13.335026670053342
  42
1
  10
31.418084836169676
  20
-13.335026670053342
  42
1
  97
1
  330
1155
  75
0
  76
1
  47
0.8681437583925616
  98
1
  10
3.629517071192367
  20
33.92795499968543
  450
0
  451
0
  460
0
  461
0
  452
1
  462
1
  453
2
  463
0
  63
5
  421
255
  463
1
  63
7
  421
16777215
  470
LINEAR
  1001
ACAD
  1010
0
  1020
0
  1030
0
  0
LWPOLYLINE
  5
1157
  100
AcDbEntity
  8
Multi-Layer
  100
AcDbPolyline
  90
4
  70
0
  43
0.645162580647742
  10
28.018034036068077
  20
-13.33502666642989
  42
1
  10
31.418084836169676
  20
-13.335026675521645
  10
31.418084836169676
  20
-13.335026673676794
  42
1
  10
28.018034036068077
  20
-13.335026664585042
  0
HATCH
  5
1159
  100
AcDbEntity
  8
Multi-Layer
  100
AcDbHatch
  10
0
  20
0
  30
0
  210
0
  220
0
  230
1
  2
SOLID
  70
1
  71
0
  91
1
  92
7
  72
1
  73
1
  93
2
  10
23.30896764855444
  20
-14.00532353621922
  42
1
  10
25.20889144840204
  20
-14.00532353621922
  42
1
  97
1
  330
1158
  75
0
  76
1
  47
0.8681437583925616
  98
1
  10
3.629517071192367
  20
33.92795499968543
  450
0
  451
0
  460
0
  461
0
  452
1
  462
1
  453
2
  463
0
  63
5
  421
255
  463
1
  63
7
  421
16777215
  470
LINEAR
  1001
ACAD
  1010
0
  1020
0
  1030
0
  0
LWPOLYLINE
  5
1160
  100
AcDbEntity
  8
Multi-Layer
  100
AcDbPolyline
  90
4
  70
0
  43
0.645162580647742
  10
23.30896764855444
  20
-14.005323535348042
  42
1
  10
25.208891448402035
  20
-14.005323536364363
  10
25.208891448402035
  20
-14.0053235370904
  42
1
  10
23.30896764855444
  20
-14.005323536074078
  0
HATCH
  5
1162
  100
AcDbEntity
  8
Multi-Layer
  100
AcDbHatch
  10
0
  20
0
  30
0
  210
0
  220
0
  230
1
  2
SOLID
  70
1
  71
0
  91
1
  92
7
  72
1
  73
1
  93
2
  10
34.227227423835714
  20
-12.664729803887463
  42
1
  10
36.12715122368331
  20
-12.664729803887463
  42
1
  97
1
  330
1161
  75
0
  76
1
  47
0.8681437583925616
  98
1
  10
3.629517071192367
  20
33.92795499968543
  450
0
  451
0
  460
0
  461
0
  452
1
  462
1
  453
2
  463
0
  63
5
  421
255
  463
1
  63
7
  421
16777215
  470
LINEAR
  1001
ACAD
  1010
0
  1020
0
  1030
0
  0
LWPOLYLINE
  5
1163
  100
AcDbEntity
  8
Multi-Layer
  100
AcDbPolyline
  90
2
  70
1
  43
0.645162580647742
  10
34.22722742383571
  20
-12.664729803887463
  42
1
  10
36.12715122368331
  20
-12.664729803887463
  42
1
  0
HATCH
  5
1165
  100
AcDbEntity
  8
Multi-Layer
  100
AcDbHatch
  10
0
  20
0
  30
0
  210
0
  220
0
  230
1
  2
SOLID
  70
1
  71
0
  91
1
  92
7
  72
1
  73
1
  93
2
  10
49.227076454152915
  20
-11.430022860045721
  42
1
  10
52.62712725425451
  20
-11.430022860045721
  42
1
  97
1
  330
1164
  75
0
  76
1
  47
0.8681437583925616
  98
1
  10
3.629517071192367
  20
33.92795499968543
  450
0
  451
0
  460
0
  461
0
  452
1
  462
1
  453
2
  463
0
  63
5
  421
255
  463
1
  63
7
  421
16777215
  470
LINEAR
  1001
ACAD
  1010
0
  1020
0
  1030
0
  0
LWPOLYLINE
  5
1166
  100
AcDbEntity
  8
Multi-Layer
  100
AcDbPolyline
  90
2
  70
1
  43
0.645162580647742
  10
49.227076454152915
  20
-11.430022860045721
  42
1
  10
52.62712725425452
  20
-11.430022860045721
  42
1
  0
HATCH
  5
1168
  100
AcDbEntity
  8
Multi-Layer
  100
AcDbHatch
  10
0
  20
0
  30
0
  210
0
  220
0
  230
1
  2
SOLID
  70
1
  71
0
  91
1
  92
7
  72
1
  73
1
  93
2
  10
44.49041098696311
  20
-11.813692324728294
  42
1
  10
46.39033478681071
  20
-11.813692324728294
  42
1
  97
1
  330
1167
  75
0
  76
1
  47
0.8681437583925616
  98
1
  10
3.629517071192367
  20
33.92795499968543
  450
0
  451
0
  460
0
  461
0
  452
1
  462
1
  453
2
  463
0
  63
5
  421
255
  463
1
  63
7
  421
16777215
  470
LINEAR
  1001
ACAD
  1010
0
  1020
0
  1030
0
  0
LWPOLYLINE
  5
1169
  100
AcDbEntity
  8
Multi-Layer
  100
AcDbPolyline
  90
2
  70
1
  43
0.645162580647742
  10
44.49041098696311
  20
-11.813692324728294
  42
1
  10
46.39033478681072
  20
-11.813692324728294
  42
1
  0
HATCH
  5
1171
  100
AcDbEntity
  8
Multi-Layer
  100
AcDbHatch
  10
0
  20
0
  30
0
  210
0
  220
0
  230
1
  2
SOLID
  70
1
  71
0
  91
1
  92
7
  72
1
  73
1
  93
2
  10
55.46386892159671
  20
-11.04635339536315
  42
1
  10
57.36379272144431
  20
-11.04635339536315
  42
1
  97
1
  330
1170
  75
0
  76
1
  47
0.8681437583925616
  98
1
  10
3.629517071192367
  20
33.92795499968543
  450
0
  451
0
  460
0
  461
0
  452
1
  462
1
  453
2
  463
0
  63
5
  421
255
  463
1
  63
7
  421
16777215
  470
LINEAR
  1001
ACAD
  1010
0
  1020
0
  1030
0
  0
LWPOLYLINE
  5
1172
  100
AcDbEntity
  8
Multi-Layer
  100
AcDbPolyline
  90
2
  70
1
  43
0.645162580647742
  10
55.46386892159671
  20
-11.04635339536315
  42
1
  10
57.36379272144432
  20
-11.04635339536315
  42
1
  0
HATCH
  5
1174
  100
AcDbEntity
  8
Multi-Layer
  100
AcDbHatch
  10
0
  20
0
  30
0
  210
0
  220
0
  230
1
  2
SOLID
  70
1
  71
0
  91
1
  92
7
  72
1
  73
1
  93
2
  10
50.497078994157995
  20
-29.845059690119385
  42
1
  10
53.89712979425959
  20
-29.845059690119385
  42
1
  97
1
  330
1173
  75
0
  76
1
  47
0.8681437583925616
  98
1
  10
3.629517071192367
  20
33.92795499968543
  450
0
  451
0
  460
0
  461
0
  452
1
  462
1
  453
2
  463
0
  63
5
  421
255
  463
1
  63
7
  421
16777215
  470
LINEAR
  1001
ACAD
  1010
0
  1020
0
  1030
0
  0
LWPOLYLINE
  5
1175
  100
AcDbEntity
  8
Multi-Layer
  100
AcDbPolyline
  90
2
  70
1
  43
0.645162580647742
  10
50.497078994157995
  20
-29.845059690119385
  42
1
  10
53.8971297942596
  20
-29.845059690119385
  42
1
  0
HATCH
  5
1177
  100
AcDbEntity
  8
Multi-Layer
  100
AcDbHatch
  10
0
  20
0
  30
0
  210
0
  220
0
  230
1
  2
SOLID
  70
1
  71
0
  91
1
  92
7
  72
1
  73
1
  93
2
  10
45.76041352696819
  20
-30.228729154801957
  42
1
  10
47.66033732681579
  20
-30.228729154801957
  42
1
  97
1
  330
1176
  75
0
  76
1
  47
0.8681437583925616
  98
1
  10
3.629517071192367
  20
33.92795499968543
  450
0
  451
0
  460
0
  461
0
  452
1
  462
1
  453
2
  463
0
  63
5
  421
255
  463
1
  63
7
  421
16777215
  470
LINEAR
  1001
ACAD
  1010
0
  1020
0
  1030
0
  0
LWPOLYLINE
  5
1178
  100
AcDbEntity
  8
Multi-Layer
  100
AcDbPolyline
  90
2
  70
1
  43
0.645162580647742
  10
45.76041352696819
  20
-30.228729154801957
  42
1
  10
47.6603373268158
  20
-30.228729154801957
  42
1
  0
HATCH
  5
1180
  100
AcDbEntity
  8
Multi-Layer
  100
AcDbHatch
  10
0
  20
0
  30
0
  210
0
  220
0
  230
1
  2
SOLID
  70
1
  71
0
  91
1
  92
7
  72
1
  73
1
  93
2
  10
56.733871461601794
  20
-29.461390225436812
  42
1
  10
58.63379526144939
  20
-29.461390225436812
  42
1
  97
1
  330
1179
  75
0
  76
1
  47
0.8681437583925616
  98
1
  10
3.629517071192367
  20
33.92795499968543
  450
0
  451
0
  460
0
  461
0
  452
1
  462
1
  453
2
  463
0
  63
5
  421
255
  463
1
  63
7
  421
16777215
  470
LINEAR
  1001
ACAD
  1010
0
  1020
0
  1030
0
  0
LWPOLYLINE
  5
1181
  100
AcDbEntity
  8
Multi-Layer
  100
AcDbPolyline
  90
2
  70
1
  43
0.645162580647742
  10
56.733871461601794
  20
-29.461390225436812
  42
1
  10
58.6337952614494
  20
-29.461390225436812
  42
1
  0
HATCH
  5
1183
  100
AcDbEntity
  8
Multi-Layer
  100
AcDbHatch
  10
0
  20
0
  30
0
  210
0
  220
0
  230
1
  2
SOLID
  70
1
  71
0
  91
1
  92
7
  72
1
  73
1
  93
2
  10
51.767081534163076
  20
-48.13309626619254
  42
1
  10
55.16713233426467
  20
-48.13309626619254
  42
1
  97
1
  330
1182
  75
0
  76
1
  47
0.8681437583925616
  98
1
  10
3.629517071192367
  20
33.92795499968543
  450
0
  451
0
  460
0
  461
0
  452
1
  462
1
  453
2
  463
0
  63
5
  421
255
  463
1
  63
7
  421
16777215
  470
LINEAR
  1001
ACAD
  1010
0
  1020
0
  1030
0
  0
LWPOLYLINE
  5
1184
  100
AcDbEntity
  8
Multi-Layer
  100
AcDbPolyline
  90
2
  70
1
  43
0.645162580647742
  10
51.76708153416307
  20
-48.13309626619254
  42
1
  10
55.16713233426468
  20
-48.13309626619254
  42
1
  0
HATCH
  5
1186
  100
AcDbEntity
  8
Multi-Layer
  100
AcDbHatch
  10
0
  20
0
  30
0
  210
0
  220
0
  230
1
  2
SOLID
  70
1
  71
0
  91
1
  92
7
  72
1
  73
1
  93
2
  10
47.030416066973274
  20
-48.51676573087511
  42
1
  10
48.93033986682087
  20
-48.51676573087511
  42
1
  97
1
  330
1185
  75
0
  76
1
  47
0.8681437583925616
  98
1
  10
3.629517071192367
  20
33.92795499968543
  450
0
  451
0
  460
0
  461
0
  452
1
  462
1
  453
2
  463
0
  63
5
  421
255
  463
1
  63
7
  421
16777215
  470
LINEAR
  1001
ACAD
  1010
0
  1020
0
  1030
0
  0
LWPOLYLINE
  5
1187
  100
AcDbEntity
  8
Multi-Layer
  100
AcDbPolyline
  90
2
  70
1
  43
0.645162580647742
  10
47.030416066973274
  20
-48.51676573087511
  42
1
  10
48.93033986682088
  20
-48.51676573087511
  42
1
  0
HATCH
  5
1189
  100
AcDbEntity
  8
Multi-Layer
  100
AcDbHatch
  10
0
  20
0
  30
0
  210
0
  220
0
  230
1
  2
SOLID
  70
1
  71
0
  91
1
  92
7
  72
1
  73
1
  93
2
  10
58.003874001606874
  20
-47.74942680150997
  42
1
  10
59.90379780145447
  20
-47.74942680150997
  42
1
  97
1
  330
1188
  75
0
  76
1
  47
0.8681437583925616
  98
1
  10
3.629517071192367
  20
33.92795499968543
  450
0
  451
0
  460
0
  461
0
  452
1
  462
1
  453
2
  463
0
  63
5
  421
255
  463
1
  63
7
  421
16777215
  470
LINEAR
  1001
ACAD
  1010
0
  1020
0
  1030
0
  0
LWPOLYLINE
  5
1190
  100
AcDbEntity
  8
Multi-Layer
  100
AcDbPolyline
  90
2
  70
1
  43
0.645162580647742
  10
58.003874001606874
  20
-47.74942680150997
  42
1
  10
59.90379780145447
  20
-47.74942680150997
  42
1
  0
HATCH
  5
1192
  100
AcDbEntity
  8
Multi-Layer
  100
AcDbHatch
  10
0
  20
0
  30
0
  210
0
  220
0
  230
1
  2
SOLID
  70
1
  71
0
  91
1
  92
7
  72
1
  73
1
  93
2
  10
53.037084074168156
  20
-66.42113284226569
  42
1
  10
56.43713487426975
  20
-66.42113284226569
  42
1
  97
1
  330
1191
  75
0
  76
1
  47
0.8681437583925616
  98
1
  10
3.629517071192367
  20
33.92795499968543
  450
0
  451
0
  460
0
  461
0
  452
1
  462
1
  453
2
  463
0
  63
5
  421
255
  463
1
  63
7
  421
16777215
  470
LINEAR
  1001
ACAD
  1010
0
  1020
0
  1030
0
  0
LWPOLYLINE
  5
1193
  100
AcDbEntity
  8
Multi-Layer
  100
AcDbPolyline
  90
2
  70
1
  43
0.645162580647742
  10
53.03708407416815
  20
-66.42113284226569
  42
1
  10
56.43713487426976
  20
-66.42113284226569
  42
1
  0
HATCH
  5
1195
  100
AcDbEntity
  8
Multi-Layer
  100
AcDbHatch
  10
0
  20
0
  30
0
  210
0
  220
0
  230
1
  2
SOLID
  70
1
  71
0
  91
1
  92
7
  72
1
  73
1
  93
2
  10
48.300418606978354
  20
-66.80480230694826
  42
1
  10
50.20034240682595
  20
-66.80480230694826
  42
1
  97
1
  330
1194
  75
0
  76
1
  47
0.8681437583925616
  98
1
  10
3.629517071192367
  20
33.92795499968543
  450
0
  451
0
  460
0
  461
0
  452
1
  462
1
  453
2
  463
0
  63
5
  421
255
  463
1
  63
7
  421
16777215
  470
LINEAR
  1001
ACAD
  1010
0
  1020
0
  1030
0
  0
LWPOLYLINE
  5
1196
  100
AcDbEntity
  8
Multi-Layer
  100
AcDbPolyline
  90
2
  70
1
  43
0.645162580647742
  10
48.300418606978354
  20
-66.80480230694826
  42
1
  10
50.20034240682596
  20
-66.80480230694826
  42
1
  0
HATCH
  5
1198
  100
AcDbEntity
  8
Multi-Layer
  100
AcDbHatch
  10
0
  20
0
  30
0
  210
0
  220
0
  230
1
  2
SOLID
  70
1
  71
0
  91
1
  92
7
  72
1
  73
1
  93
2
  10
59.273876541611955
  20
-66.03746337758312
  42
1
  10
61.173800341459554
  20
-66.03746337758312
  42
1
  97
1
  330
1197
  75
0
  76
1
  47
0.8681437583925616
  98
1
  10
3.629517071192367
  20
33.92795499968543
  450
0
  451
0
  460
0
  461
0
  452
1
  462
1
  453
2
  463
0
  63
5
  421
255
  463
1
  63
7
  421
16777215
  470
LINEAR
  1001
ACAD
  1010
0
  1020
0
  1030
0
  0
LWPOLYLINE
  5
1199
  100
AcDbEntity
  8
Multi-Layer
  100
AcDbPolyline
  90
2
  70
1
  43
0.645162580647742
  10
59.273876541611955
  20
-66.03746337758312
  42
1
  10
61.173800341459554
  20
-66.03746337758312
  42
1
  0
HATCH
  5
1201
  100
AcDbEntity
  8
Multi-Layer
  100
AcDbHatch
  10
0
  20
0
  30
0
  210
0
  220
0
  230
1
  2
SOLID
  70
1
  71
0
  91
1
  92
7
  72
1
  73
1
  93
2
  10
71.45212090424181
  20
-65.40513081026162
  42
1
  10
74.85217170434342
  20
-65.40513081026162
  42
1
  97
1
  330
1200
  75
0
  76
1
  47
0.8681437583925616
  98
1
  10
3.629517071192367
  20
33.92795499968543
  450
0
  451
0
  460
0
  461
0
  452
1
  462
1
  453
2
  463
0
  63
5
  421
255
  463
1
  63
7
  421
16777215
  470
LINEAR
  1001
ACAD
  1010
0
  1020
0
  1030
0
  0
LWPOLYLINE
  5
1202
  100
AcDbEntity
  8
Multi-Layer
  100
AcDbPolyline
  90
4
  70
0
  43
0.645162580647742
  10
71.45212090424182
  20
-65.40513081035931
  42
1
  10
74.85217170434342
  20
-65.40513081035931
  10
74.85217170434342
  20
-65.40513081016395
  42
1
  10
71.45212090424182
  20
-65.40513081016395
  0
HATCH
  5
1204
  100
AcDbEntity
  8
Multi-Layer
  100
AcDbHatch
  10
0
  20
0
  30
0
  210
0
  220
0
  230
1
  2
SOLID
  70
1
  71
0
  91
1
  92
7
  72
1
  73
1
  93
2
  10
66.70540793287492
  20
-65.59708247437032
  42
1
  10
68.60533173272253
  20
-65.59708247437032
  42
1
  97
1
  330
1203
  75
0
  76
1
  47
0.8681437583925616
  98
1
  10
3.629517071192367
  20
33.92795499968543
  450
0
  451
0
  460
0
  461
0
  452
1
  462
1
  453
2
  463
0
  63
5
  421
255
  463
1
  63
7
  421
16777215
  470
LINEAR
  1001
ACAD
  1010
0
  1020
0
  1030
0
  0
LWPOLYLINE
  5
1205
  100
AcDbEntity
  8
Multi-Layer
  100
AcDbPolyline
  90
2
  70
1
  43
0.645162580647742
  10
66.70540793287492
  20
-65.59708247437032
  42
1
  10
68.60533173272252
  20
-65.59708247437032
  42
1
  0
HATCH
  5
1207
  100
AcDbEntity
  8
Multi-Layer
  100
AcDbHatch
  10
0
  20
0
  30
0
  210
0
  220
0
  230
1
  2
SOLID
  70
1
  71
0
  91
1
  92
7
  72
1
  73
1
  93
2
  10
77.69896087586271
  20
-65.21317914615294
  42
1
  10
79.59888467571032
  20
-65.21317914615294
  42
1
  97
1
  330
1206
  75
0
  76
1
  47
0.8681437583925616
  98
1
  10
3.629517071192367
  20
33.92795499968543
  450
0
  451
0
  460
0
  461
0
  452
1
  462
1
  453
2
  463
0
  63
5
  421
255
  463
1
  63
7
  421
16777215
  470
LINEAR
  1001
ACAD
  1010
0
  1020
0
  1030
0
  0
LWPOLYLINE
  5
1208
  100
AcDbEntity
  8
Multi-Layer
  100
AcDbPolyline
  90
2
  70
1
  43
0.645162580647742
  10
77.69896087586271
  20
-65.21317914615294
  42
1
  10
79.59888467571032
  20
-65.21317914615294
  42
1
  0
HATCH
  5
1210
  100
AcDbEntity
  8
Multi-Layer
  100
AcDbHatch
  10
0
  20
0
  30
0
  210
0
  220
0
  230
1
  2
SOLID
  70
1
  71
0
  91
1
  92
7
  72
1
  73
1
  93
2
  10
70.81711963423928
  20
-47.11709423418847
  42
1
  10
74.21717043434089
  20
-47.11709423418847
  42
1
  97
1
  330
1209
  75
0
  76
1
  47
0.8681437583925616
  98
1
  10
3.629517071192367
  20
33.92795499968543
  450
0
  451
0
  460
0
  461
0
  452
1
  462
1
  453
2
  463
0
  63
5
  421
255
  463
1
  63
7
  421
16777215
  470
LINEAR
  1001
ACAD
  1010
0
  1020
0
  1030
0
  0
LWPOLYLINE
  5
1211
  100
AcDbEntity
  8
Multi-Layer
  100
AcDbPolyline
  90
4
  70
0
  43
0.645162580647742
  10
70.81711963423928
  20
-47.11709423428616
  42
1
  10
74.21717043434087
  20
-47.117094234286164
  10
74.21717043434087
  20
-47.117094234090786
  42
1
  10
70.81711963423928
  20
-47.117094234090786
  0
HATCH
  5
1213
  100
AcDbEntity
  8
Multi-Layer
  100
AcDbHatch
  10
0
  20
0
  30
0
  210
0
  220
0
  230
1
  2
SOLID
  70
1
  71
0
  91
1
  92
7
  72
1
  73
1
  93
2
  10
66.07040666287237
  20
-47.30904589829718
  42
1
  10
67.97033046271999
  20
-47.30904589829718
  42
1
  97
1
  330
1212
  75
0
  76
1
  47
0.8681437583925616
  98
1
  10
3.629517071192367
  20
33.92795499968543
  450
0
  451
0
  460
0
  461
0
  452
1
  462
1
  453
2
  463
0
  63
5
  421
255
  463
1
  63
7
  421
16777215
  470
LINEAR
  1001
ACAD
  1010
0
  1020
0
  1030
0
  0
LWPOLYLINE
  5
1214
  100
AcDbEntity
  8
Multi-Layer
  100
AcDbPolyline
  90
2
  70
1
  43
0.645162580647742
  10
66.07040666287237
  20
-47.30904589829718
  42
1
  10
67.97033046271999
  20
-47.30904589829718
  42
1
  0
HATCH
  5
1216
  100
AcDbEntity
  8
Multi-Layer
  100
AcDbHatch
  10
0
  20
0
  30
0
  210
0
  220
0
  230
1
  2
SOLID
  70
1
  71
0
  91
1
  92
7
  72
1
  73
1
  93
2
  10
77.06395960586016
  20
-46.92514257007977
  42
1
  10
78.96388340570778
  20
-46.92514257007977
  42
1
  97
1
  330
1215
  75
0
  76
1
  47
0.8681437583925616
  98
1
  10
3.629517071192367
  20
33.92795499968543
  450
0
  451
0
  460
0
  461
0
  452
1
  462
1
  453
2
  463
0
  63
5
  421
255
  463
1
  63
7
  421
16777215
  470
LINEAR
  1001
ACAD
  1010
0
  1020
0
  1030
0
  0
LWPOLYLINE
  5
1217
  100
AcDbEntity
  8
Multi-Layer
  100
AcDbPolyline
  90
2
  70
1
  43
0.645162580647742
  10
77.06395960586018
  20
-46.92514257007977
  42
1
  10
78.96388340570778
  20
-46.92514257007977
  42
1
  0
HATCH
  5
1219
  100
AcDbEntity
  8
Multi-Layer
  100
AcDbHatch
  10
0
  20
0
  30
0
  210
0
  220
0
  230
1
  2
SOLID
  70
1
  71
0
  91
1
  92
7
  72
1
  73
1
  93
2
  10
70.18211836423673
  20
-28.70205740411481
  42
1
  10
73.58216916433834
  20
-28.70205740411481
  42
1
  97
1
  330
1218
  75
0
  76
1
  47
0.8681437583925616
  98
1
  10
3.629517071192367
  20
33.92795499968543
  450
0
  451
0
  460
0
  461
0
  452
1
  462
1
  453
2
  463
0
  63
5
  421
255
  463
1
  63
7
  421
16777215
  470
LINEAR
  1001
ACAD
  1010
0
  1020
0
  1030
0
  0
LWPOLYLINE
  5
1220
  100
AcDbEntity
  8
Multi-Layer
  100
AcDbPolyline
  90
4
  70
0
  43
0.645162580647742
  10
70.18211836423674
  20
-28.702057404212493
  42
1
  10
73.58216916433834
  20
-28.702057404212496
  10
73.58216916433834
  20
-28.70205740401713
  42
1
  10
70.18211836423674
  20
-28.70205740401713
  0
HATCH
  5
1222
  100
AcDbEntity
  8
Multi-Layer
  100
AcDbHatch
  10
0
  20
0
  30
0
  210
0
  220
0
  230
1
  2
SOLID
  70
1
  71
0
  91
1
  92
7
  72
1
  73
1
  93
2
  10
65.43540539286984
  20
-28.89400906822351
  42
1
  10
67.33532919271745
  20
-28.89400906822351
  42
1
  97
1
  330
1221
  75
0
  76
1
  47
0.8681437583925616
  98
1
  10
3.629517071192367
  20
33.92795499968543
  450
0
  451
0
  460
0
  461
0
  452
1
  462
1
  453
2
  463
0
  63
5
  421
255
  463
1
  63
7
  421
16777215
  470
LINEAR
  1001
ACAD
  1010
0
  1020
0
  1030
0
  0
LWPOLYLINE
  5
1223
  100
AcDbEntity
  8
Multi-Layer
  100
AcDbPolyline
  90
2
  70
1
  43
0.645162580647742
  10
65.43540539286984
  20
-28.89400906822351
  42
1
  10
67.33532919271744
  20
-28.89400906822351
  42
1
  0
HATCH
  5
1225
  100
AcDbEntity
  8
Multi-Layer
  100
AcDbHatch
  10
0
  20
0
  30
0
  210
0
  220
0
  230
1
  2
SOLID
  70
1
  71
0
  91
1
  92
7
  72
1
  73
1
  93
2
  10
76.42895833585763
  20
-28.51010574000611
  42
1
  10
78.32888213570524
  20
-28.51010574000611
  42
1
  97
1
  330
1224
  75
0
  76
1
  47
0.8681437583925616
  98
1
  10
3.629517071192367
  20
33.92795499968543
  450
0
  451
0
  460
0
  461
0
  452
1
  462
1
  453
2
  463
0
  63
5
  421
255
  463
1
  63
7
  421
16777215
  470
LINEAR
  1001
ACAD
  1010
0
  1020
0
  1030
0
  0
LWPOLYLINE
  5
1226
  100
AcDbEntity
  8
Multi-Layer
  100
AcDbPolyline
  90
2
  70
1
  43
0.645162580647742
  10
76.42895833585763
  20
-28.51010574000611
  42
1
  10
78.32888213570524
  20
-28.51010574000611
  42
1
  0
HATCH
  5
1228
  100
AcDbEntity
  8
Multi-Layer
  100
AcDbHatch
  10
0
  20
0
  30
0
  210
0
  220
0
  230
1
  2
SOLID
  70
1
  71
0
  91
1
  92
7
  72
1
  73
1
  93
2
  10
69.5471170942342
  20
-10.287020574041149
  42
1
  10
72.9471678943358
  20
-10.287020574041149
  42
1
  97
1
  330
1227
  75
0
  76
1
  47
0.8681437583925616
  98
1
  10
3.629517071192367
  20
33.92795499968543
  450
0
  451
0
  460
0
  461
0
  452
1
  462
1
  453
2
  463
0
  63
5
  421
255
  463
1
  63
7
  421
16777215
  470
LINEAR
  1001
ACAD
  1010
0
  1020
0
  1030
0
  0
LWPOLYLINE
  5
1229
  100
AcDbEntity
  8
Multi-Layer
  100
AcDbPolyline
  90
4
  70
0
  43
0.645162580647742
  10
69.5471170942342
  20
-10.28702057413883
  42
1
  10
72.94716789433579
  20
-10.287020574138833
  10
72.94716789433579
  20
-10.287020573943467
  42
1
  10
69.5471170942342
  20
-10.287020573943467
  0
HATCH
  5
1231
  100
AcDbEntity
  8
Multi-Layer
  100
AcDbHatch
  10
0
  20
0
  30
0
  210
0
  220
0
  230
1
  2
SOLID
  70
1
  71
0
  91
1
  92
7
  72
1
  73
1
  93
2
  10
64.80040412286729
  20
-10.47897223814985
  42
1
  10
66.7003279227149
  20
-10.47897223814985
  42
1
  97
1
  330
1230
  75
0
  76
1
  47
0.8681437583925616
  98
1
  10
3.629517071192367
  20
33.92795499968543
  450
0
  451
0
  460
0
  461
0
  452
1
  462
1
  453
2
  463
0
  63
5
  421
255
  463
1
  63
7
  421
16777215
  470
LINEAR
  1001
ACAD
  1010
0
  1020
0
  1030
0
  0
LWPOLYLINE
  5
1232
  100
AcDbEntity
  8
Multi-Layer
  100
AcDbPolyline
  90
2
  70
1
  43
0.645162580647742
  10
64.80040412286729
  20
-10.47897223814985
  42
1
  10
66.7003279227149
  20
-10.47897223814985
  42
1
  0
HATCH
  5
1234
  100
AcDbEntity
  8
Multi-Layer
  100
AcDbHatch
  10
0
  20
0
  30
0
  210
0
  220
0
  230
1
  2
SOLID
  70
1
  71
0
  91
1
  92
7
  72
1
  73
1
  93
2
  10
75.79395706585508
  20
-10.095068909932447
  42
1
  10
77.6938808657027
  20
-10.095068909932447
  42
1
  97
1
  330
1233
  75
0
  76
1
  47
0.8681437583925616
  98
1
  10
3.629517071192367
  20
33.92795499968543
  450
0
  451
0
  460
0
  461
0
  452
1
  462
1
  453
2
  463
0
  63
5
  421
255
  463
1
  63
7
  421
16777215
  470
LINEAR
  1001
ACAD
  1010
0
  1020
0
  1030
0
  0
LWPOLYLINE
  5
1235
  100
AcDbEntity
  8
Multi-Layer
  100
AcDbPolyline
  90
2
  70
1
  43
0.645162580647742
  10
75.7939570658551
  20
-10.095068909932447
  42
1
  10
77.6938808657027
  20
-10.095068909932447
  42
1
  0
HATCH
  5
1241
  100
AcDbEntity
  8
Multi-Layer
  100
AcDbHatch
  10
0
  20
0
  30
0
  210
0
  220
0
  230
1
  2
SOLID
  70
1
  71
0
  91
1
  92
7
  72
0
  73
1
  93
14
  10
71.247142494285
  20
-78.10502921005843
  10
75.94615189230379
  20
-78.10490220980442
  10
75.94615189230379
  20
-82.4230378460757
  10
76.0731521463043
  20
-83.31203962407926
  10
76.58115316230634
  20
-83.94691389382778
  10
77.08915417830836
  20
-84.20091440182881
  10
77.72415544831091
  20
-84.45504191008384
  10
81.15316230632462
  20
-84.45491490982982
  10
81.15316230632462
  20
-89.15405130810264
  10
73.53314706629415
  20
-89.15405130810264
  10
72.7711455422911
  20
-88.90005080010161
  10
72.13614427228855
  20
-88.51905003810009
  10
71.62814325628652
  20
-87.88404876809756
  10
71.247142494285
  20
-87.1220472440945
  97
1
  330
1240
  75
0
  76
1
  47
0.4128176842155181
  98
1
  10
34.90568961886538
  20
22.81183545379326
  450
0
  451
0
  460
0
  461
0
  452
1
  462
1
  453
2
  463
0
  63
5
  421
255
  463
1
  63
7
  421
16777215
  470
LINEAR
  1001
ACAD
  1010
0
  1020
0
  1030
0
  0
LWPOLYLINE
  5
1240
  100
AcDbEntity
  8
Multi-Layer
  100
AcDbPolyline
  90
14
  70
1
  43
0.025400050800101603
  10
71.247142494285
  20
-78.10502921005843
  10
75.94615189230379
  20
-78.10490220980442
  10
75.94615189230379
  20
-82.4230378460757
  10
76.0731521463043
  20
-83.31203962407926
  10
76.58115316230634
  20
-83.94691389382778
  10
77.08915417830836
  20
-84.20091440182881
  10
77.72415544831091
  20
-84.45504191008384
  10
81.15316230632462
  20
-84.45491490982982
  10
81.15316230632462
  20
-89.15405130810264
  10
73.53314706629415
  20
-89.15405130810264
  10
72.7711455422911
  20
-88.90005080010161
  10
72.13614427228855
  20
-88.51905003810009
  10
71.62814325628652
  20
-87.88404876809756
  10
71.247142494285
  20
-87.1220472440945
  0
HATCH
  5
1243
  100
AcDbEntity
  8
Multi-Layer
  100
AcDbHatch
  10
0
  20
0
  30
0
  210
0
  220
0
  230
1
  2
SOLID
  70
1
  71
0
  91
1
  92
7
  72
0
  73
1
  93
4
  10
108.83921767843538
  20
-90.55118110236222
  10
108.83921767843538
  20
-116.07823215646432
  10
103.75920751841505
  20
-116.07823215646432
  10
103.75920751841505
  20
-90.55118110236222
  97
1
  330
1242
  75
0
  76
1
  47
0.4128176842155181
  98
1
  10
34.90568961886538
  20
22.81183545379326
  450
0
  451
0
  460
0
  461
0
  452
1
  462
1
  453
2
  463
0
  63
5
  421
255
  463
1
  63
7
  421
16777215
  470
LINEAR
  1001
ACAD
  1010
0
  1020
0
  1030
0
  0
LWPOLYLINE
  5
1242
  100
AcDbEntity
  8
Multi-Layer
  100
AcDbPolyline
  90
4
  70
1
  43
0.025400050800101603
  10
108.83921767843538
  20
-90.55118110236222
  10
108.83921767843538
  20
-116.07823215646432
  10
103.75920751841505
  20
-116.07823215646432
  10
103.75920751841505
  20
-90.55118110236222
  0
HATCH
  5
1245
  100
AcDbEntity
  8
Multi-Layer
  100
AcDbHatch
  10
0
  20
0
  30
0
  210
0
  220
0
  230
1
  2
SOLID
  70
1
  71
0
  91
1
  92
7
  72
0
  73
1
  93
19
  10
9.652019304038609
  20
-91.31318262636526
  10
10.414020828041657
  20
-93.3451866903734
  10
11.176022352044706
  20
-94.48818897637797
  10
12.065024130048261
  20
-95.37719075438152
  10
13.208026416052833
  20
-96.13919227838457
  10
25.01905003810008
  20
-96.13919227838457
  10
25.01905003810008
  20
-116.07823215646432
  10
-0.12700025400050802
  20
-116.07823215646432
  10
-0.12700025400050802
  20
-53.467106934213874
  10
0.38100076200152405
  20
-53.8481076962154
  10
0.8890017780035562
  20
-54.22910845821692
  10
1.6510033020066042
  20
-54.61010922021845
  10
2.286004572009144
  20
-54.737109474218954
  10
3.0480060960121924
  20
-54.737109474218954
  10
3.6830073660147327
  20
-54.61010922021845
  10
4.3180086360172725
  20
-54.356108712217434
  10
4.572009144018288
  20
-54.22910845821692
  10
4.699009398018797
  20
-54.22910845821692
  10
7.620015240030481
  20
-79.1211582423165
  97
1
  330
1244
  75
0
  76
1
  47
0.4128176842155181
  98
1
  10
34.90568961886538
  20
22.81183545379326
  450
0
  451
0
  460
0
  461
0
  452
1
  462
1
  453
2
  463
0
  63
5
  421
255
  463
1
  63
7
  421
16777215
  470
LINEAR
  1001
ACAD
  1010
0
  1020
0
  1030
0
  0
LWPOLYLINE
  5
1244
  100
AcDbEntity
  8
Multi-Layer
  100
AcDbPolyline
  90
19
  70
1
  43
0.025400050800101603
  10
9.652019304038609
  20
-91.31318262636526
  10
10.414020828041657
  20
-93.3451866903734
  10
11.176022352044706
  20
-94.48818897637797
  10
12.065024130048261
  20
-95.37719075438152
  10
13.208026416052833
  20
-96.13919227838457
  10
25.01905003810008
  20
-96.13919227838457
  10
25.01905003810008
  20
-116.07823215646432
  10
-0.12700025400050802
  20
-116.07823215646432
  10
-0.12700025400050802
  20
-53.467106934213874
  10
0.38100076200152405
  20
-53.8481076962154
  10
0.8890017780035562
  20
-54.22910845821692
  10
1.6510033020066042
  20
-54.61010922021845
  10
2.286004572009144
  20
-54.737109474218954
  10
3.0480060960121924
  20
-54.737109474218954
  10
3.6830073660147327
  20
-54.61010922021845
  10
4.3180086360172725
  20
-54.356108712217434
  10
4.572009144018288
  20
-54.22910845821692
  10
4.699009398018797
  20
-54.22910845821692
  10
7.620015240030481
  20
-79.1211582423165
  0
HATCH
  5
1247
  100
AcDbEntity
  8
Multi-Layer
  100
AcDbHatch
  10
0
  20
0
  30
0
  210
0
  220
0
  230
1
  2
SOLID
  70
1
  71
0
  91
1
  92
7
  72
0
  73
1
  93
14
  10
0.12700025400050802
  20
-15.748031496062994
  10
-0.12700025400050802
  20
-15.748031496062994
  10
-0.12700025400050802
  20
-48.38709677419355
  10
-0.12700025400050802
  20
-54.86410972821946
  10
3.1750063500127004
  20
-54.86410972821946
  10
4.826009652019304
  20
-54.22910845821692
  10
5.7150114300228605
  20
-53.467106934213874
  10
6.350012700025401
  20
-52.45110490220981
  10
6.604013208026417
  20
-51.435102870205746
  10
6.477012954025909
  20
-50.419100838201686
  10
6.223012446024893
  20
-49.27609855219711
  10
5.461010922021845
  20
-48.13309626619254
  10
4.699009398018797
  20
-47.625095250190505
  10
3.6830073660147327
  20
-47.244094488188985
  97
1
  330
1246
  75
0
  76
1
  47
0.4128176842155181
  98
1
  10
34.90568961886538
  20
22.81183545379326
  450
0
  451
0
  460
0
  461
0
  452
1
  462
1
  453
2
  463
0
  63
5
  421
255
  463
1
  63
7
  421
16777215
  470
LINEAR
  1001
ACAD
  1010
0
  1020
0
  1030
0
  0
LWPOLYLINE
  5
1246
  100
AcDbEntity
  8
Multi-Layer
  100
AcDbPolyline
  90
14
  70
1
  43
0.025400050800101603
  10
0.12700025400050802
  20
-15.748031496062994
  10
-0.12700025400050802
  20
-15.748031496062994
  10
-0.12700025400050802
  20
-48.38709677419355
  10
-0.12700025400050802
  20
-54.86410972821946
  10
3.1750063500127004
  20
-54.86410972821946
  10
4.826009652019304
  20
-54.22910845821692
  10
5.7150114300228605
  20
-53.467106934213874
  10
6.350012700025401
  20
-52.45110490220981
  10
6.604013208026417
  20
-51.435102870205746
  10
6.477012954025909
  20
-50.419100838201686
  10
6.223012446024893
  20
-49.27609855219711
  10
5.461010922021845
  20
-48.13309626619254
  10
4.699009398018797
  20
-47.625095250190505
  10
3.6830073660147327
  20
-47.244094488188985
  0
HATCH
  5
1249
  100
AcDbEntity
  8
Multi-Layer
  100
AcDbHatch
  10
0
  20
0
  30
0
  210
0
  220
0
  230
1
  2
SOLID
  70
1
  71
0
  91
1
  92
7
  72
0
  73
1
  93
8
  10
19.939039878079758
  20
0.12700025400050802
  10
-0.12700025400050802
  20
0.12700025400050802
  10
-0.12700025400050802
  20
-12.954025908051818
  10
0.12700025400050802
  20
-12.700025400050801
  10
0.38100076200152405
  20
-12.19202438404877
  10
0.7620015240030481
  20
-11.684023368046738
  10
1.5240030480060962
  20
-11.049022098044198
  10
3.8100076200152406
  20
-9.652019304038609
  97
1
  330
1248
  75
0
  76
1
  47
0.4128176842155181
  98
1
  10
34.90568961886538
  20
22.81183545379326
  450
0
  451
0
  460
0
  461
0
  452
1
  462
1
  453
2
  463
0
  63
5
  421
255
  463
1
  63
7
  421
16777215
  470
LINEAR
  1001
ACAD
  1010
0
  1020
0
  1030
0
  0
LWPOLYLINE
  5
1248
  100
AcDbEntity
  8
Multi-Layer
  100
AcDbPolyline
  90
8
  70
1
  43
0.025400050800101603
  10
19.939039878079758
  20
0.12700025400050802
  10
-0.12700025400050802
  20
0.12700025400050802
  10
-0.12700025400050802
  20
-12.954025908051818
  10
0.12700025400050802
  20
-12.700025400050801
  10
0.38100076200152405
  20
-12.19202438404877
  10
0.7620015240030481
  20
-11.684023368046738
  10
1.5240030480060962
  20
-11.049022098044198
  10
3.8100076200152406
  20
-9.652019304038609
  0
HATCH
  5
1251
  100
AcDbEntity
  8
Multi-Layer
  100
AcDbHatch
  10
0
  20
0
  30
0
  210
0
  220
0
  230
1
  2
SOLID
  70
1
  71
0
  91
1
  92
7
  72
0
  73
1
  93
37
  10
88.01117602235206
  20
-68.0720091440183
  10
88.01117602235206
  20
-66.5480060960122
  10
89.53517907035815
  20
-66.54787909575819
  10
89.66217932435866
  20
-66.16713233426468
  10
89.78917957835917
  20
-65.78613157226316
  10
90.04318008636018
  20
-65.27813055626112
  10
90.55118110236222
  20
-64.8971297942596
  10
91.05918211836425
  20
-64.77012954025909
  10
97.15519431038864
  20
-64.77012954025909
  10
97.79019558039117
  20
-65.0241300482601
  10
98.17119634239269
  20
-65.27813055626112
  10
98.55219710439422
  20
-65.65913131826264
  10
98.80619761239524
  20
-66.16713233426468
  10
98.93319786639574
  20
-67.05613411226824
  10
98.93319786639574
  20
-73.91414782829567
  10
101.72720345440692
  20
-73.91414782829567
  10
101.72720345440692
  20
-82.16916433832868
  10
98.93319786639574
  20
-82.16916433832868
  10
98.93319786639574
  20
-87.88417576835155
  10
98.80619761239524
  20
-89.40817881635765
  10
98.04419608839218
  20
-90.55118110236222
  10
96.7741935483871
  20
-90.93205486410974
  10
91.05918211836425
  20
-90.93205486410974
  10
90.67818135636273
  20
-90.80505461010924
  10
90.42418084836171
  20
-90.67805435610873
  10
90.17018034036069
  20
-90.55105410210822
  10
89.91617983235967
  20
-90.17005334010669
  10
89.66217932435866
  20
-89.66205232410466
  10
89.53517907035815
  20
-89.28105156210314
  10
87.75717551435103
  20
-89.28105156210314
  10
87.75717551435103
  20
-88.01104902209806
  10
83.56616713233427
  20
-88.01104902209806
  10
83.56616713233427
  20
-85.21704343408688
  10
87.88417576835155
  20
-85.21704343408688
  10
87.88417576835155
  20
-71.1200152400305
  10
83.56616713233427
  20
-71.1200152400305
  10
83.56616713233427
  20
-68.0720091440183
  97
1
  330
1250
  75
0
  76
1
  47
0.4128176842155181
  98
1
  10
34.90568961886538
  20
22.81183545379326
  450
0
  451
0
  460
0
  461
0
  452
1
  462
1
  453
2
  463
0
  63
5
  421
255
  463
1
  63
7
  421
16777215
  470
LINEAR
  1001
ACAD
  1010
0
  1020
0
  1030
0
  0
LWPOLYLINE
  5
1250
  100
AcDbEntity
  8
Multi-Layer
  100
AcDbPolyline
  90
37
  70
1
  43
0.025400050800101603
  10
88.01117602235206
  20
-68.0720091440183
  10
88.01117602235206
  20
-66.5480060960122
  10
89.53517907035815
  20
-66.54787909575819
  10
89.66217932435866
  20
-66.16713233426468
  10
89.78917957835917
  20
-65.78613157226316
  10
90.04318008636018
  20
-65.27813055626112
  10
90.55118110236222
  20
-64.8971297942596
  10
91.05918211836425
  20
-64.77012954025909
  10
97.15519431038864
  20
-64.77012954025909
  10
97.79019558039117
  20
-65.0241300482601
  10
98.17119634239269
  20
-65.27813055626112
  10
98.55219710439422
  20
-65.65913131826264
  10
98.80619761239524
  20
-66.16713233426468
  10
98.93319786639574
  20
-67.05613411226824
  10
98.93319786639574
  20
-73.91414782829567
  10
101.72720345440692
  20
-73.91414782829567
  10
101.72720345440692
  20
-82.16916433832868
  10
98.93319786639574
  20
-82.16916433832868
  10
98.93319786639574
  20
-87.88417576835155
  10
98.80619761239524
  20
-89.40817881635765
  10
98.04419608839218
  20
-90.55118110236222
  10
96.7741935483871
  20
-90.93205486410974
  10
91.05918211836425
  20
-90.93205486410974
  10
90.67818135636273
  20
-90.80505461010924
  10
90.42418084836171
  20
-90.67805435610873
  10
90.17018034036069
  20
-90.55105410210822
  10
89.91617983235967
  20
-90.17005334010669
  10
89.66217932435866
  20
-89.66205232410466
  10
89.53517907035815
  20
-89.28105156210314
  10
87.75717551435103
  20
-89.28105156210314
  10
87.75717551435103
  20
-88.01104902209806
  10
83.56616713233427
  20
-88.01104902209806
  10
83.56616713233427
  20
-85.21704343408688
  10
87.88417576835155
  20
-85.21704343408688
  10
87.88417576835155
  20
-71.1200152400305
  10
83.56616713233427
  20
-71.1200152400305
  10
83.56616713233427
  20
-68.0720091440183
  0
HATCH
  5
1253
  100
AcDbEntity
  8
Multi-Layer
  100
AcDbHatch
  10
0
  20
0
  30
0
  210
0
  220
0
  230
1
  2
SOLID
  70
1
  71
0
  91
1
  92
7
  72
0
  73
1
  93
24
  10
56.642113284226575
  20
0.12712725425450852
  10
57.40411480822962
  20
0.12700025400050802
  10
57.912115824231655
  20
0.12700025400050802
  10
58.547117094234196
  20
0.12700025400050802
  10
59.182118364236736
  20
0.12700025400050802
  10
59.69011938023877
  20
0.12700025400050802
  10
60.452120904241816
  20
0.12712725425450852
  10
60.452120904241816
  20
-1.5238760477520956
  10
60.452120904241816
  20
-1.9050038100076203
  10
60.32512065024131
  20
-2.286004572009144
  10
60.07112014224029
  20
-2.6670053340106685
  10
59.817119634239276
  20
-2.9210058420116845
  10
59.56311912623826
  20
-3.1750063500127004
  10
59.30911861823724
  20
-3.3020066040132083
  10
58.92811785623572
  20
-3.4290068580137163
  10
58.547117094234196
  20
-3.4290068580137163
  10
58.16611633223267
  20
-3.4290068580137163
  10
57.78511557023115
  20
-3.3020066040132083
  10
57.53111506223013
  20
-3.1750063500127004
  10
57.277114554229115
  20
-2.9210058420116845
  10
57.0231140462281
  20
-2.6670053340106685
  10
56.76911353822708
  20
-2.286004572009144
  10
56.642113284226575
  20
-1.7780035560071124
  10
56.642113284226575
  20
-1.6508763017526038
  97
1
  330
1252
  75
0
  76
1
  47
0.4128176842155181
  98
1
  10
34.90568961886538
  20
22.81183545379326
  450
0
  451
0
  460
0
  461
0
  452
1
  462
1
  453
2
  463
0
  63
5
  421
255
  463
1
  63
7
  421
16777215
  470
LINEAR
  1001
ACAD
  1010
0
  1020
0
  1030
0
  0
LWPOLYLINE
  5
1252
  100
AcDbEntity
  8
Multi-Layer
  100
AcDbPolyline
  90
24
  70
1
  43
0.025400050800101603
  10
56.642113284226575
  20
0.12712725425450852
  10
57.40411480822962
  20
0.12700025400050802
  10
57.912115824231655
  20
0.12700025400050802
  10
58.547117094234196
  20
0.12700025400050802
  10
59.182118364236736
  20
0.12700025400050802
  10
59.69011938023877
  20
0.12700025400050802
  10
60.452120904241816
  20
0.12712725425450852
  10
60.452120904241816
  20
-1.5238760477520956
  10
60.452120904241816
  20
-1.9050038100076203
  10
60.32512065024131
  20
-2.286004572009144
  10
60.07112014224029
  20
-2.6670053340106685
  10
59.817119634239276
  20
-2.9210058420116845
  10
59.56311912623826
  20
-3.1750063500127004
  10
59.30911861823724
  20
-3.3020066040132083
  10
58.92811785623572
  20
-3.4290068580137163
  10
58.547117094234196
  20
-3.4290068580137163
  10
58.16611633223267
  20
-3.4290068580137163
  10
57.78511557023115
  20
-3.3020066040132083
  10
57.53111506223013
  20
-3.1750063500127004
  10
57.277114554229115
  20
-2.9210058420116845
  10
57.0231140462281
  20
-2.6670053340106685
  10
56.76911353822708
  20
-2.286004572009144
  10
56.642113284226575
  20
-1.7780035560071124
  10
56.642113284226575
  20
-1.6508763017526038
  0
HATCH
  5
1255
  100
AcDbEntity
  8
Multi-Layer
  100
AcDbHatch
  10
0
  20
0
  30
0
  210
0
  220
0
  230
1
  2
SOLID
  70
1
  71
0
  91
1
  92
7
  72
0
  73
1
  93
14
  10
108.83921767843538
  20
0.12700025400050802
  10
108.83921767843538
  20
-59.43611887223775
  10
100.33020066040133
  20
-59.43611887223775
  10
100.33020066040133
  20
-4.191008382016765
  10
98.17119634239269
  20
-4.191008382016765
  10
97.53619507239016
  20
-4.191008382016765
  10
96.90119380238762
  20
-4.0640081280162565
  10
96.39319278638558
  20
-3.8100076200152406
  10
95.88519177038356
  20
-3.4290068580137163
  10
95.50419100838202
  20
-3.0480060960121924
  10
95.25019050038101
  20
-2.6670053340106685
  10
95.1231902463805
  20
-2.286004572009144
  10
94.99618999238
  20
-1.7780035560071124
  10
94.99618999238
  20
0.12700025400050802
  97
1
  330
1254
  75
0
  76
1
  47
0.4128176842155181
  98
1
  10
34.90568961886538
  20
22.81183545379326
  450
0
  451
0
  460
0
  461
0
  452
1
  462
1
  453
2
  463
0
  63
5
  421
255
  463
1
  63
7
  421
16777215
  470
LINEAR
  1001
ACAD
  1010
0
  1020
0
  1030
0
  0
LWPOLYLINE
  5
1254
  100
AcDbEntity
  8
Multi-Layer
  100
AcDbPolyline
  90
14
  70
1
  43
0.025400050800101603
  10
108.83921767843538
  20
0.12700025400050802
  10
108.83921767843538
  20
-59.43611887223775
  10
100.33020066040133
  20
-59.43611887223775
  10
100.33020066040133
  20
-4.191008382016765
  10
98.17119634239269
  20
-4.191008382016765
  10
97.53619507239016
  20
-4.191008382016765
  10
96.90119380238762
  20
-4.0640081280162565
  10
96.39319278638558
  20
-3.8100076200152406
  10
95.88519177038356
  20
-3.4290068580137163
  10
95.50419100838202
  20
-3.0480060960121924
  10
95.25019050038101
  20
-2.6670053340106685
  10
95.1231902463805
  20
-2.286004572009144
  10
94.99618999238
  20
-1.7780035560071124
  10
94.99618999238
  20
0.12700025400050802
  0
HATCH
  5
1459
  100
AcDbEntity
  8
Multi-Layer
  100
AcDbHatch
  10
0
  20
0
  30
0
  210
0
  220
0
  230
1
  2
SOLID
  70
1
  71
0
  91
1
  92
7
  72
1
  73
1
  93
2
  10
101.98120396240793
  20
-80.64516129032259
  42
1
  10
103.50520701041404
  20
-80.64516129032259
  42
1
  97
1
  330
1458
  75
0
  76
1
  47
0.8681437583925616
  98
1
  10
3.629517071192367
  20
33.92795499968543
  450
0
  451
0
  460
0
  461
0
  452
1
  462
1
  453
2
  463
0
  63
5
  421
255
  463
1
  63
7
  421
16777215
  470
LINEAR
  1001
ACAD
  1010
0
  1020
0
  1030
0
  0
LWPOLYLINE
  5
1460
  100
AcDbEntity
  8
Multi-Layer
  100
AcDbPolyline
  90
2
  70
1
  43
0
  10
101.98120396240793
  20
-80.64516129032259
  42
1
  10
103.50520701041404
  20
-80.64516129032259
  42
1
  0
HATCH
  5
1462
  100
AcDbEntity
  8
Multi-Layer
  100
AcDbHatch
  10
0
  20
0
  30
0
  210
0
  220
0
  230
1
  2
SOLID
  70
1
  71
0
  91
1
  92
7
  72
1
  73
1
  93
2
  10
101.98120396240793
  20
-80.64516129032259
  42
1
  10
103.50520701041404
  20
-80.64516129032259
  42
1
  97
1
  330
1461
  75
0
  76
1
  47
0.8681437583925616
  98
1
  10
3.629517071192367
  20
33.92795499968543
  450
0
  451
0
  460
0
  461
0
  452
1
  462
1
  453
2
  463
0
  63
5
  421
255
  463
1
  63
7
  421
16777215
  470
LINEAR
  1001
ACAD
  1010
0
  1020
0
  1030
0
  0
LWPOLYLINE
  5
1463
  100
AcDbEntity
  8
Multi-Layer
  100
AcDbPolyline
  90
2
  70
1
  43
0
  10
101.98120396240793
  20
-80.64516129032259
  42
1
  10
103.50520701041404
  20
-80.64516129032259
  42
1
  0
HATCH
  5
1465
  100
AcDbEntity
  8
Multi-Layer
  100
AcDbHatch
  10
0
  20
0
  30
0
  210
0
  220
0
  230
1
  2
SOLID
  70
1
  71
0
  91
1
  92
7
  72
1
  73
1
  93
2
  10
101.98120396240793
  20
-80.64516129032259
  42
1
  10
103.50520701041404
  20
-80.64516129032259
  42
1
  97
1
  330
1464
  75
0
  76
1
  47
0.8681437583925616
  98
1
  10
3.629517071192367
  20
33.92795499968543
  450
0
  451
0
  460
0
  461
0
  452
1
  462
1
  453
2
  463
0
  63
5
  421
255
  463
1
  63
7
  421
16777215
  470
LINEAR
  1001
ACAD
  1010
0
  1020
0
  1030
0
  0
LWPOLYLINE
  5
1466
  100
AcDbEntity
  8
Multi-Layer
  100
AcDbPolyline
  90
2
  70
1
  43
0
  10
101.98120396240793
  20
-80.64516129032259
  42
1
  10
103.50520701041404
  20
-80.64516129032259
  42
1
  0
HATCH
  5
1471
  100
AcDbEntity
  8
Multi-Layer
  100
AcDbHatch
  10
0
  20
0
  30
0
  210
0
  220
0
  230
1
  2
SOLID
  70
1
  71
0
  91
1
  92
7
  72
1
  73
1
  93
2
  10
101.98120396240793
  20
-78.10515621031243
  42
1
  10
103.50520701041404
  20
-78.10515621031243
  42
1
  97
1
  330
1470
  75
0
  76
1
  47
0.8681437583925616
  98
1
  10
3.629517071192367
  20
33.92795499968543
  450
0
  451
0
  460
0
  461
0
  452
1
  462
1
  453
2
  463
0
  63
5
  421
255
  463
1
  63
7
  421
16777215
  470
LINEAR
  1001
ACAD
  1010
0
  1020
0
  1030
0
  0
LWPOLYLINE
  5
1472
  100
AcDbEntity
  8
Multi-Layer
  100
AcDbPolyline
  90
2
  70
1
  43
0
  10
101.98120396240793
  20
-78.10515621031243
  42
1
  10
103.50520701041404
  20
-78.10515621031243
  42
1
  0
HATCH
  5
1474
  100
AcDbEntity
  8
Multi-Layer
  100
AcDbHatch
  10
0
  20
0
  30
0
  210
0
  220
0
  230
1
  2
SOLID
  70
1
  71
0
  91
1
  92
7
  72
1
  73
1
  93
2
  10
101.98120396240793
  20
-78.10515621031243
  42
1
  10
103.50520701041404
  20
-78.10515621031243
  42
1
  97
1
  330
1473
  75
0
  76
1
  47
0.8681437583925616
  98
1
  10
3.629517071192367
  20
33.92795499968543
  450
0
  451
0
  460
0
  461
0
  452
1
  462
1
  453
2
  463
0
  63
5
  421
255
  463
1
  63
7
  421
16777215
  470
LINEAR
  1001
ACAD
  1010
0
  1020
0
  1030
0
  0
LWPOLYLINE
  5
1475
  100
AcDbEntity
  8
Multi-Layer
  100
AcDbPolyline
  90
2
  70
1
  43
0
  10
101.98120396240793
  20
-78.10515621031243
  42
1
  10
103.50520701041404
  20
-78.10515621031243
  42
1
  0
HATCH
  5
1477
  100
AcDbEntity
  8
Multi-Layer
  100
AcDbHatch
  10
0
  20
0
  30
0
  210
0
  220
0
  230
1
  2
SOLID
  70
1
  71
0
  91
1
  92
7
  72
1
  73
1
  93
2
  10
101.98120396240793
  20
-78.10515621031243
  42
1
  10
103.50520701041404
  20
-78.10515621031243
  42
1
  97
1
  330
1476
  75
0
  76
1
  47
0.8681437583925616
  98
1
  10
3.629517071192367
  20
33.92795499968543
  450
0
  451
0
  460
0
  461
0
  452
1
  462
1
  453
2
  463
0
  63
5
  421
255
  463
1
  63
7
  421
16777215
  470
LINEAR
  1001
ACAD
  1010
0
  1020
0
  1030
0
  0
LWPOLYLINE
  5
1478
  100
AcDbEntity
  8
Multi-Layer
  100
AcDbPolyline
  90
2
  70
1
  43
0
  10
101.98120396240793
  20
-78.10515621031243
  42
1
  10
103.50520701041404
  20
-78.10515621031243
  42
1
  0
HATCH
  5
1483
  100
AcDbEntity
  8
Multi-Layer
  100
AcDbHatch
  10
0
  20
0
  30
0
  210
0
  220
0
  230
1
  2
SOLID
  70
1
  71
0
  91
1
  92
7
  72
1
  73
1
  93
2
  10
101.98120396240793
  20
-75.56515113030227
  42
1
  10
103.50520701041404
  20
-75.56515113030227
  42
1
  97
1
  330
1482
  75
0
  76
1
  47
0.8681437583925616
  98
1
  10
3.629517071192367
  20
33.92795499968543
  450
0
  451
0
  460
0
  461
0
  452
1
  462
1
  453
2
  463
0
  63
5
  421
255
  463
1
  63
7
  421
16777215
  470
LINEAR
  1001
ACAD
  1010
0
  1020
0
  1030
0
  0
LWPOLYLINE
  5
1484
  100
AcDbEntity
  8
Multi-Layer
  100
AcDbPolyline
  90
2
  70
1
  43
0
  10
101.98120396240793
  20
-75.56515113030227
  42
1
  10
103.50520701041404
  20
-75.56515113030227
  42
1
  0
HATCH
  5
1486
  100
AcDbEntity
  8
Multi-Layer
  100
AcDbHatch
  10
0
  20
0
  30
0
  210
0
  220
0
  230
1
  2
SOLID
  70
1
  71
0
  91
1
  92
7
  72
1
  73
1
  93
2
  10
101.98120396240793
  20
-75.56515113030227
  42
1
  10
103.50520701041404
  20
-75.56515113030227
  42
1
  97
1
  330
1485
  75
0
  76
1
  47
0.8681437583925616
  98
1
  10
3.629517071192367
  20
33.92795499968543
  450
0
  451
0
  460
0
  461
0
  452
1
  462
1
  453
2
  463
0
  63
5
  421
255
  463
1
  63
7
  421
16777215
  470
LINEAR
  1001
ACAD
  1010
0
  1020
0
  1030
0
  0
LWPOLYLINE
  5
1487
  100
AcDbEntity
  8
Multi-Layer
  100
AcDbPolyline
  90
2
  70
1
  43
0
  10
101.98120396240793
  20
-75.56515113030227
  42
1
  10
103.50520701041404
  20
-75.56515113030227
  42
1
  0
HATCH
  5
1489
  100
AcDbEntity
  8
Multi-Layer
  100
AcDbHatch
  10
0
  20
0
  30
0
  210
0
  220
0
  230
1
  2
SOLID
  70
1
  71
0
  91
1
  92
7
  72
1
  73
1
  93
2
  10
101.98120396240793
  20
-75.56515113030227
  42
1
  10
103.50520701041404
  20
-75.56515113030227
  42
1
  97
1
  330
1488
  75
0
  76
1
  47
0.8681437583925616
  98
1
  10
3.629517071192367
  20
33.92795499968543
  450
0
  451
0
  460
0
  461
0
  452
1
  462
1
  453
2
  463
0
  63
5
  421
255
  463
1
  63
7
  421
16777215
  470
LINEAR
  1001
ACAD
  1010
0
  1020
0
  1030
0
  0
LWPOLYLINE
  5
1490
  100
AcDbEntity
  8
Multi-Layer
  100
AcDbPolyline
  90
2
  70
1
  43
0
  10
101.98120396240793
  20
-75.56515113030227
  42
1
  10
103.50520701041404
  20
-75.56515113030227
  42
1
  0
HATCH
  5
1495
  100
AcDbEntity
  8
Multi-Layer
  100
AcDbHatch
  10
0
  20
0
  30
0
  210
0
  220
0
  230
1
  2
SOLID
  70
1
  71
0
  91
1
  92
7
  72
1
  73
1
  93
2
  10
103.37820675641352
  20
-73.91414782829567
  42
1
  10
105.41021082042165
  20
-73.91414782829567
  42
1
  97
1
  330
1494
  75
0
  76
1
  47
0.8681437583925616
  98
1
  10
3.629517071192367
  20
33.92795499968543
  450
0
  451
0
  460
0
  461
0
  452
1
  462
1
  453
2
  463
0
  63
5
  421
255
  463
1
  63
7
  421
16777215
  470
LINEAR
  1001
ACAD
  1010
0
  1020
0
  1030
0
  0
LWPOLYLINE
  5
1496
  100
AcDbEntity
  8
Multi-Layer
  100
AcDbPolyline
  90
2
  70
1
  43
0
  10
103.37820675641352
  20
-73.91414782829567
  42
1
  10
105.41021082042165
  20
-73.91414782829567
  42
1
  0
HATCH
  5
1498
  100
AcDbEntity
  8
Multi-Layer
  100
AcDbHatch
  10
0
  20
0
  30
0
  210
0
  220
0
  230
1
  2
SOLID
  70
1
  71
0
  91
1
  92
7
  72
1
  73
1
  93
2
  10
103.37820675641352
  20
-73.91414782829567
  42
1
  10
105.41021082042165
  20
-73.91414782829567
  42
1
  97
1
  330
1497
  75
0
  76
1
  47
0.8681437583925616
  98
1
  10
3.629517071192367
  20
33.92795499968543
  450
0
  451
0
  460
0
  461
0
  452
1
  462
1
  453
2
  463
0
  63
5
  421
255
  463
1
  63
7
  421
16777215
  470
LINEAR
  1001
ACAD
  1010
0
  1020
0
  1030
0
  0
LWPOLYLINE
  5
1499
  100
AcDbEntity
  8
Multi-Layer
  100
AcDbPolyline
  90
2
  70
1
  43
0
  10
103.37820675641352
  20
-73.91414782829567
  42
1
  10
105.41021082042165
  20
-73.91414782829567
  42
1
  0
HATCH
  5
1501
  100
AcDbEntity
  8
Multi-Layer
  100
AcDbHatch
  10
0
  20
0
  30
0
  210
0
  220
0
  230
1
  2
SOLID
  70
1
  71
0
  91
1
  92
7
  72
1
  73
1
  93
2
  10
103.37820675641352
  20
-73.91414782829567
  42
1
  10
105.41021082042165
  20
-73.91414782829567
  42
1
  97
1
  330
1500
  75
0
  76
1
  47
0.8681437583925616
  98
1
  10
3.629517071192367
  20
33.92795499968543
  450
0
  451
0
  460
0
  461
0
  452
1
  462
1
  453
2
  463
0
  63
5
  421
255
  463
1
  63
7
  421
16777215
  470
LINEAR
  1001
ACAD
  1010
0
  1020
0
  1030
0
  0
LWPOLYLINE
  5
1502
  100
AcDbEntity
  8
Multi-Layer
  100
AcDbPolyline
  90
2
  70
1
  43
0
  10
103.37820675641352
  20
-73.91414782829567
  42
1
  10
105.41021082042165
  20
-73.91414782829567
  42
1
  0
HATCH
  5
1507
  100
AcDbEntity
  8
Multi-Layer
  100
AcDbHatch
  10
0
  20
0
  30
0
  210
0
  220
0
  230
1
  2
SOLID
  70
1
  71
0
  91
1
  92
7
  72
1
  73
1
  93
2
  10
103.37820675641352
  20
-82.29616459232919
  42
1
  10
105.41021082042165
  20
-82.29616459232919
  42
1
  97
1
  330
1506
  75
0
  76
1
  47
0.8681437583925616
  98
1
  10
3.629517071192367
  20
33.92795499968543
  450
0
  451
0
  460
0
  461
0
  452
1
  462
1
  453
2
  463
0
  63
5
  421
255
  463
1
  63
7
  421
16777215
  470
LINEAR
  1001
ACAD
  1010
0
  1020
0
  1030
0
  0
LWPOLYLINE
  5
1508
  100
AcDbEntity
  8
Multi-Layer
  100
AcDbPolyline
  90
2
  70
1
  43
0
  10
103.37820675641352
  20
-82.29616459232919
  42
1
  10
105.41021082042165
  20
-82.29616459232919
  42
1
  0
HATCH
  5
1510
  100
AcDbEntity
  8
Multi-Layer
  100
AcDbHatch
  10
0
  20
0
  30
0
  210
0
  220
0
  230
1
  2
SOLID
  70
1
  71
0
  91
1
  92
7
  72
1
  73
1
  93
2
  10
103.37820675641352
  20
-82.29616459232919
  42
1
  10
105.41021082042165
  20
-82.29616459232919
  42
1
  97
1
  330
1509
  75
0
  76
1
  47
0.8681437583925616
  98
1
  10
3.629517071192367
  20
33.92795499968543
  450
0
  451
0
  460
0
  461
0
  452
1
  462
1
  453
2
  463
0
  63
5
  421
255
  463
1
  63
7
  421
16777215
  470
LINEAR
  1001
ACAD
  1010
0
  1020
0
  1030
0
  0
LWPOLYLINE
  5
1511
  100
AcDbEntity
  8
Multi-Layer
  100
AcDbPolyline
  90
2
  70
1
  43
0
  10
103.37820675641352
  20
-82.29616459232919
  42
1
  10
105.41021082042165
  20
-82.29616459232919
  42
1
  0
HATCH
  5
1513
  100
AcDbEntity
  8
Multi-Layer
  100
AcDbHatch
  10
0
  20
0
  30
0
  210
0
  220
0
  230
1
  2
SOLID
  70
1
  71
0
  91
1
  92
7
  72
1
  73
1
  93
2
  10
103.37820675641352
  20
-82.29616459232919
  42
1
  10
105.41021082042165
  20
-82.29616459232919
  42
1
  97
1
  330
1512
  75
0
  76
1
  47
0.8681437583925616
  98
1
  10
3.629517071192367
  20
33.92795499968543
  450
0
  451
0
  460
0
  461
0
  452
1
  462
1
  453
2
  463
0
  63
5
  421
255
  463
1
  63
7
  421
16777215
  470
LINEAR
  1001
ACAD
  1010
0
  1020
0
  1030
0
  0
LWPOLYLINE
  5
1514
  100
AcDbEntity
  8
Multi-Layer
  100
AcDbPolyline
  90
2
  70
1
  43
0
  10
103.37820675641352
  20
-82.29616459232919
  42
1
  10
105.41021082042165
  20
-82.29616459232919
  42
1
  0
HATCH
  5
1519
  100
AcDbEntity
  8
Multi-Layer
  100
AcDbHatch
  10
0
  20
0
  30
0
  210
0
  220
0
  230
1
  2
SOLID
  70
1
  71
0
  91
1
  92
7
  72
1
  73
1
  93
2
  10
84.70916941833885
  20
-74.93014986029974
  42
1
  10
86.74117348234698
  20
-74.93014986029974
  42
1
  97
1
  330
1518
  75
0
  76
1
  47
0.8681437583925616
  98
1
  10
3.629517071192367
  20
33.92795499968543
  450
0
  451
0
  460
0
  461
0
  452
1
  462
1
  453
2
  463
0
  63
5
  421
255
  463
1
  63
7
  421
16777215
  470
LINEAR
  1001
ACAD
  1010
0
  1020
0
  1030
0
  0
LWPOLYLINE
  5
1520
  100
AcDbEntity
  8
Multi-Layer
  100
AcDbPolyline
  90
2
  70
1
  43
0
  10
84.70916941833885
  20
-74.93014986029974
  42
1
  10
86.74117348234698
  20
-74.93014986029974
  42
1
  0
HATCH
  5
1522
  100
AcDbEntity
  8
Multi-Layer
  100
AcDbHatch
  10
0
  20
0
  30
0
  210
0
  220
0
  230
1
  2
SOLID
  70
1
  71
0
  91
1
  92
7
  72
1
  73
1
  93
2
  10
84.70916941833885
  20
-74.93014986029974
  42
1
  10
86.74117348234698
  20
-74.93014986029974
  42
1
  97
1
  330
1521
  75
0
  76
1
  47
0.8681437583925616
  98
1
  10
3.629517071192367
  20
33.92795499968543
  450
0
  451
0
  460
0
  461
0
  452
1
  462
1
  453
2
  463
0
  63
5
  421
255
  463
1
  63
7
  421
16777215
  470
LINEAR
  1001
ACAD
  1010
0
  1020
0
  1030
0
  0
LWPOLYLINE
  5
1523
  100
AcDbEntity
  8
Multi-Layer
  100
AcDbPolyline
  90
2
  70
1
  43
0
  10
84.70916941833885
  20
-74.93014986029974
  42
1
  10
86.74117348234698
  20
-74.93014986029974
  42
1
  0
HATCH
  5
1525
  100
AcDbEntity
  8
Multi-Layer
  100
AcDbHatch
  10
0
  20
0
  30
0
  210
0
  220
0
  230
1
  2
SOLID
  70
1
  71
0
  91
1
  92
7
  72
1
  73
1
  93
2
  10
84.70916941833885
  20
-74.93014986029974
  42
1
  10
86.74117348234698
  20
-74.93014986029974
  42
1
  97
1
  330
1524
  75
0
  76
1
  47
0.8681437583925616
  98
1
  10
3.629517071192367
  20
33.92795499968543
  450
0
  451
0
  460
0
  461
0
  452
1
  462
1
  453
2
  463
0
  63
5
  421
255
  463
1
  63
7
  421
16777215
  470
LINEAR
  1001
ACAD
  1010
0
  1020
0
  1030
0
  0
LWPOLYLINE
  5
1526
  100
AcDbEntity
  8
Multi-Layer
  100
AcDbPolyline
  90
2
  70
1
  43
0
  10
84.70916941833885
  20
-74.93014986029974
  42
1
  10
86.74117348234698
  20
-74.93014986029974
  42
1
  0
HATCH
  5
1531
  100
AcDbEntity
  8
Multi-Layer
  100
AcDbHatch
  10
0
  20
0
  30
0
  210
0
  220
0
  230
1
  2
SOLID
  70
1
  71
0
  91
1
  92
7
  72
1
  73
1
  93
2
  10
84.70916941833885
  20
-81.53416306832615
  42
1
  10
86.74117348234698
  20
-81.53416306832615
  42
1
  97
1
  330
1530
  75
0
  76
1
  47
0.8681437583925616
  98
1
  10
3.629517071192367
  20
33.92795499968543
  450
0
  451
0
  460
0
  461
0
  452
1
  462
1
  453
2
  463
0
  63
5
  421
255
  463
1
  63
7
  421
16777215
  470
LINEAR
  1001
ACAD
  1010
0
  1020
0
  1030
0
  0
LWPOLYLINE
  5
1532
  100
AcDbEntity
  8
Multi-Layer
  100
AcDbPolyline
  90
2
  70
1
  43
0
  10
84.70916941833885
  20
-81.53416306832615
  42
1
  10
86.74117348234698
  20
-81.53416306832615
  42
1
  0
HATCH
  5
1534
  100
AcDbEntity
  8
Multi-Layer
  100
AcDbHatch
  10
0
  20
0
  30
0
  210
0
  220
0
  230
1
  2
SOLID
  70
1
  71
0
  91
1
  92
7
  72
1
  73
1
  93
2
  10
84.70916941833885
  20
-81.53416306832615
  42
1
  10
86.74117348234698
  20
-81.53416306832615
  42
1
  97
1
  330
1533
  75
0
  76
1
  47
0.8681437583925616
  98
1
  10
3.629517071192367
  20
33.92795499968543
  450
0
  451
0
  460
0
  461
0
  452
1
  462
1
  453
2
  463
0
  63
5
  421
255
  463
1
  63
7
  421
16777215
  470
LINEAR
  1001
ACAD
  1010
0
  1020
0
  1030
0
  0
LWPOLYLINE
  5
1535
  100
AcDbEntity
  8
Multi-Layer
  100
AcDbPolyline
  90
2
  70
1
  43
0
  10
84.70916941833885
  20
-81.53416306832615
  42
1
  10
86.74117348234698
  20
-81.53416306832615
  42
1
  0
HATCH
  5
1537
  100
AcDbEntity
  8
Multi-Layer
  100
AcDbHatch
  10
0
  20
0
  30
0
  210
0
  220
0
  230
1
  2
SOLID
  70
1
  71
0
  91
1
  92
7
  72
1
  73
1
  93
2
  10
84.70916941833885
  20
-81.53416306832615
  42
1
  10
86.74117348234698
  20
-81.53416306832615
  42
1
  97
1
  330
1536
  75
0
  76
1
  47
0.8681437583925616
  98
1
  10
3.629517071192367
  20
33.92795499968543
  450
0
  451
0
  460
0
  461
0
  452
1
  462
1
  453
2
  463
0
  63
5
  421
255
  463
1
  63
7
  421
16777215
  470
LINEAR
  1001
ACAD
  1010
0
  1020
0
  1030
0
  0
LWPOLYLINE
  5
1538
  100
AcDbEntity
  8
Multi-Layer
  100
AcDbPolyline
  90
2
  70
1
  43
0
  10
84.70916941833885
  20
-81.53416306832615
  42
1
  10
86.74117348234698
  20
-81.53416306832615
  42
1
  0
HATCH
  5
1543
  100
AcDbEntity
  8
Multi-Layer
  100
AcDbHatch
  10
0
  20
0
  30
0
  210
0
  220
0
  230
1
  2
SOLID
  70
1
  71
0
  91
1
  92
7
  72
1
  73
1
  93
2
  10
89.80518161036323
  20
-40.96316992633986
  42
1
  10
91.80518161036323
  20
-40.96316992633986
  42
1
  97
1
  330
1542
  75
0
  76
1
  47
0.8681437583925616
  98
1
  10
3.629517071192367
  20
33.92795499968543
  450
0
  451
0
  460
0
  461
0
  452
1
  462
1
  453
2
  463
0
  63
5
  421
255
  463
1
  63
7
  421
16777215
  470
LINEAR
  1001
ACAD
  1010
0
  1020
0
  1030
0
  0
LWPOLYLINE
  5
1544
  100
AcDbEntity
  8
Multi-Layer
  100
AcDbPolyline
  90
2
  70
1
  43
0
  10
89.80518161036323
  20
-40.96316992633986
  42
1
  10
91.80518161036323
  20
-40.96316992633986
  42
1
  0
HATCH
  5
1546
  100
AcDbEntity
  8
Multi-Layer
  100
AcDbHatch
  10
0
  20
0
  30
0
  210
0
  220
0
  230
1
  2
SOLID
  70
1
  71
0
  91
1
  92
7
  72
1
  73
1
  93
2
  10
89.80518161036323
  20
-40.96316992633986
  42
1
  10
91.80518161036323
  20
-40.96316992633986
  42
1
  97
1
  330
1545
  75
0
  76
1
  47
0.8681437583925616
  98
1
  10
3.629517071192367
  20
33.92795499968543
  450
0
  451
0
  460
0
  461
0
  452
1
  462
1
  453
2
  463
0
  63
5
  421
255
  463
1
  63
7
  421
16777215
  470
LINEAR
  1001
ACAD
  1010
0
  1020
0
  1030
0
  0
LWPOLYLINE
  5
1547
  100
AcDbEntity
  8
Multi-Layer
  100
AcDbPolyline
  90
2
  70
1
  43
0
  10
89.80518161036323
  20
-40.96316992633986
  42
1
  10
91.80518161036323
  20
-40.96316992633986
  42
1
  0
HATCH
  5
1549
  100
AcDbEntity
  8
Multi-Layer
  100
AcDbHatch
  10
0
  20
0
  30
0
  210
0
  220
0
  230
1
  2
SOLID
  70
1
  71
0
  91
1
  92
7
  72
1
  73
1
  93
2
  10
89.80518161036323
  20
-40.96316992633986
  42
1
  10
91.80518161036323
  20
-40.96316992633986
  42
1
  97
1
  330
1548
  75
0
  76
1
  47
0.8681437583925616
  98
1
  10
3.629517071192367
  20
33.92795499968543
  450
0
  451
0
  460
0
  461
0
  452
1
  462
1
  453
2
  463
0
  63
5
  421
255
  463
1
  63
7
  421
16777215
  470
LINEAR
  1001
ACAD
  1010
0
  1020
0
  1030
0
  0
LWPOLYLINE
  5
1550
  100
AcDbEntity
  8
Multi-Layer
  100
AcDbPolyline
  90
2
  70
1
  43
0
  10
89.80518161036323
  20
-40.96316992633986
  42
1
  10
91.80518161036323
  20
-40.96316992633986
  42
1
  0
HATCH
  5
1554
  100
AcDbEntity
  8
Multi-Layer
  100
AcDbHatch
  10
0
  20
0
  30
0
  210
0
  220
0
  230
1
  2
SOLID
  70
1
  71
0
  91
1
  92
7
  72
1
  73
1
  93
2
  10
94.80518161036323
  20
-43.06299212598425
  42
1
  10
96.80518161036323
  20
-43.06299212598425
  42
1
  97
1
  330
1553
  75
0
  76
1
  47
0.8681437583925616
  98
1
  10
3.629517071192367
  20
33.92795499968543
  450
0
  451
0
  460
0
  461
0
  452
1
  462
1
  453
2
  463
0
  63
5
  421
255
  463
1
  63
7
  421
16777215
  470
LINEAR
  1001
ACAD
  1010
0
  1020
0
  1030
0
  0
LWPOLYLINE
  5
1555
  100
AcDbEntity
  8
Multi-Layer
  100
AcDbPolyline
  90
2
  70
1
  43
0
  10
94.80518161036323
  20
-43.06299212598425
  42
1
  10
96.80518161036323
  20
-43.06299212598425
  42
1
  0
HATCH
  5
1557
  100
AcDbEntity
  8
Multi-Layer
  100
AcDbHatch
  10
0
  20
0
  30
0
  210
0
  220
0
  230
1
  2
SOLID
  70
1
  71
0
  91
1
  92
7
  72
1
  73
1
  93
2
  10
94.80518161036323
  20
-43.06299212598425
  42
1
  10
96.80518161036323
  20
-43.06299212598425
  42
1
  97
1
  330
1556
  75
0
  76
1
  47
0.8681437583925616
  98
1
  10
3.629517071192367
  20
33.92795499968543
  450
0
  451
0
  460
0
  461
0
  452
1
  462
1
  453
2
  463
0
  63
5
  421
255
  463
1
  63
7
  421
16777215
  470
LINEAR
  1001
ACAD
  1010
0
  1020
0
  1030
0
  0
LWPOLYLINE
  5
1558
  100
AcDbEntity
  8
Multi-Layer
  100
AcDbPolyline
  90
2
  70
1
  43
0
  10
94.80518161036323
  20
-43.06299212598425
  42
1
  10
96.80518161036323
  20
-43.06299212598425
  42
1
  0
HATCH
  5
1560
  100
AcDbEntity
  8
Multi-Layer
  100
AcDbHatch
  10
0
  20
0
  30
0
  210
0
  220
0
  230
1
  2
SOLID
  70
1
  71
0
  91
1
  92
7
  72
1
  73
1
  93
2
  10
94.80518161036323
  20
-43.06299212598425
  42
1
  10
96.80518161036323
  20
-43.06299212598425
  42
1
  97
1
  330
1559
  75
0
  76
1
  47
0.8681437583925616
  98
1
  10
3.629517071192367
  20
33.92795499968543
  450
0
  451
0
  460
0
  461
0
  452
1
  462
1
  453
2
  463
0
  63
5
  421
255
  463
1
  63
7
  421
16777215
  470
LINEAR
  1001
ACAD
  1010
0
  1020
0
  1030
0
  0
LWPOLYLINE
  5
1561
  100
AcDbEntity
  8
Multi-Layer
  100
AcDbPolyline
  90
2
  70
1
  43
0
  10
94.80518161036323
  20
-43.06299212598425
  42
1
  10
96.80518161036323
  20
-43.06299212598425
  42
1
  0
HATCH
  5
1565
  100
AcDbEntity
  8
Multi-Layer
  100
AcDbHatch
  10
0
  20
0
  30
0
  210
0
  220
0
  230
1
  2
SOLID
  70
1
  71
0
  91
1
  92
7
  72
1
  73
1
  93
2
  10
89.80518161036323
  20
-22.54813309626619
  42
1
  10
91.80518161036323
  20
-22.54813309626619
  42
1
  97
1
  330
1564
  75
0
  76
1
  47
0.8681437583925616
  98
1
  10
3.629517071192367
  20
33.92795499968543
  450
0
  451
0
  460
0
  461
0
  452
1
  462
1
  453
2
  463
0
  63
5
  421
255
  463
1
  63
7
  421
16777215
  470
LINEAR
  1001
ACAD
  1010
0
  1020
0
  1030
0
  0
LWPOLYLINE
  5
1566
  100
AcDbEntity
  8
Multi-Layer
  100
AcDbPolyline
  90
2
  70
1
  43
0
  10
89.80518161036323
  20
-22.54813309626619
  42
1
  10
91.80518161036323
  20
-22.54813309626619
  42
1
  0
HATCH
  5
1568
  100
AcDbEntity
  8
Multi-Layer
  100
AcDbHatch
  10
0
  20
0
  30
0
  210
0
  220
0
  230
1
  2
SOLID
  70
1
  71
0
  91
1
  92
7
  72
1
  73
1
  93
2
  10
89.80518161036323
  20
-22.54813309626619
  42
1
  10
91.80518161036323
  20
-22.54813309626619
  42
1
  97
1
  330
1567
  75
0
  76
1
  47
0.8681437583925616
  98
1
  10
3.629517071192367
  20
33.92795499968543
  450
0
  451
0
  460
0
  461
0
  452
1
  462
1
  453
2
  463
0
  63
5
  421
255
  463
1
  63
7
  421
16777215
  470
LINEAR
  1001
ACAD
  1010
0
  1020
0
  1030
0
  0
LWPOLYLINE
  5
1569
  100
AcDbEntity
  8
Multi-Layer
  100
AcDbPolyline
  90
2
  70
1
  43
0
  10
89.80518161036323
  20
-22.54813309626619
  42
1
  10
91.80518161036323
  20
-22.54813309626619
  42
1
  0
HATCH
  5
1571
  100
AcDbEntity
  8
Multi-Layer
  100
AcDbHatch
  10
0
  20
0
  30
0
  210
0
  220
0
  230
1
  2
SOLID
  70
1
  71
0
  91
1
  92
7
  72
1
  73
1
  93
2
  10
89.80518161036323
  20
-22.54813309626619
  42
1
  10
91.80518161036323
  20
-22.54813309626619
  42
1
  97
1
  330
1570
  75
0
  76
1
  47
0.8681437583925616
  98
1
  10
3.629517071192367
  20
33.92795499968543
  450
0
  451
0
  460
0
  461
0
  452
1
  462
1
  453
2
  463
0
  63
5
  421
255
  463
1
  63
7
  421
16777215
  470
LINEAR
  1001
ACAD
  1010
0
  1020
0
  1030
0
  0
LWPOLYLINE
  5
1572
  100
AcDbEntity
  8
Multi-Layer
  100
AcDbPolyline
  90
2
  70
1
  43
0
  10
89.80518161036323
  20
-22.54813309626619
  42
1
  10
91.80518161036323
  20
-22.54813309626619
  42
1
  0
HATCH
  5
1576
  100
AcDbEntity
  8
Multi-Layer
  100
AcDbHatch
  10
0
  20
0
  30
0
  210
0
  220
0
  230
1
  2
SOLID
  70
1
  71
0
  91
1
  92
7
  72
1
  73
1
  93
2
  10
94.80518161036323
  20
-24.647955295910595
  42
1
  10
96.80518161036323
  20
-24.647955295910595
  42
1
  97
1
  330
1575
  75
0
  76
1
  47
0.8681437583925616
  98
1
  10
3.629517071192367
  20
33.92795499968543
  450
0
  451
0
  460
0
  461
0
  452
1
  462
1
  453
2
  463
0
  63
5
  421
255
  463
1
  63
7
  421
16777215
  470
LINEAR
  1001
ACAD
  1010
0
  1020
0
  1030
0
  0
LWPOLYLINE
  5
1577
  100
AcDbEntity
  8
Multi-Layer
  100
AcDbPolyline
  90
2
  70
1
  43
0
  10
94.80518161036323
  20
-24.647955295910595
  42
1
  10
96.80518161036323
  20
-24.647955295910595
  42
1
  0
HATCH
  5
1579
  100
AcDbEntity
  8
Multi-Layer
  100
AcDbHatch
  10
0
  20
0
  30
0
  210
0
  220
0
  230
1
  2
SOLID
  70
1
  71
0
  91
1
  92
7
  72
1
  73
1
  93
2
  10
94.80518161036323
  20
-24.647955295910595
  42
1
  10
96.80518161036323
  20
-24.647955295910595
  42
1
  97
1
  330
1578
  75
0
  76
1
  47
0.8681437583925616
  98
1
  10
3.629517071192367
  20
33.92795499968543
  450
0
  451
0
  460
0
  461
0
  452
1
  462
1
  453
2
  463
0
  63
5
  421
255
  463
1
  63
7
  421
16777215
  470
LINEAR
  1001
ACAD
  1010
0
  1020
0
  1030
0
  0
LWPOLYLINE
  5
1580
  100
AcDbEntity
  8
Multi-Layer
  100
AcDbPolyline
  90
2
  70
1
  43
0
  10
94.80518161036323
  20
-24.647955295910595
  42
1
  10
96.80518161036323
  20
-24.647955295910595
  42
1
  0
HATCH
  5
1582
  100
AcDbEntity
  8
Multi-Layer
  100
AcDbHatch
  10
0
  20
0
  30
0
  210
0
  220
0
  230
1
  2
SOLID
  70
1
  71
0
  91
1
  92
7
  72
1
  73
1
  93
2
  10
94.80518161036323
  20
-24.647955295910595
  42
1
  10
96.80518161036323
  20
-24.647955295910595
  42
1
  97
1
  330
1581
  75
0
  76
1
  47
0.8681437583925616
  98
1
  10
3.629517071192367
  20
33.92795499968543
  450
0
  451
0
  460
0
  461
0
  452
1
  462
1
  453
2
  463
0
  63
5
  421
255
  463
1
  63
7
  421
16777215
  470
LINEAR
  1001
ACAD
  1010
0
  1020
0
  1030
0
  0
LWPOLYLINE
  5
1583
  100
AcDbEntity
  8
Multi-Layer
  100
AcDbPolyline
  90
2
  70
1
  43
0
  10
94.80518161036323
  20
-24.647955295910595
  42
1
  10
96.80518161036323
  20
-24.647955295910595
  42
1
  0
HATCH
  5
1587
  100
AcDbEntity
  8
Multi-Layer
  100
AcDbHatch
  10
0
  20
0
  30
0
  210
0
  220
0
  230
1
  2
SOLID
  70
1
  71
0
  91
1
  92
7
  72
1
  73
1
  93
2
  10
89.80518161036323
  20
-4.133096266192532
  42
1
  10
91.80518161036323
  20
-4.133096266192532
  42
1
  97
1
  330
1586
  75
0
  76
1
  47
0.8681437583925616
  98
1
  10
3.629517071192367
  20
33.92795499968543
  450
0
  451
0
  460
0
  461
0
  452
1
  462
1
  453
2
  463
0
  63
5
  421
255
  463
1
  63
7
  421
16777215
  470
LINEAR
  1001
ACAD
  1010
0
  1020
0
  1030
0
  0
LWPOLYLINE
  5
1588
  100
AcDbEntity
  8
Multi-Layer
  100
AcDbPolyline
  90
2
  70
1
  43
0
  10
89.80518161036323
  20
-4.133096266192532
  42
1
  10
91.80518161036323
  20
-4.133096266192532
  42
1
  0
HATCH
  5
1590
  100
AcDbEntity
  8
Multi-Layer
  100
AcDbHatch
  10
0
  20
0
  30
0
  210
0
  220
0
  230
1
  2
SOLID
  70
1
  71
0
  91
1
  92
7
  72
1
  73
1
  93
2
  10
89.80518161036323
  20
-4.133096266192532
  42
1
  10
91.80518161036323
  20
-4.133096266192532
  42
1
  97
1
  330
1589
  75
0
  76
1
  47
0.8681437583925616
  98
1
  10
3.629517071192367
  20
33.92795499968543
  450
0
  451
0
  460
0
  461
0
  452
1
  462
1
  453
2
  463
0
  63
5
  421
255
  463
1
  63
7
  421
16777215
  470
LINEAR
  1001
ACAD
  1010
0
  1020
0
  1030
0
  0
LWPOLYLINE
  5
1591
  100
AcDbEntity
  8
Multi-Layer
  100
AcDbPolyline
  90
2
  70
1
  43
0
  10
89.80518161036323
  20
-4.133096266192532
  42
1
  10
91.80518161036323
  20
-4.133096266192532
  42
1
  0
HATCH
  5
1593
  100
AcDbEntity
  8
Multi-Layer
  100
AcDbHatch
  10
0
  20
0
  30
0
  210
0
  220
0
  230
1
  2
SOLID
  70
1
  71
0
  91
1
  92
7
  72
1
  73
1
  93
2
  10
89.80518161036323
  20
-4.133096266192532
  42
1
  10
91.80518161036323
  20
-4.133096266192532
  42
1
  97
1
  330
1592
  75
0
  76
1
  47
0.8681437583925616
  98
1
  10
3.629517071192367
  20
33.92795499968543
  450
0
  451
0
  460
0
  461
0
  452
1
  462
1
  453
2
  463
0
  63
5
  421
255
  463
1
  63
7
  421
16777215
  470
LINEAR
  1001
ACAD
  1010
0
  1020
0
  1030
0
  0
LWPOLYLINE
  5
1594
  100
AcDbEntity
  8
Multi-Layer
  100
AcDbPolyline
  90
2
  70
1
  43
0
  10
89.80518161036323
  20
-4.133096266192532
  42
1
  10
91.80518161036323
  20
-4.133096266192532
  42
1
  0
HATCH
  5
1598
  100
AcDbEntity
  8
Multi-Layer
  100
AcDbHatch
  10
0
  20
0
  30
0
  210
0
  220
0
  230
1
  2
SOLID
  70
1
  71
0
  91
1
  92
7
  72
1
  73
1
  93
2
  10
94.80518161036323
  20
-6.232918465836932
  42
1
  10
96.80518161036323
  20
-6.232918465836932
  42
1
  97
1
  330
1597
  75
0
  76
1
  47
0.8681437583925616
  98
1
  10
3.629517071192367
  20
33.92795499968543
  450
0
  451
0
  460
0
  461
0
  452
1
  462
1
  453
2
  463
0
  63
5
  421
255
  463
1
  63
7
  421
16777215
  470
LINEAR
  1001
ACAD
  1010
0
  1020
0
  1030
0
  0
LWPOLYLINE
  5
1599
  100
AcDbEntity
  8
Multi-Layer
  100
AcDbPolyline
  90
2
  70
1
  43
0
  10
94.80518161036323
  20
-6.232918465836932
  42
1
  10
96.80518161036323
  20
-6.232918465836932
  42
1
  0
HATCH
  5
1601
  100
AcDbEntity
  8
Multi-Layer
  100
AcDbHatch
  10
0
  20
0
  30
0
  210
0
  220
0
  230
1
  2
SOLID
  70
1
  71
0
  91
1
  92
7
  72
1
  73
1
  93
2
  10
94.80518161036323
  20
-6.232918465836932
  42
1
  10
96.80518161036323
  20
-6.232918465836932
  42
1
  97
1
  330
1600
  75
0
  76
1
  47
0.8681437583925616
  98
1
  10
3.629517071192367
  20
33.92795499968543
  450
0
  451
0
  460
0
  461
0
  452
1
  462
1
  453
2
  463
0
  63
5
  421
255
  463
1
  63
7
  421
16777215
  470
LINEAR
  1001
ACAD
  1010
0
  1020
0
  1030
0
  0
LWPOLYLINE
  5
1602
  100
AcDbEntity
  8
Multi-Layer
  100
AcDbPolyline
  90
2
  70
1
  43
0
  10
94.80518161036323
  20
-6.232918465836932
  42
1
  10
96.80518161036323
  20
-6.232918465836932
  42
1
  0
HATCH
  5
1604
  100
AcDbEntity
  8
Multi-Layer
  100
AcDbHatch
  10
0
  20
0
  30
0
  210
0
  220
0
  230
1
  2
SOLID
  70
1
  71
0
  91
1
  92
7
  72
1
  73
1
  93
2
  10
94.80518161036323
  20
-6.232918465836932
  42
1
  10
96.80518161036323
  20
-6.232918465836932
  42
1
  97
1
  330
1603
  75
0
  76
1
  47
0.8681437583925616
  98
1
  10
3.629517071192367
  20
33.92795499968543
  450
0
  451
0
  460
0
  461
0
  452
1
  462
1
  453
2
  463
0
  63
5
  421
255
  463
1
  63
7
  421
16777215
  470
LINEAR
  1001
ACAD
  1010
0
  1020
0
  1030
0
  0
LWPOLYLINE
  5
1605
  100
AcDbEntity
  8
Multi-Layer
  100
AcDbPolyline
  90
2
  70
1
  43
0
  10
94.80518161036323
  20
-6.232918465836932
  42
1
  10
96.80518161036323
  20
-6.232918465836932
  42
1
  0
HATCH
  5
1609
  100
AcDbEntity
  8
Multi-Layer
  100
AcDbHatch
  10
0
  20
0
  30
0
  210
0
  220
0
  230
1
  2
SOLID
  70
1
  71
0
  91
1
  92
7
  72
1
  73
1
  93
2
  10
10.092003782419416
  20
-13.194091437560422
  42
1
  10
12.092003782419416
  20
-13.194091437560422
  42
1
  97
1
  330
1608
  75
0
  76
1
  47
0.8681437583925616
  98
1
  10
3.629517071192367
  20
33.92795499968543
  450
0
  451
0
  460
0
  461
0
  452
1
  462
1
  453
2
  463
0
  63
5
  421
255
  463
1
  63
7
  421
16777215
  470
LINEAR
  1001
ACAD
  1010
0
  1020
0
  1030
0
  0
LWPOLYLINE
  5
1610
  100
AcDbEntity
  8
Multi-Layer
  100
AcDbPolyline
  90
4
  70
0
  43
0
  10
10.092003782419416
  20
-13.194091436485515
  42
1
  10
12.092003782419415
  20
-13.194091438131194
  10
12.092003782419415
  20
-13.194091438635331
  42
1
  10
10.092003782419416
  20
-13.19409143698965
  0
HATCH
  5
1612
  100
AcDbEntity
  8
Multi-Layer
  100
AcDbHatch
  10
0
  20
0
  30
0
  210
0
  220
0
  230
1
  2
SOLID
  70
1
  71
0
  91
1
  92
7
  72
1
  73
1
  93
2
  10
10.092003782419416
  20
-13.194091437560422
  42
1
  10
12.092003782419416
  20
-13.194091437560422
  42
1
  97
1
  330
1611
  75
0
  76
1
  47
0.8681437583925616
  98
1
  10
3.629517071192367
  20
33.92795499968543
  450
0
  451
0
  460
0
  461
0
  452
1
  462
1
  453
2
  463
0
  63
5
  421
255
  463
1
  63
7
  421
16777215
  470
LINEAR
  1001
ACAD
  1010
0
  1020
0
  1030
0
  0
LWPOLYLINE
  5
1613
  100
AcDbEntity
  8
Multi-Layer
  100
AcDbPolyline
  90
4
  70
0
  43
0
  10
10.092003782419416
  20
-13.194091436485515
  42
1
  10
12.092003782419415
  20
-13.194091438131194
  10
12.092003782419415
  20
-13.194091438635331
  42
1
  10
10.092003782419416
  20
-13.19409143698965
  0
HATCH
  5
1615
  100
AcDbEntity
  8
Multi-Layer
  100
AcDbHatch
  10
0
  20
0
  30
0
  210
0
  220
0
  230
1
  2
SOLID
  70
1
  71
0
  91
1
  92
7
  72
1
  73
1
  93
2
  10
10.092003782419416
  20
-13.194091437560422
  42
1
  10
12.092003782419416
  20
-13.194091437560422
  42
1
  97
1
  330
1614
  75
0
  76
1
  47
0.8681437583925616
  98
1
  10
3.629517071192367
  20
33.92795499968543
  450
0
  451
0
  460
0
  461
0
  452
1
  462
1
  453
2
  463
0
  63
5
  421
255
  463
1
  63
7
  421
16777215
  470
LINEAR
  1001
ACAD
  1010
0
  1020
0
  1030
0
  0
LWPOLYLINE
  5
1616
  100
AcDbEntity
  8
Multi-Layer
  100
AcDbPolyline
  90
4
  70
0
  43
0
  10
10.092003782419416
  20
-13.194091436485515
  42
1
  10
12.092003782419415
  20
-13.194091438131194
  10
12.092003782419415
  20
-13.194091438635331
  42
1
  10
10.092003782419416
  20
-13.19409143698965
  0
HATCH
  5
1620
  100
AcDbEntity
  8
Multi-Layer
  100
AcDbHatch
  10
0
  20
0
  30
0
  210
0
  220
0
  230
1
  2
SOLID
  70
1
  71
0
  91
1
  92
7
  72
1
  73
1
  93
2
  10
15.310638493364241
  20
-14.66891516392275
  42
1
  10
17.31063849336424
  20
-14.66891516392275
  42
1
  97
1
  330
1619
  75
0
  76
1
  47
0.8681437583925616
  98
1
  10
3.629517071192367
  20
33.92795499968543
  450
0
  451
0
  460
0
  461
0
  452
1
  462
1
  453
2
  463
0
  63
5
  421
255
  463
1
  63
7
  421
16777215
  470
LINEAR
  1001
ACAD
  1010
0
  1020
0
  1030
0
  0
LWPOLYLINE
  5
1621
  100
AcDbEntity
  8
Multi-Layer
  100
AcDbPolyline
  90
4
  70
0
  43
0
  10
15.310638493364241
  20
-14.668915162847842
  42
1
  10
17.31063849336424
  20
-14.668915164493521
  10
17.31063849336424
  20
-14.668915164997658
  42
1
  10
15.310638493364241
  20
-14.668915163351977
  0
HATCH
  5
1623
  100
AcDbEntity
  8
Multi-Layer
  100
AcDbHatch
  10
0
  20
0
  30
0
  210
0
  220
0
  230
1
  2
SOLID
  70
1
  71
0
  91
1
  92
7
  72
1
  73
1
  93
2
  10
15.310638493364241
  20
-14.66891516392275
  42
1
  10
17.31063849336424
  20
-14.66891516392275
  42
1
  97
1
  330
1622
  75
0
  76
1
  47
0.8681437583925616
  98
1
  10
3.629517071192367
  20
33.92795499968543
  450
0
  451
0
  460
0
  461
0
  452
1
  462
1
  453
2
  463
0
  63
5
  421
255
  463
1
  63
7
  421
16777215
  470
LINEAR
  1001
ACAD
  1010
0
  1020
0
  1030
0
  0
LWPOLYLINE
  5
1624
  100
AcDbEntity
  8
Multi-Layer
  100
AcDbPolyline
  90
4
  70
0
  43
0
  10
15.310638493364241
  20
-14.668915162847842
  42
1
  10
17.31063849336424
  20
-14.668915164493521
  10
17.31063849336424
  20
-14.668915164997658
  42
1
  10
15.310638493364241
  20
-14.668915163351977
  0
HATCH
  5
1626
  100
AcDbEntity
  8
Multi-Layer
  100
AcDbHatch
  10
0
  20
0
  30
0
  210
0
  220
0
  230
1
  2
SOLID
  70
1
  71
0
  91
1
  92
7
  72
1
  73
1
  93
2
  10
15.310638493364241
  20
-14.66891516392275
  42
1
  10
17.31063849336424
  20
-14.66891516392275
  42
1
  97
1
  330
1625
  75
0
  76
1
  47
0.8681437583925616
  98
1
  10
3.629517071192367
  20
33.92795499968543
  450
0
  451
0
  460
0
  461
0
  452
1
  462
1
  453
2
  463
0
  63
5
  421
255
  463
1
  63
7
  421
16777215
  470
LINEAR
  1001
ACAD
  1010
0
  1020
0
  1030
0
  0
LWPOLYLINE
  5
1627
  100
AcDbEntity
  8
Multi-Layer
  100
AcDbPolyline
  90
4
  70
0
  43
0
  10
15.310638493364241
  20
-14.668915162847842
  42
1
  10
17.31063849336424
  20
-14.668915164493521
  10
17.31063849336424
  20
-14.668915164997658
  42
1
  10
15.310638493364241
  20
-14.668915163351977
  0
HATCH
  5
1631
  100
AcDbEntity
  8
Multi-Layer
  100
AcDbHatch
  10
0
  20
0
  30
0
  210
0
  220
0
  230
1
  2
SOLID
  70
1
  71
0
  91
1
  92
7
  72
1
  73
1
  93
2
  10
12.37800835442856
  20
-31.609128267634084
  42
1
  10
14.37800835442856
  20
-31.609128267634084
  42
1
  97
1
  330
1630
  75
0
  76
1
  47
0.8681437583925616
  98
1
  10
3.629517071192367
  20
33.92795499968543
  450
0
  451
0
  460
0
  461
0
  452
1
  462
1
  453
2
  463
0
  63
5
  421
255
  463
1
  63
7
  421
16777215
  470
LINEAR
  1001
ACAD
  1010
0
  1020
0
  1030
0
  0
LWPOLYLINE
  5
1632
  100
AcDbEntity
  8
Multi-Layer
  100
AcDbPolyline
  90
4
  70
0
  43
0
  10
12.37800835442856
  20
-31.60912826655918
  42
1
  10
14.378008354428559
  20
-31.609128268204852
  10
14.378008354428559
  20
-31.60912826870899
  42
1
  10
12.37800835442856
  20
-31.609128267063312
  0
HATCH
  5
1634
  100
AcDbEntity
  8
Multi-Layer
  100
AcDbHatch
  10
0
  20
0
  30
0
  210
0
  220
0
  230
1
  2
SOLID
  70
1
  71
0
  91
1
  92
7
  72
1
  73
1
  93
2
  10
12.37800835442856
  20
-31.609128267634084
  42
1
  10
14.37800835442856
  20
-31.609128267634084
  42
1
  97
1
  330
1633
  75
0
  76
1
  47
0.8681437583925616
  98
1
  10
3.629517071192367
  20
33.92795499968543
  450
0
  451
0
  460
0
  461
0
  452
1
  462
1
  453
2
  463
0
  63
5
  421
255
  463
1
  63
7
  421
16777215
  470
LINEAR
  1001
ACAD
  1010
0
  1020
0
  1030
0
  0
LWPOLYLINE
  5
1635
  100
AcDbEntity
  8
Multi-Layer
  100
AcDbPolyline
  90
4
  70
0
  43
0
  10
12.37800835442856
  20
-31.60912826655918
  42
1
  10
14.378008354428559
  20
-31.609128268204852
  10
14.378008354428559
  20
-31.60912826870899
  42
1
  10
12.37800835442856
  20
-31.609128267063312
  0
HATCH
  5
1637
  100
AcDbEntity
  8
Multi-Layer
  100
AcDbHatch
  10
0
  20
0
  30
0
  210
0
  220
0
  230
1
  2
SOLID
  70
1
  71
0
  91
1
  92
7
  72
1
  73
1
  93
2
  10
12.37800835442856
  20
-31.609128267634084
  42
1
  10
14.37800835442856
  20
-31.609128267634084
  42
1
  97
1
  330
1636
  75
0
  76
1
  47
0.8681437583925616
  98
1
  10
3.629517071192367
  20
33.92795499968543
  450
0
  451
0
  460
0
  461
0
  452
1
  462
1
  453
2
  463
0
  63
5
  421
255
  463
1
  63
7
  421
16777215
  470
LINEAR
  1001
ACAD
  1010
0
  1020
0
  1030
0
  0
LWPOLYLINE
  5
1638
  100
AcDbEntity
  8
Multi-Layer
  100
AcDbPolyline
  90
4
  70
0
  43
0
  10
12.37800835442856
  20
-31.60912826655918
  42
1
  10
14.378008354428559
  20
-31.609128268204852
  10
14.378008354428559
  20
-31.60912826870899
  42
1
  10
12.37800835442856
  20
-31.609128267063312
  0
HATCH
  5
1642
  100
AcDbEntity
  8
Multi-Layer
  100
AcDbHatch
  10
0
  20
0
  30
0
  210
0
  220
0
  230
1
  2
SOLID
  70
1
  71
0
  91
1
  92
7
  72
1
  73
1
  93
2
  10
17.596643065373385
  20
-33.083951993996415
  42
1
  10
19.596643065373385
  20
-33.083951993996415
  42
1
  97
1
  330
1641
  75
0
  76
1
  47
0.8681437583925616
  98
1
  10
3.629517071192367
  20
33.92795499968543
  450
0
  451
0
  460
0
  461
0
  452
1
  462
1
  453
2
  463
0
  63
5
  421
255
  463
1
  63
7
  421
16777215
  470
LINEAR
  1001
ACAD
  1010
0
  1020
0
  1030
0
  0
LWPOLYLINE
  5
1643
  100
AcDbEntity
  8
Multi-Layer
  100
AcDbPolyline
  90
4
  70
0
  43
0
  10
17.596643065373385
  20
-33.083951992921506
  42
1
  10
19.596643065373385
  20
-33.08395199456719
  10
19.596643065373385
  20
-33.08395199507132
  42
1
  10
17.596643065373385
  20
-33.083951993425636
  0
HATCH
  5
1645
  100
AcDbEntity
  8
Multi-Layer
  100
AcDbHatch
  10
0
  20
0
  30
0
  210
0
  220
0
  230
1
  2
SOLID
  70
1
  71
0
  91
1
  92
7
  72
1
  73
1
  93
2
  10
17.596643065373385
  20
-33.083951993996415
  42
1
  10
19.596643065373385
  20
-33.083951993996415
  42
1
  97
1
  330
1644
  75
0
  76
1
  47
0.8681437583925616
  98
1
  10
3.629517071192367
  20
33.92795499968543
  450
0
  451
0
  460
0
  461
0
  452
1
  462
1
  453
2
  463
0
  63
5
  421
255
  463
1
  63
7
  421
16777215
  470
LINEAR
  1001
ACAD
  1010
0
  1020
0
  1030
0
  0
LWPOLYLINE
  5
1646
  100
AcDbEntity
  8
Multi-Layer
  100
AcDbPolyline
  90
4
  70
0
  43
0
  10
17.596643065373385
  20
-33.083951992921506
  42
1
  10
19.596643065373385
  20
-33.08395199456719
  10
19.596643065373385
  20
-33.08395199507132
  42
1
  10
17.596643065373385
  20
-33.083951993425636
  0
HATCH
  5
1648
  100
AcDbEntity
  8
Multi-Layer
  100
AcDbHatch
  10
0
  20
0
  30
0
  210
0
  220
0
  230
1
  2
SOLID
  70
1
  71
0
  91
1
  92
7
  72
1
  73
1
  93
2
  10
17.596643065373385
  20
-33.083951993996415
  42
1
  10
19.596643065373385
  20
-33.083951993996415
  42
1
  97
1
  330
1647
  75
0
  76
1
  47
0.8681437583925616
  98
1
  10
3.629517071192367
  20
33.92795499968543
  450
0
  451
0
  460
0
  461
0
  452
1
  462
1
  453
2
  463
0
  63
5
  421
255
  463
1
  63
7
  421
16777215
  470
LINEAR
  1001
ACAD
  1010
0
  1020
0
  1030
0
  0
LWPOLYLINE
  5
1649
  100
AcDbEntity
  8
Multi-Layer
  100
AcDbPolyline
  90
4
  70
0
  43
0
  10
17.596643065373385
  20
-33.083951992921506
  42
1
  10
19.596643065373385
  20
-33.08395199456719
  10
19.596643065373385
  20
-33.08395199507132
  42
1
  10
17.596643065373385
  20
-33.083951993425636
  0
HATCH
  5
1653
  100
AcDbEntity
  8
Multi-Layer
  100
AcDbHatch
  10
0
  20
0
  30
0
  210
0
  220
0
  230
1
  2
SOLID
  70
1
  71
0
  91
1
  92
7
  72
1
  73
1
  93
2
  10
14.664012926437705
  20
-50.024165097707744
  42
1
  10
16.664012926437707
  20
-50.024165097707744
  42
1
  97
1
  330
1652
  75
0
  76
1
  47
0.8681437583925616
  98
1
  10
3.629517071192367
  20
33.92795499968543
  450
0
  451
0
  460
0
  461
0
  452
1
  462
1
  453
2
  463
0
  63
5
  421
255
  463
1
  63
7
  421
16777215
  470
LINEAR
  1001
ACAD
  1010
0
  1020
0
  1030
0
  0
LWPOLYLINE
  5
1654
  100
AcDbEntity
  8
Multi-Layer
  100
AcDbPolyline
  90
2
  70
1
  43
0
  10
14.664012926437707
  20
-50.024165097707744
  42
1
  10
16.664012926437707
  20
-50.024165097707744
  42
1
  0
HATCH
  5
1656
  100
AcDbEntity
  8
Multi-Layer
  100
AcDbHatch
  10
0
  20
0
  30
0
  210
0
  220
0
  230
1
  2
SOLID
  70
1
  71
0
  91
1
  92
7
  72
1
  73
1
  93
2
  10
14.664012926437705
  20
-50.024165097707744
  42
1
  10
16.664012926437707
  20
-50.024165097707744
  42
1
  97
1
  330
1655
  75
0
  76
1
  47
0.8681437583925616
  98
1
  10
3.629517071192367
  20
33.92795499968543
  450
0
  451
0
  460
0
  461
0
  452
1
  462
1
  453
2
  463
0
  63
5
  421
255
  463
1
  63
7
  421
16777215
  470
LINEAR
  1001
ACAD
  1010
0
  1020
0
  1030
0
  0
LWPOLYLINE
  5
1657
  100
AcDbEntity
  8
Multi-Layer
  100
AcDbPolyline
  90
2
  70
1
  43
0
  10
14.664012926437707
  20
-50.024165097707744
  42
1
  10
16.664012926437707
  20
-50.024165097707744
  42
1
  0
HATCH
  5
1659
  100
AcDbEntity
  8
Multi-Layer
  100
AcDbHatch
  10
0
  20
0
  30
0
  210
0
  220
0
  230
1
  2
SOLID
  70
1
  71
0
  91
1
  92
7
  72
1
  73
1
  93
2
  10
14.664012926437705
  20
-50.024165097707744
  42
1
  10
16.664012926437707
  20
-50.024165097707744
  42
1
  97
1
  330
1658
  75
0
  76
1
  47
0.8681437583925616
  98
1
  10
3.629517071192367
  20
33.92795499968543
  450
0
  451
0
  460
0
  461
0
  452
1
  462
1
  453
2
  463
0
  63
5
  421
255
  463
1
  63
7
  421
16777215
  470
LINEAR
  1001
ACAD
  1010
0
  1020
0
  1030
0
  0
LWPOLYLINE
  5
1660
  100
AcDbEntity
  8
Multi-Layer
  100
AcDbPolyline
  90
2
  70
1
  43
0
  10
14.664012926437707
  20
-50.024165097707744
  42
1
  10
16.664012926437707
  20
-50.024165097707744
  42
1
  0
HATCH
  5
1664
  100
AcDbEntity
  8
Multi-Layer
  100
AcDbHatch
  10
0
  20
0
  30
0
  210
0
  220
0
  230
1
  2
SOLID
  70
1
  71
0
  91
1
  92
7
  72
1
  73
1
  93
2
  10
19.88264763738253
  20
-51.498988824070075
  42
1
  10
21.88264763738253
  20
-51.498988824070075
  42
1
  97
1
  330
1663
  75
0
  76
1
  47
0.8681437583925616
  98
1
  10
3.629517071192367
  20
33.92795499968543
  450
0
  451
0
  460
0
  461
0
  452
1
  462
1
  453
2
  463
0
  63
5
  421
255
  463
1
  63
7
  421
16777215
  470
LINEAR
  1001
ACAD
  1010
0
  1020
0
  1030
0
  0
LWPOLYLINE
  5
1665
  100
AcDbEntity
  8
Multi-Layer
  100
AcDbPolyline
  90
4
  70
0
  43
0
  10
19.88264763738253
  20
-51.498988822995166
  42
1
  10
21.88264763738253
  20
-51.49898882464085
  10
21.88264763738253
  20
-51.498988825144984
  42
1
  10
19.88264763738253
  20
-51.4989888234993
  0
HATCH
  5
1667
  100
AcDbEntity
  8
Multi-Layer
  100
AcDbHatch
  10
0
  20
0
  30
0
  210
0
  220
0
  230
1
  2
SOLID
  70
1
  71
0
  91
1
  92
7
  72
1
  73
1
  93
2
  10
19.88264763738253
  20
-51.498988824070075
  42
1
  10
21.88264763738253
  20
-51.498988824070075
  42
1
  97
1
  330
1666
  75
0
  76
1
  47
0.8681437583925616
  98
1
  10
3.629517071192367
  20
33.92795499968543
  450
0
  451
0
  460
0
  461
0
  452
1
  462
1
  453
2
  463
0
  63
5
  421
255
  463
1
  63
7
  421
16777215
  470
LINEAR
  1001
ACAD
  1010
0
  1020
0
  1030
0
  0
LWPOLYLINE
  5
1668
  100
AcDbEntity
  8
Multi-Layer
  100
AcDbPolyline
  90
4
  70
0
  43
0
  10
19.88264763738253
  20
-51.498988822995166
  42
1
  10
21.88264763738253
  20
-51.49898882464085
  10
21.88264763738253
  20
-51.498988825144984
  42
1
  10
19.88264763738253
  20
-51.4989888234993
  0
HATCH
  5
1670
  100
AcDbEntity
  8
Multi-Layer
  100
AcDbHatch
  10
0
  20
0
  30
0
  210
0
  220
0
  230
1
  2
SOLID
  70
1
  71
0
  91
1
  92
7
  72
1
  73
1
  93
2
  10
19.88264763738253
  20
-51.498988824070075
  42
1
  10
21.88264763738253
  20
-51.498988824070075
  42
1
  97
1
  330
1669
  75
0
  76
1
  47
0.8681437583925616
  98
1
  10
3.629517071192367
  20
33.92795499968543
  450
0
  451
0
  460
0
  461
0
  452
1
  462
1
  453
2
  463
0
  63
5
  421
255
  463
1
  63
7
  421
16777215
  470
LINEAR
  1001
ACAD
  1010
0
  1020
0
  1030
0
  0
LWPOLYLINE
  5
1671
  100
AcDbEntity
  8
Multi-Layer
  100
AcDbPolyline
  90
4
  70
0
  43
0
  10
19.88264763738253
  20
-51.498988822995166
  42
1
  10
21.88264763738253
  20
-51.49898882464085
  10
21.88264763738253
  20
-51.498988825144984
  42
1
  10
19.88264763738253
  20
-51.4989888234993
  0
HATCH
  5
1675
  100
AcDbEntity
  8
Multi-Layer
  100
AcDbHatch
  10
0
  20
0
  30
0
  210
0
  220
0
  230
1
  2
SOLID
  70
1
  71
0
  91
1
  92
7
  72
1
  73
1
  93
2
  10
16.949962000401978
  20
-68.31216651917076
  42
1
  10
18.949962000401978
  20
-68.31216651917076
  42
1
  97
1
  330
1674
  75
0
  76
1
  47
0.8681437583925616
  98
1
  10
3.629517071192367
  20
33.92795499968543
  450
0
  451
0
  460
0
  461
0
  452
1
  462
1
  453
2
  463
0
  63
5
  421
255
  463
1
  63
7
  421
16777215
  470
LINEAR
  1001
ACAD
  1010
0
  1020
0
  1030
0
  0
LWPOLYLINE
  5
1676
  100
AcDbEntity
  8
Multi-Layer
  100
AcDbPolyline
  90
4
  70
0
  43
0
  10
16.94996200040198
  20
-68.31216651809585
  42
1
  10
18.949962000401978
  20
-68.31216651974154
  10
18.949962000401978
  20
-68.31216652024568
  42
1
  10
16.94996200040198
  20
-68.3121665186
  0
HATCH
  5
1678
  100
AcDbEntity
  8
Multi-Layer
  100
AcDbHatch
  10
0
  20
0
  30
0
  210
0
  220
0
  230
1
  2
SOLID
  70
1
  71
0
  91
1
  92
7
  72
1
  73
1
  93
2
  10
16.949962000401978
  20
-68.31216651917076
  42
1
  10
18.949962000401978
  20
-68.31216651917076
  42
1
  97
1
  330
1677
  75
0
  76
1
  47
0.8681437583925616
  98
1
  10
3.629517071192367
  20
33.92795499968543
  450
0
  451
0
  460
0
  461
0
  452
1
  462
1
  453
2
  463
0
  63
5
  421
255
  463
1
  63
7
  421
16777215
  470
LINEAR
  1001
ACAD
  1010
0
  1020
0
  1030
0
  0
LWPOLYLINE
  5
1679
  100
AcDbEntity
  8
Multi-Layer
  100
AcDbPolyline
  90
4
  70
0
  43
0
  10
16.94996200040198
  20
-68.31216651809585
  42
1
  10
18.949962000401978
  20
-68.31216651974154
  10
18.949962000401978
  20
-68.31216652024568
  42
1
  10
16.94996200040198
  20
-68.3121665186
  0
HATCH
  5
1681
  100
AcDbEntity
  8
Multi-Layer
  100
AcDbHatch
  10
0
  20
0
  30
0
  210
0
  220
0
  230
1
  2
SOLID
  70
1
  71
0
  91
1
  92
7
  72
1
  73
1
  93
2
  10
16.949962000401978
  20
-68.31216651917076
  42
1
  10
18.949962000401978
  20
-68.31216651917076
  42
1
  97
1
  330
1680
  75
0
  76
1
  47
0.8681437583925616
  98
1
  10
3.629517071192367
  20
33.92795499968543
  450
0
  451
0
  460
0
  461
0
  452
1
  462
1
  453
2
  463
0
  63
5
  421
255
  463
1
  63
7
  421
16777215
  470
LINEAR
  1001
ACAD
  1010
0
  1020
0
  1030
0
  0
LWPOLYLINE
  5
1682
  100
AcDbEntity
  8
Multi-Layer
  100
AcDbPolyline
  90
4
  70
0
  43
0
  10
16.94996200040198
  20
-68.31216651809585
  42
1
  10
18.949962000401978
  20
-68.31216651974154
  10
18.949962000401978
  20
-68.31216652024568
  42
1
  10
16.94996200040198
  20
-68.3121665186
  0
HATCH
  5
1686
  100
AcDbEntity
  8
Multi-Layer
  100
AcDbHatch
  10
0
  20
0
  30
0
  210
0
  220
0
  230
1
  2
SOLID
  70
1
  71
0
  91
1
  92
7
  72
1
  73
1
  93
2
  10
22.16865644827334
  20
-69.7871474596096
  42
1
  10
24.16865644827334
  20
-69.7871474596096
  42
1
  97
1
  330
1685
  75
0
  76
1
  47
0.8681437583925616
  98
1
  10
3.629517071192367
  20
33.92795499968543
  450
0
  451
0
  460
0
  461
0
  452
1
  462
1
  453
2
  463
0
  63
5
  421
255
  463
1
  63
7
  421
16777215
  470
LINEAR
  1001
ACAD
  1010
0
  1020
0
  1030
0
  0
LWPOLYLINE
  5
1687
  100
AcDbEntity
  8
Multi-Layer
  100
AcDbPolyline
  90
4
  70
0
  43
0
  10
22.16865644827334
  20
-69.78714745853469
  42
1
  10
24.16865644827334
  20
-69.78714746018038
  10
24.16865644827334
  20
-69.78714746068451
  42
1
  10
22.16865644827334
  20
-69.78714745903882
  0
HATCH
  5
1689
  100
AcDbEntity
  8
Multi-Layer
  100
AcDbHatch
  10
0
  20
0
  30
0
  210
0
  220
0
  230
1
  2
SOLID
  70
1
  71
0
  91
1
  92
7
  72
1
  73
1
  93
2
  10
22.16865644827334
  20
-69.7871474596096
  42
1
  10
24.16865644827334
  20
-69.7871474596096
  42
1
  97
1
  330
1688
  75
0
  76
1
  47
0.8681437583925616
  98
1
  10
3.629517071192367
  20
33.92795499968543
  450
0
  451
0
  460
0
  461
0
  452
1
  462
1
  453
2
  463
0
  63
5
  421
255
  463
1
  63
7
  421
16777215
  470
LINEAR
  1001
ACAD
  1010
0
  1020
0
  1030
0
  0
LWPOLYLINE
  5
1690
  100
AcDbEntity
  8
Multi-Layer
  100
AcDbPolyline
  90
4
  70
0
  43
0
  10
22.16865644827334
  20
-69.78714745853469
  42
1
  10
24.16865644827334
  20
-69.78714746018038
  10
24.16865644827334
  20
-69.78714746068451
  42
1
  10
22.16865644827334
  20
-69.78714745903882
  0
HATCH
  5
1692
  100
AcDbEntity
  8
Multi-Layer
  100
AcDbHatch
  10
0
  20
0
  30
0
  210
0
  220
0
  230
1
  2
SOLID
  70
1
  71
0
  91
1
  92
7
  72
1
  73
1
  93
2
  10
22.16865644827334
  20
-69.7871474596096
  42
1
  10
24.16865644827334
  20
-69.7871474596096
  42
1
  97
1
  330
1691
  75
0
  76
1
  47
0.8681437583925616
  98
1
  10
3.629517071192367
  20
33.92795499968543
  450
0
  451
0
  460
0
  461
0
  452
1
  462
1
  453
2
  463
0
  63
5
  421
255
  463
1
  63
7
  421
16777215
  470
LINEAR
  1001
ACAD
  1010
0
  1020
0
  1030
0
  0
LWPOLYLINE
  5
1693
  100
AcDbEntity
  8
Multi-Layer
  100
AcDbPolyline
  90
4
  70
0
  43
0
  10
22.16865644827334
  20
-69.78714745853469
  42
1
  10
24.16865644827334
  20
-69.78714746018038
  10
24.16865644827334
  20
-69.78714746068451
  42
1
  10
22.16865644827334
  20
-69.78714745903882
  0
HATCH
  5
1697
  100
AcDbEntity
  8
Multi-Layer
  100
AcDbHatch
  10
0
  20
0
  30
0
  210
0
  220
0
  230
1
  2
SOLID
  70
1
  71
0
  91
1
  92
7
  72
1
  73
1
  93
2
  10
34.60305280451747
  20
-62.34318973575702
  42
1
  10
36.60305280451747
  20
-62.34318973575702
  42
1
  97
1
  330
1696
  75
0
  76
1
  47
0.8681437583925616
  98
1
  10
3.629517071192367
  20
33.92795499968543
  450
0
  451
0
  460
0
  461
0
  452
1
  462
1
  453
2
  463
0
  63
5
  421
255
  463
1
  63
7
  421
16777215
  470
LINEAR
  1001
ACAD
  1010
0
  1020
0
  1030
0
  0
LWPOLYLINE
  5
1698
  100
AcDbEntity
  8
Multi-Layer
  100
AcDbPolyline
  90
2
  70
1
  43
0
  10
34.60305280451746
  20
-62.34318973575702
  42
1
  10
36.60305280451747
  20
-62.34318973575702
  42
1
  0
HATCH
  5
1700
  100
AcDbEntity
  8
Multi-Layer
  100
AcDbHatch
  10
0
  20
0
  30
0
  210
0
  220
0
  230
1
  2
SOLID
  70
1
  71
0
  91
1
  92
7
  72
1
  73
1
  93
2
  10
34.60305280451747
  20
-62.34318973575702
  42
1
  10
36.60305280451747
  20
-62.34318973575702
  42
1
  97
1
  330
1699
  75
0
  76
1
  47
0.8681437583925616
  98
1
  10
3.629517071192367
  20
33.92795499968543
  450
0
  451
0
  460
0
  461
0
  452
1
  462
1
  453
2
  463
0
  63
5
  421
255
  463
1
  63
7
  421
16777215
  470
LINEAR
  1001
ACAD
  1010
0
  1020
0
  1030
0
  0
LWPOLYLINE
  5
1701
  100
AcDbEntity
  8
Multi-Layer
  100
AcDbPolyline
  90
2
  70
1
  43
0
  10
34.60305280451746
  20
-62.34318973575702
  42
1
  10
36.60305280451747
  20
-62.34318973575702
  42
1
  0
HATCH
  5
1703
  100
AcDbEntity
  8
Multi-Layer
  100
AcDbHatch
  10
0
  20
0
  30
0
  210
0
  220
0
  230
1
  2
SOLID
  70
1
  71
0
  91
1
  92
7
  72
1
  73
1
  93
2
  10
34.60305280451747
  20
-62.34318973575702
  42
1
  10
36.60305280451747
  20
-62.34318973575702
  42
1
  97
1
  330
1702
  75
0
  76
1
  47
0.8681437583925616
  98
1
  10
3.629517071192367
  20
33.92795499968543
  450
0
  451
0
  460
0
  461
0
  452
1
  462
1
  453
2
  463
0
  63
5
  421
255
  463
1
  63
7
  421
16777215
  470
LINEAR
  1001
ACAD
  1010
0
  1020
0
  1030
0
  0
LWPOLYLINE
  5
1704
  100
AcDbEntity
  8
Multi-Layer
  100
AcDbPolyline
  90
2
  70
1
  43
0
  10
34.60305280451746
  20
-62.34318973575702
  42
1
  10
36.60305280451747
  20
-62.34318973575702
  42
1
  0
HATCH
  5
1708
  100
AcDbEntity
  8
Multi-Layer
  100
AcDbHatch
  10
0
  20
0
  30
0
  210
0
  220
0
  230
1
  2
SOLID
  70
1
  71
0
  91
1
  92
7
  72
1
  73
1
  93
2
  10
39.82168751546229
  20
-63.81801346211935
  42
1
  10
41.82168751546229
  20
-63.81801346211935
  42
1
  97
1
  330
1707
  75
0
  76
1
  47
0.8681437583925616
  98
1
  10
3.629517071192367
  20
33.92795499968543
  450
0
  451
0
  460
0
  461
0
  452
1
  462
1
  453
2
  463
0
  63
5
  421
255
  463
1
  63
7
  421
16777215
  470
LINEAR
  1001
ACAD
  1010
0
  1020
0
  1030
0
  0
LWPOLYLINE
  5
1709
  100
AcDbEntity
  8
Multi-Layer
  100
AcDbPolyline
  90
2
  70
1
  43
0
  10
39.82168751546229
  20
-63.81801346211935
  42
1
  10
41.82168751546229
  20
-63.81801346211935
  42
1
  0
HATCH
  5
1711
  100
AcDbEntity
  8
Multi-Layer
  100
AcDbHatch
  10
0
  20
0
  30
0
  210
0
  220
0
  230
1
  2
SOLID
  70
1
  71
0
  91
1
  92
7
  72
1
  73
1
  93
2
  10
39.82168751546229
  20
-63.81801346211935
  42
1
  10
41.82168751546229
  20
-63.81801346211935
  42
1
  97
1
  330
1710
  75
0
  76
1
  47
0.8681437583925616
  98
1
  10
3.629517071192367
  20
33.92795499968543
  450
0
  451
0
  460
0
  461
0
  452
1
  462
1
  453
2
  463
0
  63
5
  421
255
  463
1
  63
7
  421
16777215
  470
LINEAR
  1001
ACAD
  1010
0
  1020
0
  1030
0
  0
LWPOLYLINE
  5
1712
  100
AcDbEntity
  8
Multi-Layer
  100
AcDbPolyline
  90
2
  70
1
  43
0
  10
39.82168751546229
  20
-63.81801346211935
  42
1
  10
41.82168751546229
  20
-63.81801346211935
  42
1
  0
HATCH
  5
1714
  100
AcDbEntity
  8
Multi-Layer
  100
AcDbHatch
  10
0
  20
0
  30
0
  210
0
  220
0
  230
1
  2
SOLID
  70
1
  71
0
  91
1
  92
7
  72
1
  73
1
  93
2
  10
39.82168751546229
  20
-63.81801346211935
  42
1
  10
41.82168751546229
  20
-63.81801346211935
  42
1
  97
1
  330
1713
  75
0
  76
1
  47
0.8681437583925616
  98
1
  10
3.629517071192367
  20
33.92795499968543
  450
0
  451
0
  460
0
  461
0
  452
1
  462
1
  453
2
  463
0
  63
5
  421
255
  463
1
  63
7
  421
16777215
  470
LINEAR
  1001
ACAD
  1010
0
  1020
0
  1030
0
  0
LWPOLYLINE
  5
1715
  100
AcDbEntity
  8
Multi-Layer
  100
AcDbPolyline
  90
2
  70
1
  43
0
  10
39.82168751546229
  20
-63.81801346211935
  42
1
  10
41.82168751546229
  20
-63.81801346211935
  42
1
  0
HATCH
  5
1719
  100
AcDbEntity
  8
Multi-Layer
  100
AcDbHatch
  10
0
  20
0
  30
0
  210
0
  220
0
  230
1
  2
SOLID
  70
1
  71
0
  91
1
  92
7
  72
1
  73
1
  93
2
  10
32.44404848650883
  20
-44.05515315968387
  42
1
  10
34.44404848650883
  20
-44.05515315968387
  42
1
  97
1
  330
1718
  75
0
  76
1
  47
0.8681437583925616
  98
1
  10
3.629517071192367
  20
33.92795499968543
  450
0
  451
0
  460
0
  461
0
  452
1
  462
1
  453
2
  463
0
  63
5
  421
255
  463
1
  63
7
  421
16777215
  470
LINEAR
  1001
ACAD
  1010
0
  1020
0
  1030
0
  0
LWPOLYLINE
  5
1720
  100
AcDbEntity
  8
Multi-Layer
  100
AcDbPolyline
  90
2
  70
1
  43
0
  10
32.44404848650883
  20
-44.05515315968387
  42
1
  10
34.444048486508834
  20
-44.05515315968387
  42
1
  0
HATCH
  5
1722
  100
AcDbEntity
  8
Multi-Layer
  100
AcDbHatch
  10
0
  20
0
  30
0
  210
0
  220
0
  230
1
  2
SOLID
  70
1
  71
0
  91
1
  92
7
  72
1
  73
1
  93
2
  10
32.44404848650883
  20
-44.05515315968387
  42
1
  10
34.44404848650883
  20
-44.05515315968387
  42
1
  97
1
  330
1721
  75
0
  76
1
  47
0.8681437583925616
  98
1
  10
3.629517071192367
  20
33.92795499968543
  450
0
  451
0
  460
0
  461
0
  452
1
  462
1
  453
2
  463
0
  63
5
  421
255
  463
1
  63
7
  421
16777215
  470
LINEAR
  1001
ACAD
  1010
0
  1020
0
  1030
0
  0
LWPOLYLINE
  5
1723
  100
AcDbEntity
  8
Multi-Layer
  100
AcDbPolyline
  90
2
  70
1
  43
0
  10
32.44404848650883
  20
-44.05515315968387
  42
1
  10
34.444048486508834
  20
-44.05515315968387
  42
1
  0
HATCH
  5
1725
  100
AcDbEntity
  8
Multi-Layer
  100
AcDbHatch
  10
0
  20
0
  30
0
  210
0
  220
0
  230
1
  2
SOLID
  70
1
  71
0
  91
1
  92
7
  72
1
  73
1
  93
2
  10
32.44404848650883
  20
-44.05515315968387
  42
1
  10
34.44404848650883
  20
-44.05515315968387
  42
1
  97
1
  330
1724
  75
0
  76
1
  47
0.8681437583925616
  98
1
  10
3.629517071192367
  20
33.92795499968543
  450
0
  451
0
  460
0
  461
0
  452
1
  462
1
  453
2
  463
0
  63
5
  421
255
  463
1
  63
7
  421
16777215
  470
LINEAR
  1001
ACAD
  1010
0
  1020
0
  1030
0
  0
LWPOLYLINE
  5
1726
  100
AcDbEntity
  8
Multi-Layer
  100
AcDbPolyline
  90
2
  70
1
  43
0
  10
32.44404848650883
  20
-44.05515315968387
  42
1
  10
34.444048486508834
  20
-44.05515315968387
  42
1
  0
HATCH
  5
1730
  100
AcDbEntity
  8
Multi-Layer
  100
AcDbHatch
  10
0
  20
0
  30
0
  210
0
  220
0
  230
1
  2
SOLID
  70
1
  71
0
  91
1
  92
7
  72
1
  73
1
  93
2
  10
37.66268319745365
  20
-45.5299768860462
  42
1
  10
39.66268319745365
  20
-45.5299768860462
  42
1
  97
1
  330
1729
  75
0
  76
1
  47
0.8681437583925616
  98
1
  10
3.629517071192367
  20
33.92795499968543
  450
0
  451
0
  460
0
  461
0
  452
1
  462
1
  453
2
  463
0
  63
5
  421
255
  463
1
  63
7
  421
16777215
  470
LINEAR
  1001
ACAD
  1010
0
  1020
0
  1030
0
  0
LWPOLYLINE
  5
1731
  100
AcDbEntity
  8
Multi-Layer
  100
AcDbPolyline
  90
2
  70
1
  43
0
  10
37.662683197453646
  20
-45.5299768860462
  42
1
  10
39.66268319745365
  20
-45.5299768860462
  42
1
  0
HATCH
  5
1733
  100
AcDbEntity
  8
Multi-Layer
  100
AcDbHatch
  10
0
  20
0
  30
0
  210
0
  220
0
  230
1
  2
SOLID
  70
1
  71
0
  91
1
  92
7
  72
1
  73
1
  93
2
  10
37.66268319745365
  20
-45.5299768860462
  42
1
  10
39.66268319745365
  20
-45.5299768860462
  42
1
  97
1
  330
1732
  75
0
  76
1
  47
0.8681437583925616
  98
1
  10
3.629517071192367
  20
33.92795499968543
  450
0
  451
0
  460
0
  461
0
  452
1
  462
1
  453
2
  463
0
  63
5
  421
255
  463
1
  63
7
  421
16777215
  470
LINEAR
  1001
ACAD
  1010
0
  1020
0
  1030
0
  0
LWPOLYLINE
  5
1734
  100
AcDbEntity
  8
Multi-Layer
  100
AcDbPolyline
  90
2
  70
1
  43
0
  10
37.662683197453646
  20
-45.5299768860462
  42
1
  10
39.66268319745365
  20
-45.5299768860462
  42
1
  0
HATCH
  5
1736
  100
AcDbEntity
  8
Multi-Layer
  100
AcDbHatch
  10
0
  20
0
  30
0
  210
0
  220
0
  230
1
  2
SOLID
  70
1
  71
0
  91
1
  92
7
  72
1
  73
1
  93
2
  10
37.66268319745365
  20
-45.5299768860462
  42
1
  10
39.66268319745365
  20
-45.5299768860462
  42
1
  97
1
  330
1735
  75
0
  76
1
  47
0.8681437583925616
  98
1
  10
3.629517071192367
  20
33.92795499968543
  450
0
  451
0
  460
0
  461
0
  452
1
  462
1
  453
2
  463
0
  63
5
  421
255
  463
1
  63
7
  421
16777215
  470
LINEAR
  1001
ACAD
  1010
0
  1020
0
  1030
0
  0
LWPOLYLINE
  5
1737
  100
AcDbEntity
  8
Multi-Layer
  100
AcDbPolyline
  90
2
  70
1
  43
0
  10
37.662683197453646
  20
-45.5299768860462
  42
1
  10
39.66268319745365
  20
-45.5299768860462
  42
1
  0
HATCH
  5
1741
  100
AcDbEntity
  8
Multi-Layer
  100
AcDbHatch
  10
0
  20
0
  30
0
  210
0
  220
0
  230
1
  2
SOLID
  70
1
  71
0
  91
1
  92
7
  72
1
  73
1
  93
2
  10
30.28504416850019
  20
-25.767116583610715
  42
1
  10
32.28504416850019
  20
-25.767116583610715
  42
1
  97
1
  330
1740
  75
0
  76
1
  47
0.8681437583925616
  98
1
  10
3.629517071192367
  20
33.92795499968543
  450
0
  451
0
  460
0
  461
0
  452
1
  462
1
  453
2
  463
0
  63
5
  421
255
  463
1
  63
7
  421
16777215
  470
LINEAR
  1001
ACAD
  1010
0
  1020
0
  1030
0
  0
LWPOLYLINE
  5
1742
  100
AcDbEntity
  8
Multi-Layer
  100
AcDbPolyline
  90
4
  70
0
  43
0
  10
30.28504416850019
  20
-25.76711658253581
  42
1
  10
32.285044168500185
  20
-25.767116584181483
  10
32.285044168500185
  20
-25.76711658468562
  42
1
  10
30.28504416850019
  20
-25.767116583039943
  0
HATCH
  5
1744
  100
AcDbEntity
  8
Multi-Layer
  100
AcDbHatch
  10
0
  20
0
  30
0
  210
0
  220
0
  230
1
  2
SOLID
  70
1
  71
0
  91
1
  92
7
  72
1
  73
1
  93
2
  10
30.28504416850019
  20
-25.767116583610715
  42
1
  10
32.28504416850019
  20
-25.767116583610715
  42
1
  97
1
  330
1743
  75
0
  76
1
  47
0.8681437583925616
  98
1
  10
3.629517071192367
  20
33.92795499968543
  450
0
  451
0
  460
0
  461
0
  452
1
  462
1
  453
2
  463
0
  63
5
  421
255
  463
1
  63
7
  421
16777215
  470
LINEAR
  1001
ACAD
  1010
0
  1020
0
  1030
0
  0
LWPOLYLINE
  5
1745
  100
AcDbEntity
  8
Multi-Layer
  100
AcDbPolyline
  90
4
  70
0
  43
0
  10
30.28504416850019
  20
-25.76711658253581
  42
1
  10
32.285044168500185
  20
-25.767116584181483
  10
32.285044168500185
  20
-25.76711658468562
  42
1
  10
30.28504416850019
  20
-25.767116583039943
  0
HATCH
  5
1747
  100
AcDbEntity
  8
Multi-Layer
  100
AcDbHatch
  10
0
  20
0
  30
0
  210
0
  220
0
  230
1
  2
SOLID
  70
1
  71
0
  91
1
  92
7
  72
1
  73
1
  93
2
  10
30.28504416850019
  20
-25.767116583610715
  42
1
  10
32.28504416850019
  20
-25.767116583610715
  42
1
  97
1
  330
1746
  75
0
  76
1
  47
0.8681437583925616
  98
1
  10
3.629517071192367
  20
33.92795499968543
  450
0
  451
0
  460
0
  461
0
  452
1
  462
1
  453
2
  463
0
  63
5
  421
255
  463
1
  63
7
  421
16777215
  470
LINEAR
  1001
ACAD
  1010
0
  1020
0
  1030
0
  0
LWPOLYLINE
  5
1748
  100
AcDbEntity
  8
Multi-Layer
  100
AcDbPolyline
  90
4
  70
0
  43
0
  10
30.28504416850019
  20
-25.76711658253581
  42
1
  10
32.285044168500185
  20
-25.767116584181483
  10
32.285044168500185
  20
-25.76711658468562
  42
1
  10
30.28504416850019
  20
-25.767116583039943
  0
HATCH
  5
1752
  100
AcDbEntity
  8
Multi-Layer
  100
AcDbHatch
  10
0
  20
0
  30
0
  210
0
  220
0
  230
1
  2
SOLID
  70
1
  71
0
  91
1
  92
7
  72
1
  73
1
  93
2
  10
35.50367887944501
  20
-27.241940309973042
  42
1
  10
37.50367887944501
  20
-27.241940309973042
  42
1
  97
1
  330
1751
  75
0
  76
1
  47
0.8681437583925616
  98
1
  10
3.629517071192367
  20
33.92795499968543
  450
0
  451
0
  460
0
  461
0
  452
1
  462
1
  453
2
  463
0
  63
5
  421
255
  463
1
  63
7
  421
16777215
  470
LINEAR
  1001
ACAD
  1010
0
  1020
0
  1030
0
  0
LWPOLYLINE
  5
1753
  100
AcDbEntity
  8
Multi-Layer
  100
AcDbPolyline
  90
2
  70
1
  43
0
  10
35.50367887944501
  20
-27.241940309973042
  42
1
  10
37.50367887944502
  20
-27.241940309973042
  42
1
  0
HATCH
  5
1755
  100
AcDbEntity
  8
Multi-Layer
  100
AcDbHatch
  10
0
  20
0
  30
0
  210
0
  220
0
  230
1
  2
SOLID
  70
1
  71
0
  91
1
  92
7
  72
1
  73
1
  93
2
  10
35.50367887944501
  20
-27.241940309973042
  42
1
  10
37.50367887944501
  20
-27.241940309973042
  42
1
  97
1
  330
1754
  75
0
  76
1
  47
0.8681437583925616
  98
1
  10
3.629517071192367
  20
33.92795499968543
  450
0
  451
0
  460
0
  461
0
  452
1
  462
1
  453
2
  463
0
  63
5
  421
255
  463
1
  63
7
  421
16777215
  470
LINEAR
  1001
ACAD
  1010
0
  1020
0
  1030
0
  0
LWPOLYLINE
  5
1756
  100
AcDbEntity
  8
Multi-Layer
  100
AcDbPolyline
  90
2
  70
1
  43
0
  10
35.50367887944501
  20
-27.241940309973042
  42
1
  10
37.50367887944502
  20
-27.241940309973042
  42
1
  0
HATCH
  5
1758
  100
AcDbEntity
  8
Multi-Layer
  100
AcDbHatch
  10
0
  20
0
  30
0
  210
0
  220
0
  230
1
  2
SOLID
  70
1
  71
0
  91
1
  92
7
  72
1
  73
1
  93
2
  10
35.50367887944501
  20
-27.241940309973042
  42
1
  10
37.50367887944501
  20
-27.241940309973042
  42
1
  97
1
  330
1757
  75
0
  76
1
  47
0.8681437583925616
  98
1
  10
3.629517071192367
  20
33.92795499968543
  450
0
  451
0
  460
0
  461
0
  452
1
  462
1
  453
2
  463
0
  63
5
  421
255
  463
1
  63
7
  421
16777215
  470
LINEAR
  1001
ACAD
  1010
0
  1020
0
  1030
0
  0
LWPOLYLINE
  5
1759
  100
AcDbEntity
  8
Multi-Layer
  100
AcDbPolyline
  90
2
  70
1
  43
0
  10
35.50367887944501
  20
-27.241940309973042
  42
1
  10
37.50367887944502
  20
-27.241940309973042
  42
1
  0
HATCH
  5
1763
  100
AcDbEntity
  8
Multi-Layer
  100
AcDbHatch
  10
0
  20
0
  30
0
  210
0
  220
0
  230
1
  2
SOLID
  70
1
  71
0
  91
1
  92
7
  72
1
  73
1
  93
2
  10
27.999039596491045
  20
-7.47908000753756
  42
1
  10
29.999039596491045
  20
-7.47908000753756
  42
1
  97
1
  330
1762
  75
0
  76
1
  47
0.8681437583925616
  98
1
  10
3.629517071192367
  20
33.92795499968543
  450
0
  451
0
  460
0
  461
0
  452
1
  462
1
  453
2
  463
0
  63
5
  421
255
  463
1
  63
7
  421
16777215
  470
LINEAR
  1001
ACAD
  1010
0
  1020
0
  1030
0
  0
LWPOLYLINE
  5
1764
  100
AcDbEntity
  8
Multi-Layer
  100
AcDbPolyline
  90
4
  70
0
  43
0
  10
27.999039596491045
  20
-7.479080006462652
  42
1
  10
29.999039596491045
  20
-7.479080008108331
  10
29.999039596491045
  20
-7.479080008612469
  42
1
  10
27.999039596491045
  20
-7.479080006966788
  0
HATCH
  5
1766
  100
AcDbEntity
  8
Multi-Layer
  100
AcDbHatch
  10
0
  20
0
  30
0
  210
0
  220
0
  230
1
  2
SOLID
  70
1
  71
0
  91
1
  92
7
  72
1
  73
1
  93
2
  10
27.999039596491045
  20
-7.47908000753756
  42
1
  10
29.999039596491045
  20
-7.47908000753756
  42
1
  97
1
  330
1765
  75
0
  76
1
  47
0.8681437583925616
  98
1
  10
3.629517071192367
  20
33.92795499968543
  450
0
  451
0
  460
0
  461
0
  452
1
  462
1
  453
2
  463
0
  63
5
  421
255
  463
1
  63
7
  421
16777215
  470
LINEAR
  1001
ACAD
  1010
0
  1020
0
  1030
0
  0
LWPOLYLINE
  5
1767
  100
AcDbEntity
  8
Multi-Layer
  100
AcDbPolyline
  90
4
  70
0
  43
0
  10
27.999039596491045
  20
-7.479080006462652
  42
1
  10
29.999039596491045
  20
-7.479080008108331
  10
29.999039596491045
  20
-7.479080008612469
  42
1
  10
27.999039596491045
  20
-7.479080006966788
  0
HATCH
  5
1769
  100
AcDbEntity
  8
Multi-Layer
  100
AcDbHatch
  10
0
  20
0
  30
0
  210
0
  220
0
  230
1
  2
SOLID
  70
1
  71
0
  91
1
  92
7
  72
1
  73
1
  93
2
  10
27.999039596491045
  20
-7.47908000753756
  42
1
  10
29.999039596491045
  20
-7.47908000753756
  42
1
  97
1
  330
1768
  75
0
  76
1
  47
0.8681437583925616
  98
1
  10
3.629517071192367
  20
33.92795499968543
  450
0
  451
0
  460
0
  461
0
  452
1
  462
1
  453
2
  463
0
  63
5
  421
255
  463
1
  63
7
  421
16777215
  470
LINEAR
  1001
ACAD
  1010
0
  1020
0
  1030
0
  0
LWPOLYLINE
  5
1770
  100
AcDbEntity
  8
Multi-Layer
  100
AcDbPolyline
  90
4
  70
0
  43
0
  10
27.999039596491045
  20
-7.479080006462652
  42
1
  10
29.999039596491045
  20
-7.479080008108331
  10
29.999039596491045
  20
-7.479080008612469
  42
1
  10
27.999039596491045
  20
-7.479080006966788
  0
HATCH
  5
1774
  100
AcDbEntity
  8
Multi-Layer
  100
AcDbHatch
  10
0
  20
0
  30
0
  210
0
  220
0
  230
1
  2
SOLID
  70
1
  71
0
  91
1
  92
7
  72
1
  73
1
  93
2
  10
33.21767430743587
  20
-8.953903733899889
  42
1
  10
35.21767430743587
  20
-8.953903733899889
  42
1
  97
1
  330
1773
  75
0
  76
1
  47
0.8681437583925616
  98
1
  10
3.629517071192367
  20
33.92795499968543
  450
0
  451
0
  460
0
  461
0
  452
1
  462
1
  453
2
  463
0
  63
5
  421
255
  463
1
  63
7
  421
16777215
  470
LINEAR
  1001
ACAD
  1010
0
  1020
0
  1030
0
  0
LWPOLYLINE
  5
1775
  100
AcDbEntity
  8
Multi-Layer
  100
AcDbPolyline
  90
2
  70
1
  43
0
  10
33.217674307435864
  20
-8.953903733899889
  42
1
  10
35.21767430743587
  20
-8.953903733899889
  42
1
  0
HATCH
  5
1777
  100
AcDbEntity
  8
Multi-Layer
  100
AcDbHatch
  10
0
  20
0
  30
0
  210
0
  220
0
  230
1
  2
SOLID
  70
1
  71
0
  91
1
  92
7
  72
1
  73
1
  93
2
  10
33.21767430743587
  20
-8.953903733899889
  42
1
  10
35.21767430743587
  20
-8.953903733899889
  42
1
  97
1
  330
1776
  75
0
  76
1
  47
0.8681437583925616
  98
1
  10
3.629517071192367
  20
33.92795499968543
  450
0
  451
0
  460
0
  461
0
  452
1
  462
1
  453
2
  463
0
  63
5
  421
255
  463
1
  63
7
  421
16777215
  470
LINEAR
  1001
ACAD
  1010
0
  1020
0
  1030
0
  0
LWPOLYLINE
  5
1778
  100
AcDbEntity
  8
Multi-Layer
  100
AcDbPolyline
  90
2
  70
1
  43
0
  10
33.217674307435864
  20
-8.953903733899889
  42
1
  10
35.21767430743587
  20
-8.953903733899889
  42
1
  0
HATCH
  5
1780
  100
AcDbEntity
  8
Multi-Layer
  100
AcDbHatch
  10
0
  20
0
  30
0
  210
0
  220
0
  230
1
  2
SOLID
  70
1
  71
0
  91
1
  92
7
  72
1
  73
1
  93
2
  10
33.21767430743587
  20
-8.953903733899889
  42
1
  10
35.21767430743587
  20
-8.953903733899889
  42
1
  97
1
  330
1779
  75
0
  76
1
  47
0.8681437583925616
  98
1
  10
3.629517071192367
  20
33.92795499968543
  450
0
  451
0
  460
0
  461
0
  452
1
  462
1
  453
2
  463
0
  63
5
  421
255
  463
1
  63
7
  421
16777215
  470
LINEAR
  1001
ACAD
  1010
0
  1020
0
  1030
0
  0
LWPOLYLINE
  5
1781
  100
AcDbEntity
  8
Multi-Layer
  100
AcDbPolyline
  90
2
  70
1
  43
0
  10
33.217674307435864
  20
-8.953903733899889
  42
1
  10
35.21767430743587
  20
-8.953903733899889
  42
1
  0
HATCH
  5
1785
  100
AcDbEntity
  8
Multi-Layer
  100
AcDbHatch
  10
0
  20
0
  30
0
  210
0
  220
0
  230
1
  2
SOLID
  70
1
  71
0
  91
1
  92
7
  72
1
  73
1
  93
2
  10
49.51554397456731
  20
-5.544470978045417
  42
1
  10
51.51554397456731
  20
-5.544470978045417
  42
1
  97
1
  330
1784
  75
0
  76
1
  47
0.8681437583925616
  98
1
  10
3.629517071192367
  20
33.92795499968543
  450
0
  451
0
  460
0
  461
0
  452
1
  462
1
  453
2
  463
0
  63
5
  421
255
  463
1
  63
7
  421
16777215
  470
LINEAR
  1001
ACAD
  1010
0
  1020
0
  1030
0
  0
LWPOLYLINE
  5
1786
  100
AcDbEntity
  8
Multi-Layer
  100
AcDbPolyline
  90
2
  70
1
  43
0
  10
49.5155439745673
  20
-5.544470978045417
  42
1
  10
51.51554397456731
  20
-5.544470978045417
  42
1
  0
HATCH
  5
1788
  100
AcDbEntity
  8
Multi-Layer
  100
AcDbHatch
  10
0
  20
0
  30
0
  210
0
  220
0
  230
1
  2
SOLID
  70
1
  71
0
  91
1
  92
7
  72
1
  73
1
  93
2
  10
49.51554397456731
  20
-5.544470978045417
  42
1
  10
51.51554397456731
  20
-5.544470978045417
  42
1
  97
1
  330
1787
  75
0
  76
1
  47
0.8681437583925616
  98
1
  10
3.629517071192367
  20
33.92795499968543
  450
0
  451
0
  460
0
  461
0
  452
1
  462
1
  453
2
  463
0
  63
5
  421
255
  463
1
  63
7
  421
16777215
  470
LINEAR
  1001
ACAD
  1010
0
  1020
0
  1030
0
  0
LWPOLYLINE
  5
1789
  100
AcDbEntity
  8
Multi-Layer
  100
AcDbPolyline
  90
2
  70
1
  43
0
  10
49.5155439745673
  20
-5.544470978045417
  42
1
  10
51.51554397456731
  20
-5.544470978045417
  42
1
  0
HATCH
  5
1791
  100
AcDbEntity
  8
Multi-Layer
  100
AcDbHatch
  10
0
  20
0
  30
0
  210
0
  220
0
  230
1
  2
SOLID
  70
1
  71
0
  91
1
  92
7
  72
1
  73
1
  93
2
  10
49.51554397456731
  20
-5.544470978045417
  42
1
  10
51.51554397456731
  20
-5.544470978045417
  42
1
  97
1
  330
1790
  75
0
  76
1
  47
0.8681437583925616
  98
1
  10
3.629517071192367
  20
33.92795499968543
  450
0
  451
0
  460
0
  461
0
  452
1
  462
1
  453
2
  463
0
  63
5
  421
255
  463
1
  63
7
  421
16777215
  470
LINEAR
  1001
ACAD
  1010
0
  1020
0
  1030
0
  0
LWPOLYLINE
  5
1792
  100
AcDbEntity
  8
Multi-Layer
  100
AcDbPolyline
  90
2
  70
1
  43
0
  10
49.5155439745673
  20
-5.544470978045417
  42
1
  10
51.51554397456731
  20
-5.544470978045417
  42
1
  0
HATCH
  5
1796
  100
AcDbEntity
  8
Multi-Layer
  100
AcDbHatch
  10
0
  20
0
  30
0
  210
0
  220
0
  230
1
  2
SOLID
  70
1
  71
0
  91
1
  92
7
  72
1
  73
1
  93
2
  10
54.64984041800325
  20
-7.29039574762755
  42
1
  10
56.64984041800325
  20
-7.29039574762755
  42
1
  97
1
  330
1795
  75
0
  76
1
  47
0.8681437583925616
  98
1
  10
3.629517071192367
  20
33.92795499968543
  450
0
  451
0
  460
0
  461
0
  452
1
  462
1
  453
2
  463
0
  63
5
  421
255
  463
1
  63
7
  421
16777215
  470
LINEAR
  1001
ACAD
  1010
0
  1020
0
  1030
0
  0
LWPOLYLINE
  5
1797
  100
AcDbEntity
  8
Multi-Layer
  100
AcDbPolyline
  90
2
  70
1
  43
0
  10
54.64984041800325
  20
-7.29039574762755
  42
1
  10
56.64984041800326
  20
-7.29039574762755
  42
1
  0
HATCH
  5
1799
  100
AcDbEntity
  8
Multi-Layer
  100
AcDbHatch
  10
0
  20
0
  30
0
  210
0
  220
0
  230
1
  2
SOLID
  70
1
  71
0
  91
1
  92
7
  72
1
  73
1
  93
2
  10
54.64984041800325
  20
-7.29039574762755
  42
1
  10
56.64984041800325
  20
-7.29039574762755
  42
1
  97
1
  330
1798
  75
0
  76
1
  47
0.8681437583925616
  98
1
  10
3.629517071192367
  20
33.92795499968543
  450
0
  451
0
  460
0
  461
0
  452
1
  462
1
  453
2
  463
0
  63
5
  421
255
  463
1
  63
7
  421
16777215
  470
LINEAR
  1001
ACAD
  1010
0
  1020
0
  1030
0
  0
LWPOLYLINE
  5
1800
  100
AcDbEntity
  8
Multi-Layer
  100
AcDbPolyline
  90
2
  70
1
  43
0
  10
54.64984041800325
  20
-7.29039574762755
  42
1
  10
56.64984041800326
  20
-7.29039574762755
  42
1
  0
HATCH
  5
1802
  100
AcDbEntity
  8
Multi-Layer
  100
AcDbHatch
  10
0
  20
0
  30
0
  210
0
  220
0
  230
1
  2
SOLID
  70
1
  71
0
  91
1
  92
7
  72
1
  73
1
  93
2
  10
54.64984041800325
  20
-7.29039574762755
  42
1
  10
56.64984041800325
  20
-7.29039574762755
  42
1
  97
1
  330
1801
  75
0
  76
1
  47
0.8681437583925616
  98
1
  10
3.629517071192367
  20
33.92795499968543
  450
0
  451
0
  460
0
  461
0
  452
1
  462
1
  453
2
  463
0
  63
5
  421
255
  463
1
  63
7
  421
16777215
  470
LINEAR
  1001
ACAD
  1010
0
  1020
0
  1030
0
  0
LWPOLYLINE
  5
1803
  100
AcDbEntity
  8
Multi-Layer
  100
AcDbPolyline
  90
2
  70
1
  43
0
  10
54.64984041800325
  20
-7.29039574762755
  42
1
  10
56.64984041800326
  20
-7.29039574762755
  42
1
  0
HATCH
  5
1807
  100
AcDbEntity
  8
Multi-Layer
  100
AcDbHatch
  10
0
  20
0
  30
0
  210
0
  220
0
  230
1
  2
SOLID
  70
1
  71
0
  91
1
  92
7
  72
1
  73
1
  93
2
  10
50.78554651457239
  20
-23.959507808119078
  42
1
  10
52.78554651457239
  20
-23.959507808119078
  42
1
  97
1
  330
1806
  75
0
  76
1
  47
0.8681437583925616
  98
1
  10
3.629517071192367
  20
33.92795499968543
  450
0
  451
0
  460
0
  461
0
  452
1
  462
1
  453
2
  463
0
  63
5
  421
255
  463
1
  63
7
  421
16777215
  470
LINEAR
  1001
ACAD
  1010
0
  1020
0
  1030
0
  0
LWPOLYLINE
  5
1808
  100
AcDbEntity
  8
Multi-Layer
  100
AcDbPolyline
  90
2
  70
1
  43
0
  10
50.78554651457238
  20
-23.959507808119078
  42
1
  10
52.78554651457239
  20
-23.959507808119078
  42
1
  0
HATCH
  5
1810
  100
AcDbEntity
  8
Multi-Layer
  100
AcDbHatch
  10
0
  20
0
  30
0
  210
0
  220
0
  230
1
  2
SOLID
  70
1
  71
0
  91
1
  92
7
  72
1
  73
1
  93
2
  10
50.78554651457239
  20
-23.959507808119078
  42
1
  10
52.78554651457239
  20
-23.959507808119078
  42
1
  97
1
  330
1809
  75
0
  76
1
  47
0.8681437583925616
  98
1
  10
3.629517071192367
  20
33.92795499968543
  450
0
  451
0
  460
0
  461
0
  452
1
  462
1
  453
2
  463
0
  63
5
  421
255
  463
1
  63
7
  421
16777215
  470
LINEAR
  1001
ACAD
  1010
0
  1020
0
  1030
0
  0
LWPOLYLINE
  5
1811
  100
AcDbEntity
  8
Multi-Layer
  100
AcDbPolyline
  90
2
  70
1
  43
0
  10
50.78554651457238
  20
-23.959507808119078
  42
1
  10
52.78554651457239
  20
-23.959507808119078
  42
1
  0
HATCH
  5
1813
  100
AcDbEntity
  8
Multi-Layer
  100
AcDbHatch
  10
0
  20
0
  30
0
  210
0
  220
0
  230
1
  2
SOLID
  70
1
  71
0
  91
1
  92
7
  72
1
  73
1
  93
2
  10
50.78554651457239
  20
-23.959507808119078
  42
1
  10
52.78554651457239
  20
-23.959507808119078
  42
1
  97
1
  330
1812
  75
0
  76
1
  47
0.8681437583925616
  98
1
  10
3.629517071192367
  20
33.92795499968543
  450
0
  451
0
  460
0
  461
0
  452
1
  462
1
  453
2
  463
0
  63
5
  421
255
  463
1
  63
7
  421
16777215
  470
LINEAR
  1001
ACAD
  1010
0
  1020
0
  1030
0
  0
LWPOLYLINE
  5
1814
  100
AcDbEntity
  8
Multi-Layer
  100
AcDbPolyline
  90
2
  70
1
  43
0
  10
50.78554651457238
  20
-23.959507808119078
  42
1
  10
52.78554651457239
  20
-23.959507808119078
  42
1
  0
HATCH
  5
1818
  100
AcDbEntity
  8
Multi-Layer
  100
AcDbHatch
  10
0
  20
0
  30
0
  210
0
  220
0
  230
1
  2
SOLID
  70
1
  71
0
  91
1
  92
7
  72
1
  73
1
  93
2
  10
55.91984295800833
  20
-25.705432577701213
  42
1
  10
57.91984295800833
  20
-25.705432577701213
  42
1
  97
1
  330
1817
  75
0
  76
1
  47
0.8681437583925616
  98
1
  10
3.629517071192367
  20
33.92795499968543
  450
0
  451
0
  460
0
  461
0
  452
1
  462
1
  453
2
  463
0
  63
5
  421
255
  463
1
  63
7
  421
16777215
  470
LINEAR
  1001
ACAD
  1010
0
  1020
0
  1030
0
  0
LWPOLYLINE
  5
1819
  100
AcDbEntity
  8
Multi-Layer
  100
AcDbPolyline
  90
2
  70
1
  43
0
  10
55.91984295800833
  20
-25.705432577701213
  42
1
  10
57.91984295800834
  20
-25.705432577701213
  42
1
  0
HATCH
  5
1821
  100
AcDbEntity
  8
Multi-Layer
  100
AcDbHatch
  10
0
  20
0
  30
0
  210
0
  220
0
  230
1
  2
SOLID
  70
1
  71
0
  91
1
  92
7
  72
1
  73
1
  93
2
  10
55.91984295800833
  20
-25.705432577701213
  42
1
  10
57.91984295800833
  20
-25.705432577701213
  42
1
  97
1
  330
1820
  75
0
  76
1
  47
0.8681437583925616
  98
1
  10
3.629517071192367
  20
33.92795499968543
  450
0
  451
0
  460
0
  461
0
  452
1
  462
1
  453
2
  463
0
  63
5
  421
255
  463
1
  63
7
  421
16777215
  470
LINEAR
  1001
ACAD
  1010
0
  1020
0
  1030
0
  0
LWPOLYLINE
  5
1822
  100
AcDbEntity
  8
Multi-Layer
  100
AcDbPolyline
  90
2
  70
1
  43
0
  10
55.91984295800833
  20
-25.705432577701213
  42
1
  10
57.91984295800834
  20
-25.705432577701213
  42
1
  0
HATCH
  5
1824
  100
AcDbEntity
  8
Multi-Layer
  100
AcDbHatch
  10
0
  20
0
  30
0
  210
0
  220
0
  230
1
  2
SOLID
  70
1
  71
0
  91
1
  92
7
  72
1
  73
1
  93
2
  10
55.91984295800833
  20
-25.705432577701213
  42
1
  10
57.91984295800833
  20
-25.705432577701213
  42
1
  97
1
  330
1823
  75
0
  76
1
  47
0.8681437583925616
  98
1
  10
3.629517071192367
  20
33.92795499968543
  450
0
  451
0
  460
0
  461
0
  452
1
  462
1
  453
2
  463
0
  63
5
  421
255
  463
1
  63
7
  421
16777215
  470
LINEAR
  1001
ACAD
  1010
0
  1020
0
  1030
0
  0
LWPOLYLINE
  5
1825
  100
AcDbEntity
  8
Multi-Layer
  100
AcDbPolyline
  90
2
  70
1
  43
0
  10
55.91984295800833
  20
-25.705432577701213
  42
1
  10
57.91984295800834
  20
-25.705432577701213
  42
1
  0
HATCH
  5
1829
  100
AcDbEntity
  8
Multi-Layer
  100
AcDbHatch
  10
0
  20
0
  30
0
  210
0
  220
0
  230
1
  2
SOLID
  70
1
  71
0
  91
1
  92
7
  72
1
  73
1
  93
2
  10
52.05554905457746
  20
-42.24754438419223
  42
1
  10
54.05554905457746
  20
-42.24754438419223
  42
1
  97
1
  330
1828
  75
0
  76
1
  47
0.8681437583925616
  98
1
  10
3.629517071192367
  20
33.92795499968543
  450
0
  451
0
  460
0
  461
0
  452
1
  462
1
  453
2
  463
0
  63
5
  421
255
  463
1
  63
7
  421
16777215
  470
LINEAR
  1001
ACAD
  1010
0
  1020
0
  1030
0
  0
LWPOLYLINE
  5
1830
  100
AcDbEntity
  8
Multi-Layer
  100
AcDbPolyline
  90
2
  70
1
  43
0
  10
52.05554905457746
  20
-42.24754438419223
  42
1
  10
54.05554905457747
  20
-42.24754438419223
  42
1
  0
HATCH
  5
1832
  100
AcDbEntity
  8
Multi-Layer
  100
AcDbHatch
  10
0
  20
0
  30
0
  210
0
  220
0
  230
1
  2
SOLID
  70
1
  71
0
  91
1
  92
7
  72
1
  73
1
  93
2
  10
52.05554905457746
  20
-42.24754438419223
  42
1
  10
54.05554905457746
  20
-42.24754438419223
  42
1
  97
1
  330
1831
  75
0
  76
1
  47
0.8681437583925616
  98
1
  10
3.629517071192367
  20
33.92795499968543
  450
0
  451
0
  460
0
  461
0
  452
1
  462
1
  453
2
  463
0
  63
5
  421
255
  463
1
  63
7
  421
16777215
  470
LINEAR
  1001
ACAD
  1010
0
  1020
0
  1030
0
  0
LWPOLYLINE
  5
1833
  100
AcDbEntity
  8
Multi-Layer
  100
AcDbPolyline
  90
2
  70
1
  43
0
  10
52.05554905457746
  20
-42.24754438419223
  42
1
  10
54.05554905457747
  20
-42.24754438419223
  42
1
  0
HATCH
  5
1835
  100
AcDbEntity
  8
Multi-Layer
  100
AcDbHatch
  10
0
  20
0
  30
0
  210
0
  220
0
  230
1
  2
SOLID
  70
1
  71
0
  91
1
  92
7
  72
1
  73
1
  93
2
  10
52.05554905457746
  20
-42.24754438419223
  42
1
  10
54.05554905457746
  20
-42.24754438419223
  42
1
  97
1
  330
1834
  75
0
  76
1
  47
0.8681437583925616
  98
1
  10
3.629517071192367
  20
33.92795499968543
  450
0
  451
0
  460
0
  461
0
  452
1
  462
1
  453
2
  463
0
  63
5
  421
255
  463
1
  63
7
  421
16777215
  470
LINEAR
  1001
ACAD
  1010
0
  1020
0
  1030
0
  0
LWPOLYLINE
  5
1836
  100
AcDbEntity
  8
Multi-Layer
  100
AcDbPolyline
  90
2
  70
1
  43
0
  10
52.05554905457746
  20
-42.24754438419223
  42
1
  10
54.05554905457747
  20
-42.24754438419223
  42
1
  0
HATCH
  5
1840
  100
AcDbEntity
  8
Multi-Layer
  100
AcDbHatch
  10
0
  20
0
  30
0
  210
0
  220
0
  230
1
  2
SOLID
  70
1
  71
0
  91
1
  92
7
  72
1
  73
1
  93
2
  10
57.18984549801341
  20
-43.99346915377437
  42
1
  10
59.18984549801341
  20
-43.99346915377437
  42
1
  97
1
  330
1839
  75
0
  76
1
  47
0.8681437583925616
  98
1
  10
3.629517071192367
  20
33.92795499968543
  450
0
  451
0
  460
0
  461
0
  452
1
  462
1
  453
2
  463
0
  63
5
  421
255
  463
1
  63
7
  421
16777215
  470
LINEAR
  1001
ACAD
  1010
0
  1020
0
  1030
0
  0
LWPOLYLINE
  5
1841
  100
AcDbEntity
  8
Multi-Layer
  100
AcDbPolyline
  90
2
  70
1
  43
0
  10
57.18984549801341
  20
-43.99346915377437
  42
1
  10
59.18984549801342
  20
-43.99346915377437
  42
1
  0
HATCH
  5
1843
  100
AcDbEntity
  8
Multi-Layer
  100
AcDbHatch
  10
0
  20
0
  30
0
  210
0
  220
0
  230
1
  2
SOLID
  70
1
  71
0
  91
1
  92
7
  72
1
  73
1
  93
2
  10
57.18984549801341
  20
-43.99346915377437
  42
1
  10
59.18984549801341
  20
-43.99346915377437
  42
1
  97
1
  330
1842
  75
0
  76
1
  47
0.8681437583925616
  98
1
  10
3.629517071192367
  20
33.92795499968543
  450
0
  451
0
  460
0
  461
0
  452
1
  462
1
  453
2
  463
0
  63
5
  421
255
  463
1
  63
7
  421
16777215
  470
LINEAR
  1001
ACAD
  1010
0
  1020
0
  1030
0
  0
LWPOLYLINE
  5
1844
  100
AcDbEntity
  8
Multi-Layer
  100
AcDbPolyline
  90
2
  70
1
  43
0
  10
57.18984549801341
  20
-43.99346915377437
  42
1
  10
59.18984549801342
  20
-43.99346915377437
  42
1
  0
HATCH
  5
1846
  100
AcDbEntity
  8
Multi-Layer
  100
AcDbHatch
  10
0
  20
0
  30
0
  210
0
  220
0
  230
1
  2
SOLID
  70
1
  71
0
  91
1
  92
7
  72
1
  73
1
  93
2
  10
57.18984549801341
  20
-43.99346915377437
  42
1
  10
59.18984549801341
  20
-43.99346915377437
  42
1
  97
1
  330
1845
  75
0
  76
1
  47
0.8681437583925616
  98
1
  10
3.629517071192367
  20
33.92795499968543
  450
0
  451
0
  460
0
  461
0
  452
1
  462
1
  453
2
  463
0
  63
5
  421
255
  463
1
  63
7
  421
16777215
  470
LINEAR
  1001
ACAD
  1010
0
  1020
0
  1030
0
  0
LWPOLYLINE
  5
1847
  100
AcDbEntity
  8
Multi-Layer
  100
AcDbPolyline
  90
2
  70
1
  43
0
  10
57.18984549801341
  20
-43.99346915377437
  42
1
  10
59.18984549801342
  20
-43.99346915377437
  42
1
  0
HATCH
  5
1851
  100
AcDbEntity
  8
Multi-Layer
  100
AcDbHatch
  10
0
  20
0
  30
0
  210
0
  220
0
  230
1
  2
SOLID
  70
1
  71
0
  91
1
  92
7
  72
1
  73
1
  93
2
  10
53.32555159458254
  20
-60.535580960265385
  42
1
  10
55.32555159458254
  20
-60.535580960265385
  42
1
  97
1
  330
1850
  75
0
  76
1
  47
0.8681437583925616
  98
1
  10
3.629517071192367
  20
33.92795499968543
  450
0
  451
0
  460
0
  461
0
  452
1
  462
1
  453
2
  463
0
  63
5
  421
255
  463
1
  63
7
  421
16777215
  470
LINEAR
  1001
ACAD
  1010
0
  1020
0
  1030
0
  0
LWPOLYLINE
  5
1852
  100
AcDbEntity
  8
Multi-Layer
  100
AcDbPolyline
  90
2
  70
1
  43
0
  10
53.32555159458254
  20
-60.535580960265385
  42
1
  10
55.32555159458255
  20
-60.535580960265385
  42
1
  0
HATCH
  5
1854
  100
AcDbEntity
  8
Multi-Layer
  100
AcDbHatch
  10
0
  20
0
  30
0
  210
0
  220
0
  230
1
  2
SOLID
  70
1
  71
0
  91
1
  92
7
  72
1
  73
1
  93
2
  10
53.32555159458254
  20
-60.535580960265385
  42
1
  10
55.32555159458254
  20
-60.535580960265385
  42
1
  97
1
  330
1853
  75
0
  76
1
  47
0.8681437583925616
  98
1
  10
3.629517071192367
  20
33.92795499968543
  450
0
  451
0
  460
0
  461
0
  452
1
  462
1
  453
2
  463
0
  63
5
  421
255
  463
1
  63
7
  421
16777215
  470
LINEAR
  1001
ACAD
  1010
0
  1020
0
  1030
0
  0
LWPOLYLINE
  5
1855
  100
AcDbEntity
  8
Multi-Layer
  100
AcDbPolyline
  90
2
  70
1
  43
0
  10
53.32555159458254
  20
-60.535580960265385
  42
1
  10
55.32555159458255
  20
-60.535580960265385
  42
1
  0
HATCH
  5
1857
  100
AcDbEntity
  8
Multi-Layer
  100
AcDbHatch
  10
0
  20
0
  30
0
  210
0
  220
0
  230
1
  2
SOLID
  70
1
  71
0
  91
1
  92
7
  72
1
  73
1
  93
2
  10
53.32555159458254
  20
-60.535580960265385
  42
1
  10
55.32555159458254
  20
-60.535580960265385
  42
1
  97
1
  330
1856
  75
0
  76
1
  47
0.8681437583925616
  98
1
  10
3.629517071192367
  20
33.92795499968543
  450
0
  451
0
  460
0
  461
0
  452
1
  462
1
  453
2
  463
0
  63
5
  421
255
  463
1
  63
7
  421
16777215
  470
LINEAR
  1001
ACAD
  1010
0
  1020
0
  1030
0
  0
LWPOLYLINE
  5
1858
  100
AcDbEntity
  8
Multi-Layer
  100
AcDbPolyline
  90
2
  70
1
  43
0
  10
53.32555159458254
  20
-60.535580960265385
  42
1
  10
55.32555159458255
  20
-60.535580960265385
  42
1
  0
HATCH
  5
1862
  100
AcDbEntity
  8
Multi-Layer
  100
AcDbHatch
  10
0
  20
0
  30
0
  210
0
  220
0
  230
1
  2
SOLID
  70
1
  71
0
  91
1
  92
7
  72
1
  73
1
  93
2
  10
58.45984803801849
  20
-62.281505729847524
  42
1
  10
60.45984803801849
  20
-62.281505729847524
  42
1
  97
1
  330
1861
  75
0
  76
1
  47
0.8681437583925616
  98
1
  10
3.629517071192367
  20
33.92795499968543
  450
0
  451
0
  460
0
  461
0
  452
1
  462
1
  453
2
  463
0
  63
5
  421
255
  463
1
  63
7
  421
16777215
  470
LINEAR
  1001
ACAD
  1010
0
  1020
0
  1030
0
  0
LWPOLYLINE
  5
1863
  100
AcDbEntity
  8
Multi-Layer
  100
AcDbPolyline
  90
2
  70
1
  43
0
  10
58.45984803801849
  20
-62.281505729847524
  42
1
  10
60.4598480380185
  20
-62.281505729847524
  42
1
  0
HATCH
  5
1865
  100
AcDbEntity
  8
Multi-Layer
  100
AcDbHatch
  10
0
  20
0
  30
0
  210
0
  220
0
  230
1
  2
SOLID
  70
1
  71
0
  91
1
  92
7
  72
1
  73
1
  93
2
  10
58.45984803801849
  20
-62.281505729847524
  42
1
  10
60.45984803801849
  20
-62.281505729847524
  42
1
  97
1
  330
1864
  75
0
  76
1
  47
0.8681437583925616
  98
1
  10
3.629517071192367
  20
33.92795499968543
  450
0
  451
0
  460
0
  461
0
  452
1
  462
1
  453
2
  463
0
  63
5
  421
255
  463
1
  63
7
  421
16777215
  470
LINEAR
  1001
ACAD
  1010
0
  1020
0
  1030
0
  0
LWPOLYLINE
  5
1866
  100
AcDbEntity
  8
Multi-Layer
  100
AcDbPolyline
  90
2
  70
1
  43
0
  10
58.45984803801849
  20
-62.281505729847524
  42
1
  10
60.4598480380185
  20
-62.281505729847524
  42
1
  0
HATCH
  5
1868
  100
AcDbEntity
  8
Multi-Layer
  100
AcDbHatch
  10
0
  20
0
  30
0
  210
0
  220
0
  230
1
  2
SOLID
  70
1
  71
0
  91
1
  92
7
  72
1
  73
1
  93
2
  10
58.45984803801849
  20
-62.281505729847524
  42
1
  10
60.45984803801849
  20
-62.281505729847524
  42
1
  97
1
  330
1867
  75
0
  76
1
  47
0.8681437583925616
  98
1
  10
3.629517071192367
  20
33.92795499968543
  450
0
  451
0
  460
0
  461
0
  452
1
  462
1
  453
2
  463
0
  63
5
  421
255
  463
1
  63
7
  421
16777215
  470
LINEAR
  1001
ACAD
  1010
0
  1020
0
  1030
0
  0
LWPOLYLINE
  5
1869
  100
AcDbEntity
  8
Multi-Layer
  100
AcDbPolyline
  90
2
  70
1
  43
0
  10
58.45984803801849
  20
-62.281505729847524
  42
1
  10
60.4598480380185
  20
-62.281505729847524
  42
1
  0
HATCH
  5
1873
  100
AcDbEntity
  8
Multi-Layer
  100
AcDbHatch
  10
0
  20
0
  30
0
  210
0
  220
0
  230
1
  2
SOLID
  70
1
  71
0
  91
1
  92
7
  72
1
  73
1
  93
2
  10
71.94624193309484
  20
-59.50880108458229
  42
1
  10
73.94624193309484
  20
-59.50880108458229
  42
1
  97
1
  330
1872
  75
0
  76
1
  47
0.8681437583925616
  98
1
  10
3.629517071192367
  20
33.92795499968543
  450
0
  451
0
  460
0
  461
0
  452
1
  462
1
  453
2
  463
0
  63
5
  421
255
  463
1
  63
7
  421
16777215
  470
LINEAR
  1001
ACAD
  1010
0
  1020
0
  1030
0
  0
LWPOLYLINE
  5
1874
  100
AcDbEntity
  8
Multi-Layer
  100
AcDbPolyline
  90
2
  70
1
  43
0
  10
71.94624193309483
  20
-59.50880108458229
  42
1
  10
73.94624193309484
  20
-59.50880108458229
  42
1
  0
HATCH
  5
1876
  100
AcDbEntity
  8
Multi-Layer
  100
AcDbHatch
  10
0
  20
0
  30
0
  210
0
  220
0
  230
1
  2
SOLID
  70
1
  71
0
  91
1
  92
7
  72
1
  73
1
  93
2
  10
71.94624193309484
  20
-59.50880108458229
  42
1
  10
73.94624193309484
  20
-59.50880108458229
  42
1
  97
1
  330
1875
  75
0
  76
1
  47
0.8681437583925616
  98
1
  10
3.629517071192367
  20
33.92795499968543
  450
0
  451
0
  460
0
  461
0
  452
1
  462
1
  453
2
  463
0
  63
5
  421
255
  463
1
  63
7
  421
16777215
  470
LINEAR
  1001
ACAD
  1010
0
  1020
0
  1030
0
  0
LWPOLYLINE
  5
1877
  100
AcDbEntity
  8
Multi-Layer
  100
AcDbPolyline
  90
2
  70
1
  43
0
  10
71.94624193309483
  20
-59.50880108458229
  42
1
  10
73.94624193309484
  20
-59.50880108458229
  42
1
  0
HATCH
  5
1879
  100
AcDbEntity
  8
Multi-Layer
  100
AcDbHatch
  10
0
  20
0
  30
0
  210
0
  220
0
  230
1
  2
SOLID
  70
1
  71
0
  91
1
  92
7
  72
1
  73
1
  93
2
  10
71.94624193309484
  20
-59.50880108458229
  42
1
  10
73.94624193309484
  20
-59.50880108458229
  42
1
  97
1
  330
1878
  75
0
  76
1
  47
0.8681437583925616
  98
1
  10
3.629517071192367
  20
33.92795499968543
  450
0
  451
0
  460
0
  461
0
  452
1
  462
1
  453
2
  463
0
  63
5
  421
255
  463
1
  63
7
  421
16777215
  470
LINEAR
  1001
ACAD
  1010
0
  1020
0
  1030
0
  0
LWPOLYLINE
  5
1880
  100
AcDbEntity
  8
Multi-Layer
  100
AcDbPolyline
  90
2
  70
1
  43
0
  10
71.94624193309483
  20
-59.50880108458229
  42
1
  10
73.94624193309484
  20
-59.50880108458229
  42
1
  0
HATCH
  5
1884
  100
AcDbEntity
  8
Multi-Layer
  100
AcDbHatch
  10
0
  20
0
  30
0
  210
0
  220
0
  230
1
  2
SOLID
  70
1
  71
0
  91
1
  92
7
  72
1
  73
1
  93
2
  10
77.01647880612263
  20
-61.43284664576546
  42
1
  10
79.01647880612263
  20
-61.43284664576546
  42
1
  97
1
  330
1883
  75
0
  76
1
  47
0.8681437583925616
  98
1
  10
3.629517071192367
  20
33.92795499968543
  450
0
  451
0
  460
0
  461
0
  452
1
  462
1
  453
2
  463
0
  63
5
  421
255
  463
1
  63
7
  421
16777215
  470
LINEAR
  1001
ACAD
  1010
0
  1020
0
  1030
0
  0
LWPOLYLINE
  5
1885
  100
AcDbEntity
  8
Multi-Layer
  100
AcDbPolyline
  90
2
  70
1
  43
0
  10
77.01647880612263
  20
-61.43284664576546
  42
1
  10
79.01647880612263
  20
-61.43284664576546
  42
1
  0
HATCH
  5
1887
  100
AcDbEntity
  8
Multi-Layer
  100
AcDbHatch
  10
0
  20
0
  30
0
  210
0
  220
0
  230
1
  2
SOLID
  70
1
  71
0
  91
1
  92
7
  72
1
  73
1
  93
2
  10
77.01647880612263
  20
-61.43284664576546
  42
1
  10
79.01647880612263
  20
-61.43284664576546
  42
1
  97
1
  330
1886
  75
0
  76
1
  47
0.8681437583925616
  98
1
  10
3.629517071192367
  20
33.92795499968543
  450
0
  451
0
  460
0
  461
0
  452
1
  462
1
  453
2
  463
0
  63
5
  421
255
  463
1
  63
7
  421
16777215
  470
LINEAR
  1001
ACAD
  1010
0
  1020
0
  1030
0
  0
LWPOLYLINE
  5
1888
  100
AcDbEntity
  8
Multi-Layer
  100
AcDbPolyline
  90
2
  70
1
  43
0
  10
77.01647880612263
  20
-61.43284664576546
  42
1
  10
79.01647880612263
  20
-61.43284664576546
  42
1
  0
HATCH
  5
1890
  100
AcDbEntity
  8
Multi-Layer
  100
AcDbHatch
  10
0
  20
0
  30
0
  210
0
  220
0
  230
1
  2
SOLID
  70
1
  71
0
  91
1
  92
7
  72
1
  73
1
  93
2
  10
77.01647880612263
  20
-61.43284664576546
  42
1
  10
79.01647880612263
  20
-61.43284664576546
  42
1
  97
1
  330
1889
  75
0
  76
1
  47
0.8681437583925616
  98
1
  10
3.629517071192367
  20
33.92795499968543
  450
0
  451
0
  460
0
  461
0
  452
1
  462
1
  453
2
  463
0
  63
5
  421
255
  463
1
  63
7
  421
16777215
  470
LINEAR
  1001
ACAD
  1010
0
  1020
0
  1030
0
  0
LWPOLYLINE
  5
1891
  100
AcDbEntity
  8
Multi-Layer
  100
AcDbPolyline
  90
2
  70
1
  43
0
  10
77.01647880612263
  20
-61.43284664576546
  42
1
  10
79.01647880612263
  20
-61.43284664576546
  42
1
  0
HATCH
  5
1895
  100
AcDbEntity
  8
Multi-Layer
  100
AcDbHatch
  10
0
  20
0
  30
0
  210
0
  220
0
  230
1
  2
SOLID
  70
1
  71
0
  91
1
  92
7
  72
1
  73
1
  93
2
  10
71.31124066309229
  20
-41.220764508509134
  42
1
  10
73.31124066309229
  20
-41.220764508509134
  42
1
  97
1
  330
1894
  75
0
  76
1
  47
0.8681437583925616
  98
1
  10
3.629517071192367
  20
33.92795499968543
  450
0
  451
0
  460
0
  461
0
  452
1
  462
1
  453
2
  463
0
  63
5
  421
255
  463
1
  63
7
  421
16777215
  470
LINEAR
  1001
ACAD
  1010
0
  1020
0
  1030
0
  0
LWPOLYLINE
  5
1896
  100
AcDbEntity
  8
Multi-Layer
  100
AcDbPolyline
  90
2
  70
1
  43
0
  10
71.31124066309229
  20
-41.220764508509134
  42
1
  10
73.31124066309229
  20
-41.220764508509134
  42
1
  0
HATCH
  5
1898
  100
AcDbEntity
  8
Multi-Layer
  100
AcDbHatch
  10
0
  20
0
  30
0
  210
0
  220
0
  230
1
  2
SOLID
  70
1
  71
0
  91
1
  92
7
  72
1
  73
1
  93
2
  10
71.31124066309229
  20
-41.220764508509134
  42
1
  10
73.31124066309229
  20
-41.220764508509134
  42
1
  97
1
  330
1897
  75
0
  76
1
  47
0.8681437583925616
  98
1
  10
3.629517071192367
  20
33.92795499968543
  450
0
  451
0
  460
0
  461
0
  452
1
  462
1
  453
2
  463
0
  63
5
  421
255
  463
1
  63
7
  421
16777215
  470
LINEAR
  1001
ACAD
  1010
0
  1020
0
  1030
0
  0
LWPOLYLINE
  5
1899
  100
AcDbEntity
  8
Multi-Layer
  100
AcDbPolyline
  90
2
  70
1
  43
0
  10
71.31124066309229
  20
-41.220764508509134
  42
1
  10
73.31124066309229
  20
-41.220764508509134
  42
1
  0
HATCH
  5
1901
  100
AcDbEntity
  8
Multi-Layer
  100
AcDbHatch
  10
0
  20
0
  30
0
  210
0
  220
0
  230
1
  2
SOLID
  70
1
  71
0
  91
1
  92
7
  72
1
  73
1
  93
2
  10
71.31124066309229
  20
-41.220764508509134
  42
1
  10
73.31124066309229
  20
-41.220764508509134
  42
1
  97
1
  330
1900
  75
0
  76
1
  47
0.8681437583925616
  98
1
  10
3.629517071192367
  20
33.92795499968543
  450
0
  451
0
  460
0
  461
0
  452
1
  462
1
  453
2
  463
0
  63
5
  421
255
  463
1
  63
7
  421
16777215
  470
LINEAR
  1001
ACAD
  1010
0
  1020
0
  1030
0
  0
LWPOLYLINE
  5
1902
  100
AcDbEntity
  8
Multi-Layer
  100
AcDbPolyline
  90
2
  70
1
  43
0
  10
71.31124066309229
  20
-41.220764508509134
  42
1
  10
73.31124066309229
  20
-41.220764508509134
  42
1
  0
HATCH
  5
1906
  100
AcDbEntity
  8
Multi-Layer
  100
AcDbHatch
  10
0
  20
0
  30
0
  210
0
  220
0
  230
1
  2
SOLID
  70
1
  71
0
  91
1
  92
7
  72
1
  73
1
  93
2
  10
76.3814775361201
  20
-43.144810069692305
  42
1
  10
78.3814775361201
  20
-43.144810069692305
  42
1
  97
1
  330
1905
  75
0
  76
1
  47
0.8681437583925616
  98
1
  10
3.629517071192367
  20
33.92795499968543
  450
0
  451
0
  460
0
  461
0
  452
1
  462
1
  453
2
  463
0
  63
5
  421
255
  463
1
  63
7
  421
16777215
  470
LINEAR
  1001
ACAD
  1010
0
  1020
0
  1030
0
  0
LWPOLYLINE
  5
1907
  100
AcDbEntity
  8
Multi-Layer
  100
AcDbPolyline
  90
2
  70
1
  43
0
  10
76.38147753612009
  20
-43.144810069692305
  42
1
  10
78.3814775361201
  20
-43.144810069692305
  42
1
  0
HATCH
  5
1909
  100
AcDbEntity
  8
Multi-Layer
  100
AcDbHatch
  10
0
  20
0
  30
0
  210
0
  220
0
  230
1
  2
SOLID
  70
1
  71
0
  91
1
  92
7
  72
1
  73
1
  93
2
  10
76.3814775361201
  20
-43.144810069692305
  42
1
  10
78.3814775361201
  20
-43.144810069692305
  42
1
  97
1
  330
1908
  75
0
  76
1
  47
0.8681437583925616
  98
1
  10
3.629517071192367
  20
33.92795499968543
  450
0
  451
0
  460
0
  461
0
  452
1
  462
1
  453
2
  463
0
  63
5
  421
255
  463
1
  63
7
  421
16777215
  470
LINEAR
  1001
ACAD
  1010
0
  1020
0
  1030
0
  0
LWPOLYLINE
  5
1910
  100
AcDbEntity
  8
Multi-Layer
  100
AcDbPolyline
  90
2
  70
1
  43
0
  10
76.38147753612009
  20
-43.144810069692305
  42
1
  10
78.3814775361201
  20
-43.144810069692305
  42
1
  0
HATCH
  5
1912
  100
AcDbEntity
  8
Multi-Layer
  100
AcDbHatch
  10
0
  20
0
  30
0
  210
0
  220
0
  230
1
  2
SOLID
  70
1
  71
0
  91
1
  92
7
  72
1
  73
1
  93
2
  10
76.3814775361201
  20
-43.144810069692305
  42
1
  10
78.3814775361201
  20
-43.144810069692305
  42
1
  97
1
  330
1911
  75
0
  76
1
  47
0.8681437583925616
  98
1
  10
3.629517071192367
  20
33.92795499968543
  450
0
  451
0
  460
0
  461
0
  452
1
  462
1
  453
2
  463
0
  63
5
  421
255
  463
1
  63
7
  421
16777215
  470
LINEAR
  1001
ACAD
  1010
0
  1020
0
  1030
0
  0
LWPOLYLINE
  5
1913
  100
AcDbEntity
  8
Multi-Layer
  100
AcDbPolyline
  90
2
  70
1
  43
0
  10
76.38147753612009
  20
-43.144810069692305
  42
1
  10
78.3814775361201
  20
-43.144810069692305
  42
1
  0
HATCH
  5
1917
  100
AcDbEntity
  8
Multi-Layer
  100
AcDbHatch
  10
0
  20
0
  30
0
  210
0
  220
0
  230
1
  2
SOLID
  70
1
  71
0
  91
1
  92
7
  72
1
  73
1
  93
2
  10
70.67623939308976
  20
-22.805727678435474
  42
1
  10
72.67623939308976
  20
-22.805727678435474
  42
1
  97
1
  330
1916
  75
0
  76
1
  47
0.8681437583925616
  98
1
  10
3.629517071192367
  20
33.92795499968543
  450
0
  451
0
  460
0
  461
0
  452
1
  462
1
  453
2
  463
0
  63
5
  421
255
  463
1
  63
7
  421
16777215
  470
LINEAR
  1001
ACAD
  1010
0
  1020
0
  1030
0
  0
LWPOLYLINE
  5
1918
  100
AcDbEntity
  8
Multi-Layer
  100
AcDbPolyline
  90
2
  70
1
  43
0
  10
70.67623939308974
  20
-22.805727678435474
  42
1
  10
72.67623939308976
  20
-22.805727678435474
  42
1
  0
HATCH
  5
1920
  100
AcDbEntity
  8
Multi-Layer
  100
AcDbHatch
  10
0
  20
0
  30
0
  210
0
  220
0
  230
1
  2
SOLID
  70
1
  71
0
  91
1
  92
7
  72
1
  73
1
  93
2
  10
70.67623939308976
  20
-22.805727678435474
  42
1
  10
72.67623939308976
  20
-22.805727678435474
  42
1
  97
1
  330
1919
  75
0
  76
1
  47
0.8681437583925616
  98
1
  10
3.629517071192367
  20
33.92795499968543
  450
0
  451
0
  460
0
  461
0
  452
1
  462
1
  453
2
  463
0
  63
5
  421
255
  463
1
  63
7
  421
16777215
  470
LINEAR
  1001
ACAD
  1010
0
  1020
0
  1030
0
  0
LWPOLYLINE
  5
1921
  100
AcDbEntity
  8
Multi-Layer
  100
AcDbPolyline
  90
2
  70
1
  43
0
  10
70.67623939308974
  20
-22.805727678435474
  42
1
  10
72.67623939308976
  20
-22.805727678435474
  42
1
  0
HATCH
  5
1923
  100
AcDbEntity
  8
Multi-Layer
  100
AcDbHatch
  10
0
  20
0
  30
0
  210
0
  220
0
  230
1
  2
SOLID
  70
1
  71
0
  91
1
  92
7
  72
1
  73
1
  93
2
  10
70.67623939308976
  20
-22.805727678435474
  42
1
  10
72.67623939308976
  20
-22.805727678435474
  42
1
  97
1
  330
1922
  75
0
  76
1
  47
0.8681437583925616
  98
1
  10
3.629517071192367
  20
33.92795499968543
  450
0
  451
0
  460
0
  461
0
  452
1
  462
1
  453
2
  463
0
  63
5
  421
255
  463
1
  63
7
  421
16777215
  470
LINEAR
  1001
ACAD
  1010
0
  1020
0
  1030
0
  0
LWPOLYLINE
  5
1924
  100
AcDbEntity
  8
Multi-Layer
  100
AcDbPolyline
  90
2
  70
1
  43
0
  10
70.67623939308974
  20
-22.805727678435474
  42
1
  10
72.67623939308976
  20
-22.805727678435474
  42
1
  0
HATCH
  5
1928
  100
AcDbEntity
  8
Multi-Layer
  100
AcDbHatch
  10
0
  20
0
  30
0
  210
0
  220
0
  230
1
  2
SOLID
  70
1
  71
0
  91
1
  92
7
  72
1
  73
1
  93
2
  10
75.74647626611755
  20
-24.72977323961864
  42
1
  10
77.74647626611755
  20
-24.72977323961864
  42
1
  97
1
  330
1927
  75
0
  76
1
  47
0.8681437583925616
  98
1
  10
3.629517071192367
  20
33.92795499968543
  450
0
  451
0
  460
0
  461
0
  452
1
  462
1
  453
2
  463
0
  63
5
  421
255
  463
1
  63
7
  421
16777215
  470
LINEAR
  1001
ACAD
  1010
0
  1020
0
  1030
0
  0
LWPOLYLINE
  5
1929
  100
AcDbEntity
  8
Multi-Layer
  100
AcDbPolyline
  90
2
  70
1
  43
0
  10
75.74647626611755
  20
-24.72977323961864
  42
1
  10
77.74647626611755
  20
-24.72977323961864
  42
1
  0
HATCH
  5
1931
  100
AcDbEntity
  8
Multi-Layer
  100
AcDbHatch
  10
0
  20
0
  30
0
  210
0
  220
0
  230
1
  2
SOLID
  70
1
  71
0
  91
1
  92
7
  72
1
  73
1
  93
2
  10
75.74647626611755
  20
-24.72977323961864
  42
1
  10
77.74647626611755
  20
-24.72977323961864
  42
1
  97
1
  330
1930
  75
0
  76
1
  47
0.8681437583925616
  98
1
  10
3.629517071192367
  20
33.92795499968543
  450
0
  451
0
  460
0
  461
0
  452
1
  462
1
  453
2
  463
0
  63
5
  421
255
  463
1
  63
7
  421
16777215
  470
LINEAR
  1001
ACAD
  1010
0
  1020
0
  1030
0
  0
LWPOLYLINE
  5
1932
  100
AcDbEntity
  8
Multi-Layer
  100
AcDbPolyline
  90
2
  70
1
  43
0
  10
75.74647626611755
  20
-24.72977323961864
  42
1
  10
77.74647626611755
  20
-24.72977323961864
  42
1
  0
HATCH
  5
1934
  100
AcDbEntity
  8
Multi-Layer
  100
AcDbHatch
  10
0
  20
0
  30
0
  210
0
  220
0
  230
1
  2
SOLID
  70
1
  71
0
  91
1
  92
7
  72
1
  73
1
  93
2
  10
75.74647626611755
  20
-24.72977323961864
  42
1
  10
77.74647626611755
  20
-24.72977323961864
  42
1
  97
1
  330
1933
  75
0
  76
1
  47
0.8681437583925616
  98
1
  10
3.629517071192367
  20
33.92795499968543
  450
0
  451
0
  460
0
  461
0
  452
1
  462
1
  453
2
  463
0
  63
5
  421
255
  463
1
  63
7
  421
16777215
  470
LINEAR
  1001
ACAD
  1010
0
  1020
0
  1030
0
  0
LWPOLYLINE
  5
1935
  100
AcDbEntity
  8
Multi-Layer
  100
AcDbPolyline
  90
2
  70
1
  43
0
  10
75.74647626611755
  20
-24.72977323961864
  42
1
  10
77.74647626611755
  20
-24.72977323961864
  42
1
  0
HATCH
  5
1939
  100
AcDbEntity
  8
Multi-Layer
  100
AcDbHatch
  10
0
  20
0
  30
0
  210
0
  220
0
  230
1
  2
SOLID
  70
1
  71
0
  91
1
  92
7
  72
1
  73
1
  93
2
  10
70.04123812308721
  20
-4.3906908483618095
  42
1
  10
72.04123812308721
  20
-4.3906908483618095
  42
1
  97
1
  330
1938
  75
0
  76
1
  47
0.8681437583925616
  98
1
  10
3.629517071192367
  20
33.92795499968543
  450
0
  451
0
  460
0
  461
0
  452
1
  462
1
  453
2
  463
0
  63
5
  421
255
  463
1
  63
7
  421
16777215
  470
LINEAR
  1001
ACAD
  1010
0
  1020
0
  1030
0
  0
LWPOLYLINE
  5
1940
  100
AcDbEntity
  8
Multi-Layer
  100
AcDbPolyline
  90
2
  70
1
  43
0
  10
70.04123812308721
  20
-4.3906908483618095
  42
1
  10
72.04123812308721
  20
-4.3906908483618095
  42
1
  0
HATCH
  5
1942
  100
AcDbEntity
  8
Multi-Layer
  100
AcDbHatch
  10
0
  20
0
  30
0
  210
0
  220
0
  230
1
  2
SOLID
  70
1
  71
0
  91
1
  92
7
  72
1
  73
1
  93
2
  10
70.04123812308721
  20
-4.3906908483618095
  42
1
  10
72.04123812308721
  20
-4.3906908483618095
  42
1
  97
1
  330
1941
  75
0
  76
1
  47
0.8681437583925616
  98
1
  10
3.629517071192367
  20
33.92795499968543
  450
0
  451
0
  460
0
  461
0
  452
1
  462
1
  453
2
  463
0
  63
5
  421
255
  463
1
  63
7
  421
16777215
  470
LINEAR
  1001
ACAD
  1010
0
  1020
0
  1030
0
  0
LWPOLYLINE
  5
1943
  100
AcDbEntity
  8
Multi-Layer
  100
AcDbPolyline
  90
2
  70
1
  43
0
  10
70.04123812308721
  20
-4.3906908483618095
  42
1
  10
72.04123812308721
  20
-4.3906908483618095
  42
1
  0
HATCH
  5
1945
  100
AcDbEntity
  8
Multi-Layer
  100
AcDbHatch
  10
0
  20
0
  30
0
  210
0
  220
0
  230
1
  2
SOLID
  70
1
  71
0
  91
1
  92
7
  72
1
  73
1
  93
2
  10
70.04123812308721
  20
-4.3906908483618095
  42
1
  10
72.04123812308721
  20
-4.3906908483618095
  42
1
  97
1
  330
1944
  75
0
  76
1
  47
0.8681437583925616
  98
1
  10
3.629517071192367
  20
33.92795499968543
  450
0
  451
0
  460
0
  461
0
  452
1
  462
1
  453
2
  463
0
  63
5
  421
255
  463
1
  63
7
  421
16777215
  470
LINEAR
  1001
ACAD
  1010
0
  1020
0
  1030
0
  0
LWPOLYLINE
  5
1946
  100
AcDbEntity
  8
Multi-Layer
  100
AcDbPolyline
  90
2
  70
1
  43
0
  10
70.04123812308721
  20
-4.3906908483618095
  42
1
  10
72.04123812308721
  20
-4.3906908483618095
  42
1
  0
HATCH
  5
1950
  100
AcDbEntity
  8
Multi-Layer
  100
AcDbHatch
  10
0
  20
0
  30
0
  210
0
  220
0
  230
1
  2
SOLID
  70
1
  71
0
  91
1
  92
7
  72
1
  73
1
  93
2
  10
75.11147499611502
  20
-6.314736409544978
  42
1
  10
77.11147499611502
  20
-6.314736409544978
  42
1
  97
1
  330
1949
  75
0
  76
1
  47
0.8681437583925616
  98
1
  10
3.629517071192367
  20
33.92795499968543
  450
0
  451
0
  460
0
  461
0
  452
1
  462
1
  453
2
  463
0
  63
5
  421
255
  463
1
  63
7
  421
16777215
  470
LINEAR
  1001
ACAD
  1010
0
  1020
0
  1030
0
  0
LWPOLYLINE
  5
1951
  100
AcDbEntity
  8
Multi-Layer
  100
AcDbPolyline
  90
2
  70
1
  43
0
  10
75.111474996115
  20
-6.314736409544978
  42
1
  10
77.11147499611502
  20
-6.314736409544978
  42
1
  0
HATCH
  5
1953
  100
AcDbEntity
  8
Multi-Layer
  100
AcDbHatch
  10
0
  20
0
  30
0
  210
0
  220
0
  230
1
  2
SOLID
  70
1
  71
0
  91
1
  92
7
  72
1
  73
1
  93
2
  10
75.11147499611502
  20
-6.314736409544978
  42
1
  10
77.11147499611502
  20
-6.314736409544978
  42
1
  97
1
  330
1952
  75
0
  76
1
  47
0.8681437583925616
  98
1
  10
3.629517071192367
  20
33.92795499968543
  450
0
  451
0
  460
0
  461
0
  452
1
  462
1
  453
2
  463
0
  63
5
  421
255
  463
1
  63
7
  421
16777215
  470
LINEAR
  1001
ACAD
  1010
0
  1020
0
  1030
0
  0
LWPOLYLINE
  5
1954
  100
AcDbEntity
  8
Multi-Layer
  100
AcDbPolyline
  90
2
  70
1
  43
0
  10
75.111474996115
  20
-6.314736409544978
  42
1
  10
77.11147499611502
  20
-6.314736409544978
  42
1
  0
HATCH
  5
1956
  100
AcDbEntity
  8
Multi-Layer
  100
AcDbHatch
  10
0
  20
0
  30
0
  210
0
  220
0
  230
1
  2
SOLID
  70
1
  71
0
  91
1
  92
7
  72
1
  73
1
  93
2
  10
75.11147499611502
  20
-6.314736409544978
  42
1
  10
77.11147499611502
  20
-6.314736409544978
  42
1
  97
1
  330
1955
  75
0
  76
1
  47
0.8681437583925616
  98
1
  10
3.629517071192367
  20
33.92795499968543
  450
0
  451
0
  460
0
  461
0
  452
1
  462
1
  453
2
  463
0
  63
5
  421
255
  463
1
  63
7
  421
16777215
  470
LINEAR
  1001
ACAD
  1010
0
  1020
0
  1030
0
  0
LWPOLYLINE
  5
1957
  100
AcDbEntity
  8
Multi-Layer
  100
AcDbPolyline
  90
2
  70
1
  43
0
  10
75.111474996115
  20
-6.314736409544978
  42
1
  10
77.11147499611502
  20
-6.314736409544978
  42
1
  0
HATCH
  5
1961
  100
AcDbEntity
  8
Multi-Layer
  100
AcDbHatch
  10
0
  20
0
  30
0
  210
0
  220
0
  230
1
  2
SOLID
  70
1
  71
0
  91
1
  92
7
  72
1
  73
1
  93
2
  10
92.58318516637034
  20
-96.6471932943866
  42
1
  10
94.10718821437645
  20
-96.6471932943866
  42
1
  97
1
  330
1960
  75
0
  76
1
  47
0.8681437583925616
  98
1
  10
3.629517071192367
  20
33.92795499968543
  450
0
  451
0
  460
0
  461
0
  452
1
  462
1
  453
2
  463
0
  63
5
  421
255
  463
1
  63
7
  421
16777215
  470
LINEAR
  1001
ACAD
  1010
0
  1020
0
  1030
0
  0
LWPOLYLINE
  5
1962
  100
AcDbEntity
  8
Multi-Layer
  100
AcDbPolyline
  90
2
  70
1
  43
0
  10
92.58318516637034
  20
-96.6471932943866
  42
1
  10
94.10718821437644
  20
-96.6471932943866
  42
1
  0
HATCH
  5
1964
  100
AcDbEntity
  8
Multi-Layer
  100
AcDbHatch
  10
0
  20
0
  30
0
  210
0
  220
0
  230
1
  2
SOLID
  70
1
  71
0
  91
1
  92
7
  72
1
  73
1
  93
2
  10
92.58318516637034
  20
-96.6471932943866
  42
1
  10
94.10718821437645
  20
-96.6471932943866
  42
1
  97
1
  330
1963
  75
0
  76
1
  47
0.8681437583925616
  98
1
  10
3.629517071192367
  20
33.92795499968543
  450
0
  451
0
  460
0
  461
0
  452
1
  462
1
  453
2
  463
0
  63
5
  421
255
  463
1
  63
7
  421
16777215
  470
LINEAR
  1001
ACAD
  1010
0
  1020
0
  1030
0
  0
LWPOLYLINE
  5
1965
  100
AcDbEntity
  8
Multi-Layer
  100
AcDbPolyline
  90
2
  70
1
  43
0
  10
92.58318516637034
  20
-96.6471932943866
  42
1
  10
94.10718821437644
  20
-96.6471932943866
  42
1
  0
HATCH
  5
1967
  100
AcDbEntity
  8
Multi-Layer
  100
AcDbHatch
  10
0
  20
0
  30
0
  210
0
  220
0
  230
1
  2
SOLID
  70
1
  71
0
  91
1
  92
7
  72
1
  73
1
  93
2
  10
92.58318516637034
  20
-96.6471932943866
  42
1
  10
94.10718821437645
  20
-96.6471932943866
  42
1
  97
1
  330
1966
  75
0
  76
1
  47
0.8681437583925616
  98
1
  10
3.629517071192367
  20
33.92795499968543
  450
0
  451
0
  460
0
  461
0
  452
1
  462
1
  453
2
  463
0
  63
5
  421
255
  463
1
  63
7
  421
16777215
  470
LINEAR
  1001
ACAD
  1010
0
  1020
0
  1030
0
  0
LWPOLYLINE
  5
1968
  100
AcDbEntity
  8
Multi-Layer
  100
AcDbPolyline
  90
2
  70
1
  43
0
  10
92.58318516637034
  20
-96.6471932943866
  42
1
  10
94.10718821437644
  20
-96.6471932943866
  42
1
  0
HATCH
  5
1973
  100
AcDbEntity
  8
Multi-Layer
  100
AcDbHatch
  10
0
  20
0
  30
0
  210
0
  220
0
  230
1
  2
SOLID
  70
1
  71
0
  91
1
  92
7
  72
1
  73
1
  93
2
  10
90.04318008636018
  20
-96.6471932943866
  42
1
  10
91.56718313436629
  20
-96.6471932943866
  42
1
  97
1
  330
1972
  75
0
  76
1
  47
0.8681437583925616
  98
1
  10
3.629517071192367
  20
33.92795499968543
  450
0
  451
0
  460
0
  461
0
  452
1
  462
1
  453
2
  463
0
  63
5
  421
255
  463
1
  63
7
  421
16777215
  470
LINEAR
  1001
ACAD
  1010
0
  1020
0
  1030
0
  0
LWPOLYLINE
  5
1974
  100
AcDbEntity
  8
Multi-Layer
  100
AcDbPolyline
  90
2
  70
1
  43
0
  10
90.04318008636018
  20
-96.6471932943866
  42
1
  10
91.56718313436627
  20
-96.6471932943866
  42
1
  0
HATCH
  5
1976
  100
AcDbEntity
  8
Multi-Layer
  100
AcDbHatch
  10
0
  20
0
  30
0
  210
0
  220
0
  230
1
  2
SOLID
  70
1
  71
0
  91
1
  92
7
  72
1
  73
1
  93
2
  10
90.04318008636018
  20
-96.6471932943866
  42
1
  10
91.56718313436629
  20
-96.6471932943866
  42
1
  97
1
  330
1975
  75
0
  76
1
  47
0.8681437583925616
  98
1
  10
3.629517071192367
  20
33.92795499968543
  450
0
  451
0
  460
0
  461
0
  452
1
  462
1
  453
2
  463
0
  63
5
  421
255
  463
1
  63
7
  421
16777215
  470
LINEAR
  1001
ACAD
  1010
0
  1020
0
  1030
0
  0
LWPOLYLINE
  5
1977
  100
AcDbEntity
  8
Multi-Layer
  100
AcDbPolyline
  90
2
  70
1
  43
0
  10
90.04318008636018
  20
-96.6471932943866
  42
1
  10
91.56718313436627
  20
-96.6471932943866
  42
1
  0
HATCH
  5
1979
  100
AcDbEntity
  8
Multi-Layer
  100
AcDbHatch
  10
0
  20
0
  30
0
  210
0
  220
0
  230
1
  2
SOLID
  70
1
  71
0
  91
1
  92
7
  72
1
  73
1
  93
2
  10
90.04318008636018
  20
-96.6471932943866
  42
1
  10
91.56718313436629
  20
-96.6471932943866
  42
1
  97
1
  330
1978
  75
0
  76
1
  47
0.8681437583925616
  98
1
  10
3.629517071192367
  20
33.92795499968543
  450
0
  451
0
  460
0
  461
0
  452
1
  462
1
  453
2
  463
0
  63
5
  421
255
  463
1
  63
7
  421
16777215
  470
LINEAR
  1001
ACAD
  1010
0
  1020
0
  1030
0
  0
LWPOLYLINE
  5
1980
  100
AcDbEntity
  8
Multi-Layer
  100
AcDbPolyline
  90
2
  70
1
  43
0
  10
90.04318008636018
  20
-96.6471932943866
  42
1
  10
91.56718313436627
  20
-96.6471932943866
  42
1
  0
HATCH
  5
1985
  100
AcDbEntity
  8
Multi-Layer
  100
AcDbHatch
  10
0
  20
0
  30
0
  210
0
  220
0
  230
1
  2
SOLID
  70
1
  71
0
  91
1
  92
7
  72
1
  73
1
  93
2
  10
87.50317500635002
  20
-96.6471932943866
  42
1
  10
89.02717805435613
  20
-96.6471932943866
  42
1
  97
1
  330
1984
  75
0
  76
1
  47
0.8681437583925616
  98
1
  10
3.629517071192367
  20
33.92795499968543
  450
0
  451
0
  460
0
  461
0
  452
1
  462
1
  453
2
  463
0
  63
5
  421
255
  463
1
  63
7
  421
16777215
  470
LINEAR
  1001
ACAD
  1010
0
  1020
0
  1030
0
  0
LWPOLYLINE
  5
1986
  100
AcDbEntity
  8
Multi-Layer
  100
AcDbPolyline
  90
2
  70
1
  43
0
  10
87.50317500635002
  20
-96.6471932943866
  42
1
  10
89.02717805435611
  20
-96.6471932943866
  42
1
  0
HATCH
  5
1988
  100
AcDbEntity
  8
Multi-Layer
  100
AcDbHatch
  10
0
  20
0
  30
0
  210
0
  220
0
  230
1
  2
SOLID
  70
1
  71
0
  91
1
  92
7
  72
1
  73
1
  93
2
  10
87.50317500635002
  20
-96.6471932943866
  42
1
  10
89.02717805435613
  20
-96.6471932943866
  42
1
  97
1
  330
1987
  75
0
  76
1
  47
0.8681437583925616
  98
1
  10
3.629517071192367
  20
33.92795499968543
  450
0
  451
0
  460
0
  461
0
  452
1
  462
1
  453
2
  463
0
  63
5
  421
255
  463
1
  63
7
  421
16777215
  470
LINEAR
  1001
ACAD
  1010
0
  1020
0
  1030
0
  0
LWPOLYLINE
  5
1989
  100
AcDbEntity
  8
Multi-Layer
  100
AcDbPolyline
  90
2
  70
1
  43
0
  10
87.50317500635002
  20
-96.6471932943866
  42
1
  10
89.02717805435611
  20
-96.6471932943866
  42
1
  0
HATCH
  5
1991
  100
AcDbEntity
  8
Multi-Layer
  100
AcDbHatch
  10
0
  20
0
  30
0
  210
0
  220
0
  230
1
  2
SOLID
  70
1
  71
0
  91
1
  92
7
  72
1
  73
1
  93
2
  10
87.50317500635002
  20
-96.6471932943866
  42
1
  10
89.02717805435613
  20
-96.6471932943866
  42
1
  97
1
  330
1990
  75
0
  76
1
  47
0.8681437583925616
  98
1
  10
3.629517071192367
  20
33.92795499968543
  450
0
  451
0
  460
0
  461
0
  452
1
  462
1
  453
2
  463
0
  63
5
  421
255
  463
1
  63
7
  421
16777215
  470
LINEAR
  1001
ACAD
  1010
0
  1020
0
  1030
0
  0
LWPOLYLINE
  5
1992
  100
AcDbEntity
  8
Multi-Layer
  100
AcDbPolyline
  90
2
  70
1
  43
0
  10
87.50317500635002
  20
-96.6471932943866
  42
1
  10
89.02717805435611
  20
-96.6471932943866
  42
1
  0
HATCH
  5
1997
  100
AcDbEntity
  8
Multi-Layer
  100
AcDbHatch
  10
0
  20
0
  30
0
  210
0
  220
0
  230
1
  2
SOLID
  70
1
  71
0
  91
1
  92
7
  72
1
  73
1
  93
2
  10
84.96316992633986
  20
-96.6471932943866
  42
1
  10
86.48717297434597
  20
-96.6471932943866
  42
1
  97
1
  330
1996
  75
0
  76
1
  47
0.8681437583925616
  98
1
  10
3.629517071192367
  20
33.92795499968543
  450
0
  451
0
  460
0
  461
0
  452
1
  462
1
  453
2
  463
0
  63
5
  421
255
  463
1
  63
7
  421
16777215
  470
LINEAR
  1001
ACAD
  1010
0
  1020
0
  1030
0
  0
LWPOLYLINE
  5
1998
  100
AcDbEntity
  8
Multi-Layer
  100
AcDbPolyline
  90
2
  70
1
  43
0
  10
84.96316992633986
  20
-96.6471932943866
  42
1
  10
86.48717297434597
  20
-96.6471932943866
  42
1
  0
HATCH
  5
2000
  100
AcDbEntity
  8
Multi-Layer
  100
AcDbHatch
  10
0
  20
0
  30
0
  210
0
  220
0
  230
1
  2
SOLID
  70
1
  71
0
  91
1
  92
7
  72
1
  73
1
  93
2
  10
84.96316992633986
  20
-96.6471932943866
  42
1
  10
86.48717297434597
  20
-96.6471932943866
  42
1
  97
1
  330
1999
  75
0
  76
1
  47
0.8681437583925616
  98
1
  10
3.629517071192367
  20
33.92795499968543
  450
0
  451
0
  460
0
  461
0
  452
1
  462
1
  453
2
  463
0
  63
5
  421
255
  463
1
  63
7
  421
16777215
  470
LINEAR
  1001
ACAD
  1010
0
  1020
0
  1030
0
  0
LWPOLYLINE
  5
2001
  100
AcDbEntity
  8
Multi-Layer
  100
AcDbPolyline
  90
2
  70
1
  43
0
  10
84.96316992633986
  20
-96.6471932943866
  42
1
  10
86.48717297434597
  20
-96.6471932943866
  42
1
  0
HATCH
  5
2003
  100
AcDbEntity
  8
Multi-Layer
  100
AcDbHatch
  10
0
  20
0
  30
0
  210
0
  220
0
  230
1
  2
SOLID
  70
1
  71
0
  91
1
  92
7
  72
1
  73
1
  93
2
  10
84.96316992633986
  20
-96.6471932943866
  42
1
  10
86.48717297434597
  20
-96.6471932943866
  42
1
  97
1
  330
2002
  75
0
  76
1
  47
0.8681437583925616
  98
1
  10
3.629517071192367
  20
33.92795499968543
  450
0
  451
0
  460
0
  461
0
  452
1
  462
1
  453
2
  463
0
  63
5
  421
255
  463
1
  63
7
  421
16777215
  470
LINEAR
  1001
ACAD
  1010
0
  1020
0
  1030
0
  0
LWPOLYLINE
  5
2004
  100
AcDbEntity
  8
Multi-Layer
  100
AcDbPolyline
  90
2
  70
1
  43
0
  10
84.96316992633986
  20
-96.6471932943866
  42
1
  10
86.48717297434597
  20
-96.6471932943866
  42
1
  0
HATCH
  5
2009
  100
AcDbEntity
  8
Multi-Layer
  100
AcDbHatch
  10
0
  20
0
  30
0
  210
0
  220
0
  230
1
  2
SOLID
  70
1
  71
0
  91
1
  92
7
  72
1
  73
1
  93
2
  10
82.4231648463297
  20
-96.6471932943866
  42
1
  10
83.9471678943358
  20
-96.6471932943866
  42
1
  97
1
  330
2008
  75
0
  76
1
  47
0.8681437583925616
  98
1
  10
3.629517071192367
  20
33.92795499968543
  450
0
  451
0
  460
0
  461
0
  452
1
  462
1
  453
2
  463
0
  63
5
  421
255
  463
1
  63
7
  421
16777215
  470
LINEAR
  1001
ACAD
  1010
0
  1020
0
  1030
0
  0
LWPOLYLINE
  5
2010
  100
AcDbEntity
  8
Multi-Layer
  100
AcDbPolyline
  90
2
  70
1
  43
0
  10
82.4231648463297
  20
-96.6471932943866
  42
1
  10
83.9471678943358
  20
-96.6471932943866
  42
1
  0
HATCH
  5
2012
  100
AcDbEntity
  8
Multi-Layer
  100
AcDbHatch
  10
0
  20
0
  30
0
  210
0
  220
0
  230
1
  2
SOLID
  70
1
  71
0
  91
1
  92
7
  72
1
  73
1
  93
2
  10
82.4231648463297
  20
-96.6471932943866
  42
1
  10
83.9471678943358
  20
-96.6471932943866
  42
1
  97
1
  330
2011
  75
0
  76
1
  47
0.8681437583925616
  98
1
  10
3.629517071192367
  20
33.92795499968543
  450
0
  451
0
  460
0
  461
0
  452
1
  462
1
  453
2
  463
0
  63
5
  421
255
  463
1
  63
7
  421
16777215
  470
LINEAR
  1001
ACAD
  1010
0
  1020
0
  1030
0
  0
LWPOLYLINE
  5
2013
  100
AcDbEntity
  8
Multi-Layer
  100
AcDbPolyline
  90
2
  70
1
  43
0
  10
82.4231648463297
  20
-96.6471932943866
  42
1
  10
83.9471678943358
  20
-96.6471932943866
  42
1
  0
HATCH
  5
2015
  100
AcDbEntity
  8
Multi-Layer
  100
AcDbHatch
  10
0
  20
0
  30
0
  210
0
  220
0
  230
1
  2
SOLID
  70
1
  71
0
  91
1
  92
7
  72
1
  73
1
  93
2
  10
82.4231648463297
  20
-96.6471932943866
  42
1
  10
83.9471678943358
  20
-96.6471932943866
  42
1
  97
1
  330
2014
  75
0
  76
1
  47
0.8681437583925616
  98
1
  10
3.629517071192367
  20
33.92795499968543
  450
0
  451
0
  460
0
  461
0
  452
1
  462
1
  453
2
  463
0
  63
5
  421
255
  463
1
  63
7
  421
16777215
  470
LINEAR
  1001
ACAD
  1010
0
  1020
0
  1030
0
  0
LWPOLYLINE
  5
2016
  100
AcDbEntity
  8
Multi-Layer
  100
AcDbPolyline
  90
2
  70
1
  43
0
  10
82.4231648463297
  20
-96.6471932943866
  42
1
  10
83.9471678943358
  20
-96.6471932943866
  42
1
  0
HATCH
  5
2021
  100
AcDbEntity
  8
Multi-Layer
  100
AcDbHatch
  10
0
  20
0
  30
0
  210
0
  220
0
  230
1
  2
SOLID
  70
1
  71
0
  91
1
  92
7
  72
1
  73
1
  93
2
  10
79.88315976631954
  20
-96.6471932943866
  42
1
  10
81.40716281432564
  20
-96.6471932943866
  42
1
  97
1
  330
2020
  75
0
  76
1
  47
0.8681437583925616
  98
1
  10
3.629517071192367
  20
33.92795499968543
  450
0
  451
0
  460
0
  461
0
  452
1
  462
1
  453
2
  463
0
  63
5
  421
255
  463
1
  63
7
  421
16777215
  470
LINEAR
  1001
ACAD
  1010
0
  1020
0
  1030
0
  0
LWPOLYLINE
  5
2022
  100
AcDbEntity
  8
Multi-Layer
  100
AcDbPolyline
  90
2
  70
1
  43
0
  10
79.88315976631954
  20
-96.6471932943866
  42
1
  10
81.40716281432564
  20
-96.6471932943866
  42
1
  0
HATCH
  5
2024
  100
AcDbEntity
  8
Multi-Layer
  100
AcDbHatch
  10
0
  20
0
  30
0
  210
0
  220
0
  230
1
  2
SOLID
  70
1
  71
0
  91
1
  92
7
  72
1
  73
1
  93
2
  10
79.88315976631954
  20
-96.6471932943866
  42
1
  10
81.40716281432564
  20
-96.6471932943866
  42
1
  97
1
  330
2023
  75
0
  76
1
  47
0.8681437583925616
  98
1
  10
3.629517071192367
  20
33.92795499968543
  450
0
  451
0
  460
0
  461
0
  452
1
  462
1
  453
2
  463
0
  63
5
  421
255
  463
1
  63
7
  421
16777215
  470
LINEAR
  1001
ACAD
  1010
0
  1020
0
  1030
0
  0
LWPOLYLINE
  5
2025
  100
AcDbEntity
  8
Multi-Layer
  100
AcDbPolyline
  90
2
  70
1
  43
0
  10
79.88315976631954
  20
-96.6471932943866
  42
1
  10
81.40716281432564
  20
-96.6471932943866
  42
1
  0
HATCH
  5
2027
  100
AcDbEntity
  8
Multi-Layer
  100
AcDbHatch
  10
0
  20
0
  30
0
  210
0
  220
0
  230
1
  2
SOLID
  70
1
  71
0
  91
1
  92
7
  72
1
  73
1
  93
2
  10
79.88315976631954
  20
-96.6471932943866
  42
1
  10
81.40716281432564
  20
-96.6471932943866
  42
1
  97
1
  330
2026
  75
0
  76
1
  47
0.8681437583925616
  98
1
  10
3.629517071192367
  20
33.92795499968543
  450
0
  451
0
  460
0
  461
0
  452
1
  462
1
  453
2
  463
0
  63
5
  421
255
  463
1
  63
7
  421
16777215
  470
LINEAR
  1001
ACAD
  1010
0
  1020
0
  1030
0
  0
LWPOLYLINE
  5
2028
  100
AcDbEntity
  8
Multi-Layer
  100
AcDbPolyline
  90
2
  70
1
  43
0
  10
79.88315976631954
  20
-96.6471932943866
  42
1
  10
81.40716281432564
  20
-96.6471932943866
  42
1
  0
HATCH
  5
2033
  100
AcDbEntity
  8
Multi-Layer
  100
AcDbHatch
  10
0
  20
0
  30
0
  210
0
  220
0
  230
1
  2
SOLID
  70
1
  71
0
  91
1
  92
7
  72
1
  73
1
  93
2
  10
77.34315468630938
  20
-96.6471932943866
  42
1
  10
78.86715773431548
  20
-96.6471932943866
  42
1
  97
1
  330
2032
  75
0
  76
1
  47
0.8681437583925616
  98
1
  10
3.629517071192367
  20
33.92795499968543
  450
0
  451
0
  460
0
  461
0
  452
1
  462
1
  453
2
  463
0
  63
5
  421
255
  463
1
  63
7
  421
16777215
  470
LINEAR
  1001
ACAD
  1010
0
  1020
0
  1030
0
  0
LWPOLYLINE
  5
2034
  100
AcDbEntity
  8
Multi-Layer
  100
AcDbPolyline
  90
2
  70
1
  43
0
  10
77.34315468630938
  20
-96.6471932943866
  42
1
  10
78.86715773431548
  20
-96.6471932943866
  42
1
  0
HATCH
  5
2036
  100
AcDbEntity
  8
Multi-Layer
  100
AcDbHatch
  10
0
  20
0
  30
0
  210
0
  220
0
  230
1
  2
SOLID
  70
1
  71
0
  91
1
  92
7
  72
1
  73
1
  93
2
  10
77.34315468630938
  20
-96.6471932943866
  42
1
  10
78.86715773431548
  20
-96.6471932943866
  42
1
  97
1
  330
2035
  75
0
  76
1
  47
0.8681437583925616
  98
1
  10
3.629517071192367
  20
33.92795499968543
  450
0
  451
0
  460
0
  461
0
  452
1
  462
1
  453
2
  463
0
  63
5
  421
255
  463
1
  63
7
  421
16777215
  470
LINEAR
  1001
ACAD
  1010
0
  1020
0
  1030
0
  0
LWPOLYLINE
  5
2037
  100
AcDbEntity
  8
Multi-Layer
  100
AcDbPolyline
  90
2
  70
1
  43
0
  10
77.34315468630938
  20
-96.6471932943866
  42
1
  10
78.86715773431548
  20
-96.6471932943866
  42
1
  0
HATCH
  5
2039
  100
AcDbEntity
  8
Multi-Layer
  100
AcDbHatch
  10
0
  20
0
  30
0
  210
0
  220
0
  230
1
  2
SOLID
  70
1
  71
0
  91
1
  92
7
  72
1
  73
1
  93
2
  10
77.34315468630938
  20
-96.6471932943866
  42
1
  10
78.86715773431548
  20
-96.6471932943866
  42
1
  97
1
  330
2038
  75
0
  76
1
  47
0.8681437583925616
  98
1
  10
3.629517071192367
  20
33.92795499968543
  450
0
  451
0
  460
0
  461
0
  452
1
  462
1
  453
2
  463
0
  63
5
  421
255
  463
1
  63
7
  421
16777215
  470
LINEAR
  1001
ACAD
  1010
0
  1020
0
  1030
0
  0
LWPOLYLINE
  5
2040
  100
AcDbEntity
  8
Multi-Layer
  100
AcDbPolyline
  90
2
  70
1
  43
0
  10
77.34315468630938
  20
-96.6471932943866
  42
1
  10
78.86715773431548
  20
-96.6471932943866
  42
1
  0
HATCH
  5
2045
  100
AcDbEntity
  8
Multi-Layer
  100
AcDbHatch
  10
0
  20
0
  30
0
  210
0
  220
0
  230
1
  2
SOLID
  70
1
  71
0
  91
1
  92
7
  72
1
  73
1
  93
2
  10
74.80314960629921
  20
-96.6471932943866
  42
1
  10
76.32715265430532
  20
-96.6471932943866
  42
1
  97
1
  330
2044
  75
0
  76
1
  47
0.8681437583925616
  98
1
  10
3.629517071192367
  20
33.92795499968543
  450
0
  451
0
  460
0
  461
0
  452
1
  462
1
  453
2
  463
0
  63
5
  421
255
  463
1
  63
7
  421
16777215
  470
LINEAR
  1001
ACAD
  1010
0
  1020
0
  1030
0
  0
LWPOLYLINE
  5
2046
  100
AcDbEntity
  8
Multi-Layer
  100
AcDbPolyline
  90
2
  70
1
  43
0
  10
74.80314960629923
  20
-96.6471932943866
  42
1
  10
76.32715265430532
  20
-96.6471932943866
  42
1
  0
HATCH
  5
2048
  100
AcDbEntity
  8
Multi-Layer
  100
AcDbHatch
  10
0
  20
0
  30
0
  210
0
  220
0
  230
1
  2
SOLID
  70
1
  71
0
  91
1
  92
7
  72
1
  73
1
  93
2
  10
74.80314960629921
  20
-96.6471932943866
  42
1
  10
76.32715265430532
  20
-96.6471932943866
  42
1
  97
1
  330
2047
  75
0
  76
1
  47
0.8681437583925616
  98
1
  10
3.629517071192367
  20
33.92795499968543
  450
0
  451
0
  460
0
  461
0
  452
1
  462
1
  453
2
  463
0
  63
5
  421
255
  463
1
  63
7
  421
16777215
  470
LINEAR
  1001
ACAD
  1010
0
  1020
0
  1030
0
  0
LWPOLYLINE
  5
2049
  100
AcDbEntity
  8
Multi-Layer
  100
AcDbPolyline
  90
2
  70
1
  43
0
  10
74.80314960629923
  20
-96.6471932943866
  42
1
  10
76.32715265430532
  20
-96.6471932943866
  42
1
  0
HATCH
  5
2051
  100
AcDbEntity
  8
Multi-Layer
  100
AcDbHatch
  10
0
  20
0
  30
0
  210
0
  220
0
  230
1
  2
SOLID
  70
1
  71
0
  91
1
  92
7
  72
1
  73
1
  93
2
  10
74.80314960629921
  20
-96.6471932943866
  42
1
  10
76.32715265430532
  20
-96.6471932943866
  42
1
  97
1
  330
2050
  75
0
  76
1
  47
0.8681437583925616
  98
1
  10
3.629517071192367
  20
33.92795499968543
  450
0
  451
0
  460
0
  461
0
  452
1
  462
1
  453
2
  463
0
  63
5
  421
255
  463
1
  63
7
  421
16777215
  470
LINEAR
  1001
ACAD
  1010
0
  1020
0
  1030
0
  0
LWPOLYLINE
  5
2052
  100
AcDbEntity
  8
Multi-Layer
  100
AcDbPolyline
  90
2
  70
1
  43
0
  10
74.80314960629923
  20
-96.6471932943866
  42
1
  10
76.32715265430532
  20
-96.6471932943866
  42
1
  0
HATCH
  5
2057
  100
AcDbEntity
  8
Multi-Layer
  100
AcDbHatch
  10
0
  20
0
  30
0
  210
0
  220
0
  230
1
  2
SOLID
  70
1
  71
0
  91
1
  92
7
  72
1
  73
1
  93
2
  10
72.26314452628905
  20
-96.64719329438658
  42
1
  10
73.78714757429516
  20
-96.64719329438658
  42
1
  97
1
  330
2056
  75
0
  76
1
  47
0.8681437583925616
  98
1
  10
3.629517071192367
  20
33.92795499968543
  450
0
  451
0
  460
0
  461
0
  452
1
  462
1
  453
2
  463
0
  63
5
  421
255
  463
1
  63
7
  421
16777215
  470
LINEAR
  1001
ACAD
  1010
0
  1020
0
  1030
0
  0
LWPOLYLINE
  5
2058
  100
AcDbEntity
  8
Multi-Layer
  100
AcDbPolyline
  90
2
  70
1
  43
0
  10
72.26314452628907
  20
-96.64719329438658
  42
1
  10
73.78714757429516
  20
-96.64719329438658
  42
1
  0
HATCH
  5
2060
  100
AcDbEntity
  8
Multi-Layer
  100
AcDbHatch
  10
0
  20
0
  30
0
  210
0
  220
0
  230
1
  2
SOLID
  70
1
  71
0
  91
1
  92
7
  72
1
  73
1
  93
2
  10
72.26314452628905
  20
-96.64719329438658
  42
1
  10
73.78714757429516
  20
-96.64719329438658
  42
1
  97
1
  330
2059
  75
0
  76
1
  47
0.8681437583925616
  98
1
  10
3.629517071192367
  20
33.92795499968543
  450
0
  451
0
  460
0
  461
0
  452
1
  462
1
  453
2
  463
0
  63
5
  421
255
  463
1
  63
7
  421
16777215
  470
LINEAR
  1001
ACAD
  1010
0
  1020
0
  1030
0
  0
LWPOLYLINE
  5
2061
  100
AcDbEntity
  8
Multi-Layer
  100
AcDbPolyline
  90
2
  70
1
  43
0
  10
72.26314452628907
  20
-96.64719329438658
  42
1
  10
73.78714757429516
  20
-96.64719329438658
  42
1
  0
HATCH
  5
2063
  100
AcDbEntity
  8
Multi-Layer
  100
AcDbHatch
  10
0
  20
0
  30
0
  210
0
  220
0
  230
1
  2
SOLID
  70
1
  71
0
  91
1
  92
7
  72
1
  73
1
  93
2
  10
72.26314452628905
  20
-96.64719329438658
  42
1
  10
73.78714757429516
  20
-96.64719329438658
  42
1
  97
1
  330
2062
  75
0
  76
1
  47
0.8681437583925616
  98
1
  10
3.629517071192367
  20
33.92795499968543
  450
0
  451
0
  460
0
  461
0
  452
1
  462
1
  453
2
  463
0
  63
5
  421
255
  463
1
  63
7
  421
16777215
  470
LINEAR
  1001
ACAD
  1010
0
  1020
0
  1030
0
  0
LWPOLYLINE
  5
2064
  100
AcDbEntity
  8
Multi-Layer
  100
AcDbPolyline
  90
2
  70
1
  43
0
  10
72.26314452628907
  20
-96.64719329438658
  42
1
  10
73.78714757429516
  20
-96.64719329438658
  42
1
  0
HATCH
  5
2069
  100
AcDbEntity
  8
Multi-Layer
  100
AcDbHatch
  10
0
  20
0
  30
0
  210
0
  220
0
  230
1
  2
SOLID
  70
1
  71
0
  91
1
  92
7
  72
1
  73
1
  93
2
  10
69.72313944627889
  20
-96.64719329438658
  42
1
  10
71.247142494285
  20
-96.64719329438658
  42
1
  97
1
  330
2068
  75
0
  76
1
  47
0.8681437583925616
  98
1
  10
3.629517071192367
  20
33.92795499968543
  450
0
  451
0
  460
0
  461
0
  452
1
  462
1
  453
2
  463
0
  63
5
  421
255
  463
1
  63
7
  421
16777215
  470
LINEAR
  1001
ACAD
  1010
0
  1020
0
  1030
0
  0
LWPOLYLINE
  5
2070
  100
AcDbEntity
  8
Multi-Layer
  100
AcDbPolyline
  90
2
  70
1
  43
0
  10
69.7231394462789
  20
-96.64719329438658
  42
1
  10
71.247142494285
  20
-96.64719329438658
  42
1
  0
HATCH
  5
2072
  100
AcDbEntity
  8
Multi-Layer
  100
AcDbHatch
  10
0
  20
0
  30
0
  210
0
  220
0
  230
1
  2
SOLID
  70
1
  71
0
  91
1
  92
7
  72
1
  73
1
  93
2
  10
69.72313944627889
  20
-96.64719329438658
  42
1
  10
71.247142494285
  20
-96.64719329438658
  42
1
  97
1
  330
2071
  75
0
  76
1
  47
0.8681437583925616
  98
1
  10
3.629517071192367
  20
33.92795499968543
  450
0
  451
0
  460
0
  461
0
  452
1
  462
1
  453
2
  463
0
  63
5
  421
255
  463
1
  63
7
  421
16777215
  470
LINEAR
  1001
ACAD
  1010
0
  1020
0
  1030
0
  0
LWPOLYLINE
  5
2073
  100
AcDbEntity
  8
Multi-Layer
  100
AcDbPolyline
  90
2
  70
1
  43
0
  10
69.7231394462789
  20
-96.64719329438658
  42
1
  10
71.247142494285
  20
-96.64719329438658
  42
1
  0
HATCH
  5
2075
  100
AcDbEntity
  8
Multi-Layer
  100
AcDbHatch
  10
0
  20
0
  30
0
  210
0
  220
0
  230
1
  2
SOLID
  70
1
  71
0
  91
1
  92
7
  72
1
  73
1
  93
2
  10
69.72313944627889
  20
-96.64719329438658
  42
1
  10
71.247142494285
  20
-96.64719329438658
  42
1
  97
1
  330
2074
  75
0
  76
1
  47
0.8681437583925616
  98
1
  10
3.629517071192367
  20
33.92795499968543
  450
0
  451
0
  460
0
  461
0
  452
1
  462
1
  453
2
  463
0
  63
5
  421
255
  463
1
  63
7
  421
16777215
  470
LINEAR
  1001
ACAD
  1010
0
  1020
0
  1030
0
  0
LWPOLYLINE
  5
2076
  100
AcDbEntity
  8
Multi-Layer
  100
AcDbPolyline
  90
2
  70
1
  43
0
  10
69.7231394462789
  20
-96.64719329438658
  42
1
  10
71.247142494285
  20
-96.64719329438658
  42
1
  0
HATCH
  5
2081
  100
AcDbEntity
  8
Multi-Layer
  100
AcDbHatch
  10
0
  20
0
  30
0
  210
0
  220
0
  230
1
  2
SOLID
  70
1
  71
0
  91
1
  92
7
  72
1
  73
1
  93
2
  10
67.18313436626873
  20
-96.64719329438658
  42
1
  10
68.70713741427484
  20
-96.64719329438658
  42
1
  97
1
  330
2080
  75
0
  76
1
  47
0.8681437583925616
  98
1
  10
3.629517071192367
  20
33.92795499968543
  450
0
  451
0
  460
0
  461
0
  452
1
  462
1
  453
2
  463
0
  63
5
  421
255
  463
1
  63
7
  421
16777215
  470
LINEAR
  1001
ACAD
  1010
0
  1020
0
  1030
0
  0
LWPOLYLINE
  5
2082
  100
AcDbEntity
  8
Multi-Layer
  100
AcDbPolyline
  90
2
  70
1
  43
0
  10
67.18313436626875
  20
-96.64719329438658
  42
1
  10
68.70713741427484
  20
-96.64719329438658
  42
1
  0
HATCH
  5
2084
  100
AcDbEntity
  8
Multi-Layer
  100
AcDbHatch
  10
0
  20
0
  30
0
  210
0
  220
0
  230
1
  2
SOLID
  70
1
  71
0
  91
1
  92
7
  72
1
  73
1
  93
2
  10
67.18313436626873
  20
-96.64719329438658
  42
1
  10
68.70713741427484
  20
-96.64719329438658
  42
1
  97
1
  330
2083
  75
0
  76
1
  47
0.8681437583925616
  98
1
  10
3.629517071192367
  20
33.92795499968543
  450
0
  451
0
  460
0
  461
0
  452
1
  462
1
  453
2
  463
0
  63
5
  421
255
  463
1
  63
7
  421
16777215
  470
LINEAR
  1001
ACAD
  1010
0
  1020
0
  1030
0
  0
LWPOLYLINE
  5
2085
  100
AcDbEntity
  8
Multi-Layer
  100
AcDbPolyline
  90
2
  70
1
  43
0
  10
67.18313436626875
  20
-96.64719329438658
  42
1
  10
68.70713741427484
  20
-96.64719329438658
  42
1
  0
HATCH
  5
2087
  100
AcDbEntity
  8
Multi-Layer
  100
AcDbHatch
  10
0
  20
0
  30
0
  210
0
  220
0
  230
1
  2
SOLID
  70
1
  71
0
  91
1
  92
7
  72
1
  73
1
  93
2
  10
67.18313436626873
  20
-96.64719329438658
  42
1
  10
68.70713741427484
  20
-96.64719329438658
  42
1
  97
1
  330
2086
  75
0
  76
1
  47
0.8681437583925616
  98
1
  10
3.629517071192367
  20
33.92795499968543
  450
0
  451
0
  460
0
  461
0
  452
1
  462
1
  453
2
  463
0
  63
5
  421
255
  463
1
  63
7
  421
16777215
  470
LINEAR
  1001
ACAD
  1010
0
  1020
0
  1030
0
  0
LWPOLYLINE
  5
2088
  100
AcDbEntity
  8
Multi-Layer
  100
AcDbPolyline
  90
2
  70
1
  43
0
  10
67.18313436626875
  20
-96.64719329438658
  42
1
  10
68.70713741427484
  20
-96.64719329438658
  42
1
  0
HATCH
  5
2093
  100
AcDbEntity
  8
Multi-Layer
  100
AcDbHatch
  10
0
  20
0
  30
0
  210
0
  220
0
  230
1
  2
SOLID
  70
1
  71
0
  91
1
  92
7
  72
1
  73
1
  93
2
  10
64.64312928625857
  20
-96.64719329438658
  42
1
  10
66.16713233426468
  20
-96.64719329438658
  42
1
  97
1
  330
2092
  75
0
  76
1
  47
0.8681437583925616
  98
1
  10
3.629517071192367
  20
33.92795499968543
  450
0
  451
0
  460
0
  461
0
  452
1
  462
1
  453
2
  463
0
  63
5
  421
255
  463
1
  63
7
  421
16777215
  470
LINEAR
  1001
ACAD
  1010
0
  1020
0
  1030
0
  0
LWPOLYLINE
  5
2094
  100
AcDbEntity
  8
Multi-Layer
  100
AcDbPolyline
  90
2
  70
1
  43
0
  10
64.64312928625858
  20
-96.64719329438658
  42
1
  10
66.16713233426468
  20
-96.64719329438658
  42
1
  0
HATCH
  5
2096
  100
AcDbEntity
  8
Multi-Layer
  100
AcDbHatch
  10
0
  20
0
  30
0
  210
0
  220
0
  230
1
  2
SOLID
  70
1
  71
0
  91
1
  92
7
  72
1
  73
1
  93
2
  10
64.64312928625857
  20
-96.64719329438658
  42
1
  10
66.16713233426468
  20
-96.64719329438658
  42
1
  97
1
  330
2095
  75
0
  76
1
  47
0.8681437583925616
  98
1
  10
3.629517071192367
  20
33.92795499968543
  450
0
  451
0
  460
0
  461
0
  452
1
  462
1
  453
2
  463
0
  63
5
  421
255
  463
1
  63
7
  421
16777215
  470
LINEAR
  1001
ACAD
  1010
0
  1020
0
  1030
0
  0
LWPOLYLINE
  5
2097
  100
AcDbEntity
  8
Multi-Layer
  100
AcDbPolyline
  90
2
  70
1
  43
0
  10
64.64312928625858
  20
-96.64719329438658
  42
1
  10
66.16713233426468
  20
-96.64719329438658
  42
1
  0
HATCH
  5
2099
  100
AcDbEntity
  8
Multi-Layer
  100
AcDbHatch
  10
0
  20
0
  30
0
  210
0
  220
0
  230
1
  2
SOLID
  70
1
  71
0
  91
1
  92
7
  72
1
  73
1
  93
2
  10
64.64312928625857
  20
-96.64719329438658
  42
1
  10
66.16713233426468
  20
-96.64719329438658
  42
1
  97
1
  330
2098
  75
0
  76
1
  47
0.8681437583925616
  98
1
  10
3.629517071192367
  20
33.92795499968543
  450
0
  451
0
  460
0
  461
0
  452
1
  462
1
  453
2
  463
0
  63
5
  421
255
  463
1
  63
7
  421
16777215
  470
LINEAR
  1001
ACAD
  1010
0
  1020
0
  1030
0
  0
LWPOLYLINE
  5
2100
  100
AcDbEntity
  8
Multi-Layer
  100
AcDbPolyline
  90
2
  70
1
  43
0
  10
64.64312928625858
  20
-96.64719329438658
  42
1
  10
66.16713233426468
  20
-96.64719329438658
  42
1
  0
HATCH
  5
2105
  100
AcDbEntity
  8
Multi-Layer
  100
AcDbHatch
  10
0
  20
0
  30
0
  210
0
  220
0
  230
1
  2
SOLID
  70
1
  71
0
  91
1
  92
7
  72
1
  73
1
  93
2
  10
62.10312420624842
  20
-96.64719329438658
  42
1
  10
63.62712725425451
  20
-96.64719329438658
  42
1
  97
1
  330
2104
  75
0
  76
1
  47
0.8681437583925616
  98
1
  10
3.629517071192367
  20
33.92795499968543
  450
0
  451
0
  460
0
  461
0
  452
1
  462
1
  453
2
  463
0
  63
5
  421
255
  463
1
  63
7
  421
16777215
  470
LINEAR
  1001
ACAD
  1010
0
  1020
0
  1030
0
  0
LWPOLYLINE
  5
2106
  100
AcDbEntity
  8
Multi-Layer
  100
AcDbPolyline
  90
2
  70
1
  43
0
  10
62.10312420624841
  20
-96.64719329438658
  42
1
  10
63.62712725425451
  20
-96.64719329438658
  42
1
  0
HATCH
  5
2108
  100
AcDbEntity
  8
Multi-Layer
  100
AcDbHatch
  10
0
  20
0
  30
0
  210
0
  220
0
  230
1
  2
SOLID
  70
1
  71
0
  91
1
  92
7
  72
1
  73
1
  93
2
  10
62.10312420624842
  20
-96.64719329438658
  42
1
  10
63.62712725425451
  20
-96.64719329438658
  42
1
  97
1
  330
2107
  75
0
  76
1
  47
0.8681437583925616
  98
1
  10
3.629517071192367
  20
33.92795499968543
  450
0
  451
0
  460
0
  461
0
  452
1
  462
1
  453
2
  463
0
  63
5
  421
255
  463
1
  63
7
  421
16777215
  470
LINEAR
  1001
ACAD
  1010
0
  1020
0
  1030
0
  0
LWPOLYLINE
  5
2109
  100
AcDbEntity
  8
Multi-Layer
  100
AcDbPolyline
  90
2
  70
1
  43
0
  10
62.10312420624841
  20
-96.64719329438658
  42
1
  10
63.62712725425451
  20
-96.64719329438658
  42
1
  0
HATCH
  5
2111
  100
AcDbEntity
  8
Multi-Layer
  100
AcDbHatch
  10
0
  20
0
  30
0
  210
0
  220
0
  230
1
  2
SOLID
  70
1
  71
0
  91
1
  92
7
  72
1
  73
1
  93
2
  10
62.10312420624842
  20
-96.64719329438658
  42
1
  10
63.62712725425451
  20
-96.64719329438658
  42
1
  97
1
  330
2110
  75
0
  76
1
  47
0.8681437583925616
  98
1
  10
3.629517071192367
  20
33.92795499968543
  450
0
  451
0
  460
0
  461
0
  452
1
  462
1
  453
2
  463
0
  63
5
  421
255
  463
1
  63
7
  421
16777215
  470
LINEAR
  1001
ACAD
  1010
0
  1020
0
  1030
0
  0
LWPOLYLINE
  5
2112
  100
AcDbEntity
  8
Multi-Layer
  100
AcDbPolyline
  90
2
  70
1
  43
0
  10
62.10312420624841
  20
-96.64719329438658
  42
1
  10
63.62712725425451
  20
-96.64719329438658
  42
1
  0
HATCH
  5
2117
  100
AcDbEntity
  8
Multi-Layer
  100
AcDbHatch
  10
0
  20
0
  30
0
  210
0
  220
0
  230
1
  2
SOLID
  70
1
  71
0
  91
1
  92
7
  72
1
  73
1
  93
2
  10
59.563119126238256
  20
-96.64719329438658
  42
1
  10
61.08712217424435
  20
-96.64719329438658
  42
1
  97
1
  330
2116
  75
0
  76
1
  47
0.8681437583925616
  98
1
  10
3.629517071192367
  20
33.92795499968543
  450
0
  451
0
  460
0
  461
0
  452
1
  462
1
  453
2
  463
0
  63
5
  421
255
  463
1
  63
7
  421
16777215
  470
LINEAR
  1001
ACAD
  1010
0
  1020
0
  1030
0
  0
LWPOLYLINE
  5
2118
  100
AcDbEntity
  8
Multi-Layer
  100
AcDbPolyline
  90
2
  70
1
  43
0
  10
59.563119126238256
  20
-96.64719329438658
  42
1
  10
61.08712217424435
  20
-96.64719329438658
  42
1
  0
HATCH
  5
2120
  100
AcDbEntity
  8
Multi-Layer
  100
AcDbHatch
  10
0
  20
0
  30
0
  210
0
  220
0
  230
1
  2
SOLID
  70
1
  71
0
  91
1
  92
7
  72
1
  73
1
  93
2
  10
59.563119126238256
  20
-96.64719329438658
  42
1
  10
61.08712217424435
  20
-96.64719329438658
  42
1
  97
1
  330
2119
  75
0
  76
1
  47
0.8681437583925616
  98
1
  10
3.629517071192367
  20
33.92795499968543
  450
0
  451
0
  460
0
  461
0
  452
1
  462
1
  453
2
  463
0
  63
5
  421
255
  463
1
  63
7
  421
16777215
  470
LINEAR
  1001
ACAD
  1010
0
  1020
0
  1030
0
  0
LWPOLYLINE
  5
2121
  100
AcDbEntity
  8
Multi-Layer
  100
AcDbPolyline
  90
2
  70
1
  43
0
  10
59.563119126238256
  20
-96.64719329438658
  42
1
  10
61.08712217424435
  20
-96.64719329438658
  42
1
  0
HATCH
  5
2123
  100
AcDbEntity
  8
Multi-Layer
  100
AcDbHatch
  10
0
  20
0
  30
0
  210
0
  220
0
  230
1
  2
SOLID
  70
1
  71
0
  91
1
  92
7
  72
1
  73
1
  93
2
  10
59.563119126238256
  20
-96.64719329438658
  42
1
  10
61.08712217424435
  20
-96.64719329438658
  42
1
  97
1
  330
2122
  75
0
  76
1
  47
0.8681437583925616
  98
1
  10
3.629517071192367
  20
33.92795499968543
  450
0
  451
0
  460
0
  461
0
  452
1
  462
1
  453
2
  463
0
  63
5
  421
255
  463
1
  63
7
  421
16777215
  470
LINEAR
  1001
ACAD
  1010
0
  1020
0
  1030
0
  0
LWPOLYLINE
  5
2124
  100
AcDbEntity
  8
Multi-Layer
  100
AcDbPolyline
  90
2
  70
1
  43
0
  10
59.563119126238256
  20
-96.64719329438658
  42
1
  10
61.08712217424435
  20
-96.64719329438658
  42
1
  0
HATCH
  5
2129
  100
AcDbEntity
  8
Multi-Layer
  100
AcDbHatch
  10
0
  20
0
  30
0
  210
0
  220
0
  230
1
  2
SOLID
  70
1
  71
0
  91
1
  92
7
  72
1
  73
1
  93
2
  10
57.023114046228095
  20
-96.64719329438658
  42
1
  10
58.54711709423419
  20
-96.64719329438658
  42
1
  97
1
  330
2128
  75
0
  76
1
  47
0.8681437583925616
  98
1
  10
3.629517071192367
  20
33.92795499968543
  450
0
  451
0
  460
0
  461
0
  452
1
  462
1
  453
2
  463
0
  63
5
  421
255
  463
1
  63
7
  421
16777215
  470
LINEAR
  1001
ACAD
  1010
0
  1020
0
  1030
0
  0
LWPOLYLINE
  5
2130
  100
AcDbEntity
  8
Multi-Layer
  100
AcDbPolyline
  90
2
  70
1
  43
0
  10
57.023114046228095
  20
-96.64719329438658
  42
1
  10
58.54711709423419
  20
-96.64719329438658
  42
1
  0
HATCH
  5
2132
  100
AcDbEntity
  8
Multi-Layer
  100
AcDbHatch
  10
0
  20
0
  30
0
  210
0
  220
0
  230
1
  2
SOLID
  70
1
  71
0
  91
1
  92
7
  72
1
  73
1
  93
2
  10
57.023114046228095
  20
-96.64719329438658
  42
1
  10
58.54711709423419
  20
-96.64719329438658
  42
1
  97
1
  330
2131
  75
0
  76
1
  47
0.8681437583925616
  98
1
  10
3.629517071192367
  20
33.92795499968543
  450
0
  451
0
  460
0
  461
0
  452
1
  462
1
  453
2
  463
0
  63
5
  421
255
  463
1
  63
7
  421
16777215
  470
LINEAR
  1001
ACAD
  1010
0
  1020
0
  1030
0
  0
LWPOLYLINE
  5
2133
  100
AcDbEntity
  8
Multi-Layer
  100
AcDbPolyline
  90
2
  70
1
  43
0
  10
57.023114046228095
  20
-96.64719329438658
  42
1
  10
58.54711709423419
  20
-96.64719329438658
  42
1
  0
HATCH
  5
2135
  100
AcDbEntity
  8
Multi-Layer
  100
AcDbHatch
  10
0
  20
0
  30
0
  210
0
  220
0
  230
1
  2
SOLID
  70
1
  71
0
  91
1
  92
7
  72
1
  73
1
  93
2
  10
57.023114046228095
  20
-96.64719329438658
  42
1
  10
58.54711709423419
  20
-96.64719329438658
  42
1
  97
1
  330
2134
  75
0
  76
1
  47
0.8681437583925616
  98
1
  10
3.629517071192367
  20
33.92795499968543
  450
0
  451
0
  460
0
  461
0
  452
1
  462
1
  453
2
  463
0
  63
5
  421
255
  463
1
  63
7
  421
16777215
  470
LINEAR
  1001
ACAD
  1010
0
  1020
0
  1030
0
  0
LWPOLYLINE
  5
2136
  100
AcDbEntity
  8
Multi-Layer
  100
AcDbPolyline
  90
2
  70
1
  43
0
  10
57.023114046228095
  20
-96.64719329438658
  42
1
  10
58.54711709423419
  20
-96.64719329438658
  42
1
  0
HATCH
  5
2141
  100
AcDbEntity
  8
Multi-Layer
  100
AcDbHatch
  10
0
  20
0
  30
0
  210
0
  220
0
  230
1
  2
SOLID
  70
1
  71
0
  91
1
  92
7
  72
1
  73
1
  93
2
  10
54.483108966217934
  20
-96.6471932943866
  42
1
  10
56.00711201422403
  20
-96.6471932943866
  42
1
  97
1
  330
2140
  75
0
  76
1
  47
0.8681437583925616
  98
1
  10
3.629517071192367
  20
33.92795499968543
  450
0
  451
0
  460
0
  461
0
  452
1
  462
1
  453
2
  463
0
  63
5
  421
255
  463
1
  63
7
  421
16777215
  470
LINEAR
  1001
ACAD
  1010
0
  1020
0
  1030
0
  0
LWPOLYLINE
  5
2142
  100
AcDbEntity
  8
Multi-Layer
  100
AcDbPolyline
  90
2
  70
1
  43
0
  10
54.483108966217934
  20
-96.6471932943866
  42
1
  10
56.00711201422403
  20
-96.6471932943866
  42
1
  0
HATCH
  5
2144
  100
AcDbEntity
  8
Multi-Layer
  100
AcDbHatch
  10
0
  20
0
  30
0
  210
0
  220
0
  230
1
  2
SOLID
  70
1
  71
0
  91
1
  92
7
  72
1
  73
1
  93
2
  10
54.483108966217934
  20
-96.6471932943866
  42
1
  10
56.00711201422403
  20
-96.6471932943866
  42
1
  97
1
  330
2143
  75
0
  76
1
  47
0.8681437583925616
  98
1
  10
3.629517071192367
  20
33.92795499968543
  450
0
  451
0
  460
0
  461
0
  452
1
  462
1
  453
2
  463
0
  63
5
  421
255
  463
1
  63
7
  421
16777215
  470
LINEAR
  1001
ACAD
  1010
0
  1020
0
  1030
0
  0
LWPOLYLINE
  5
2145
  100
AcDbEntity
  8
Multi-Layer
  100
AcDbPolyline
  90
2
  70
1
  43
0
  10
54.483108966217934
  20
-96.6471932943866
  42
1
  10
56.00711201422403
  20
-96.6471932943866
  42
1
  0
HATCH
  5
2147
  100
AcDbEntity
  8
Multi-Layer
  100
AcDbHatch
  10
0
  20
0
  30
0
  210
0
  220
0
  230
1
  2
SOLID
  70
1
  71
0
  91
1
  92
7
  72
1
  73
1
  93
2
  10
54.483108966217934
  20
-96.6471932943866
  42
1
  10
56.00711201422403
  20
-96.6471932943866
  42
1
  97
1
  330
2146
  75
0
  76
1
  47
0.8681437583925616
  98
1
  10
3.629517071192367
  20
33.92795499968543
  450
0
  451
0
  460
0
  461
0
  452
1
  462
1
  453
2
  463
0
  63
5
  421
255
  463
1
  63
7
  421
16777215
  470
LINEAR
  1001
ACAD
  1010
0
  1020
0
  1030
0
  0
LWPOLYLINE
  5
2148
  100
AcDbEntity
  8
Multi-Layer
  100
AcDbPolyline
  90
2
  70
1
  43
0
  10
54.483108966217934
  20
-96.6471932943866
  42
1
  10
56.00711201422403
  20
-96.6471932943866
  42
1
  0
HATCH
  5
2153
  100
AcDbEntity
  8
Multi-Layer
  100
AcDbHatch
  10
0
  20
0
  30
0
  210
0
  220
0
  230
1
  2
SOLID
  70
1
  71
0
  91
1
  92
7
  72
1
  73
1
  93
2
  10
51.94310388620777
  20
-96.64719329438658
  42
1
  10
53.46710693421387
  20
-96.64719329438658
  42
1
  97
1
  330
2152
  75
0
  76
1
  47
0.8681437583925616
  98
1
  10
3.629517071192367
  20
33.92795499968543
  450
0
  451
0
  460
0
  461
0
  452
1
  462
1
  453
2
  463
0
  63
5
  421
255
  463
1
  63
7
  421
16777215
  470
LINEAR
  1001
ACAD
  1010
0
  1020
0
  1030
0
  0
LWPOLYLINE
  5
2154
  100
AcDbEntity
  8
Multi-Layer
  100
AcDbPolyline
  90
2
  70
1
  43
0
  10
51.94310388620777
  20
-96.64719329438658
  42
1
  10
53.46710693421387
  20
-96.64719329438658
  42
1
  0
HATCH
  5
2156
  100
AcDbEntity
  8
Multi-Layer
  100
AcDbHatch
  10
0
  20
0
  30
0
  210
0
  220
0
  230
1
  2
SOLID
  70
1
  71
0
  91
1
  92
7
  72
1
  73
1
  93
2
  10
51.94310388620777
  20
-96.64719329438658
  42
1
  10
53.46710693421387
  20
-96.64719329438658
  42
1
  97
1
  330
2155
  75
0
  76
1
  47
0.8681437583925616
  98
1
  10
3.629517071192367
  20
33.92795499968543
  450
0
  451
0
  460
0
  461
0
  452
1
  462
1
  453
2
  463
0
  63
5
  421
255
  463
1
  63
7
  421
16777215
  470
LINEAR
  1001
ACAD
  1010
0
  1020
0
  1030
0
  0
LWPOLYLINE
  5
2157
  100
AcDbEntity
  8
Multi-Layer
  100
AcDbPolyline
  90
2
  70
1
  43
0
  10
51.94310388620777
  20
-96.64719329438658
  42
1
  10
53.46710693421387
  20
-96.64719329438658
  42
1
  0
HATCH
  5
2159
  100
AcDbEntity
  8
Multi-Layer
  100
AcDbHatch
  10
0
  20
0
  30
0
  210
0
  220
0
  230
1
  2
SOLID
  70
1
  71
0
  91
1
  92
7
  72
1
  73
1
  93
2
  10
51.94310388620777
  20
-96.64719329438658
  42
1
  10
53.46710693421387
  20
-96.64719329438658
  42
1
  97
1
  330
2158
  75
0
  76
1
  47
0.8681437583925616
  98
1
  10
3.629517071192367
  20
33.92795499968543
  450
0
  451
0
  460
0
  461
0
  452
1
  462
1
  453
2
  463
0
  63
5
  421
255
  463
1
  63
7
  421
16777215
  470
LINEAR
  1001
ACAD
  1010
0
  1020
0
  1030
0
  0
LWPOLYLINE
  5
2160
  100
AcDbEntity
  8
Multi-Layer
  100
AcDbPolyline
  90
2
  70
1
  43
0
  10
51.94310388620777
  20
-96.64719329438658
  42
1
  10
53.46710693421387
  20
-96.64719329438658
  42
1
  0
HATCH
  5
2165
  100
AcDbEntity
  8
Multi-Layer
  100
AcDbHatch
  10
0
  20
0
  30
0
  210
0
  220
0
  230
1
  2
SOLID
  70
1
  71
0
  91
1
  92
7
  72
1
  73
1
  93
2
  10
49.40309880619761
  20
-96.64719329438658
  42
1
  10
50.927101854203705
  20
-96.64719329438658
  42
1
  97
1
  330
2164
  75
0
  76
1
  47
0.8681437583925616
  98
1
  10
3.629517071192367
  20
33.92795499968543
  450
0
  451
0
  460
0
  461
0
  452
1
  462
1
  453
2
  463
0
  63
5
  421
255
  463
1
  63
7
  421
16777215
  470
LINEAR
  1001
ACAD
  1010
0
  1020
0
  1030
0
  0
LWPOLYLINE
  5
2166
  100
AcDbEntity
  8
Multi-Layer
  100
AcDbPolyline
  90
2
  70
1
  43
0
  10
49.40309880619761
  20
-96.64719329438658
  42
1
  10
50.927101854203705
  20
-96.64719329438658
  42
1
  0
HATCH
  5
2168
  100
AcDbEntity
  8
Multi-Layer
  100
AcDbHatch
  10
0
  20
0
  30
0
  210
0
  220
0
  230
1
  2
SOLID
  70
1
  71
0
  91
1
  92
7
  72
1
  73
1
  93
2
  10
49.40309880619761
  20
-96.64719329438658
  42
1
  10
50.927101854203705
  20
-96.64719329438658
  42
1
  97
1
  330
2167
  75
0
  76
1
  47
0.8681437583925616
  98
1
  10
3.629517071192367
  20
33.92795499968543
  450
0
  451
0
  460
0
  461
0
  452
1
  462
1
  453
2
  463
0
  63
5
  421
255
  463
1
  63
7
  421
16777215
  470
LINEAR
  1001
ACAD
  1010
0
  1020
0
  1030
0
  0
LWPOLYLINE
  5
2169
  100
AcDbEntity
  8
Multi-Layer
  100
AcDbPolyline
  90
2
  70
1
  43
0
  10
49.40309880619761
  20
-96.64719329438658
  42
1
  10
50.927101854203705
  20
-96.64719329438658
  42
1
  0
HATCH
  5
2171
  100
AcDbEntity
  8
Multi-Layer
  100
AcDbHatch
  10
0
  20
0
  30
0
  210
0
  220
0
  230
1
  2
SOLID
  70
1
  71
0
  91
1
  92
7
  72
1
  73
1
  93
2
  10
49.40309880619761
  20
-96.64719329438658
  42
1
  10
50.927101854203705
  20
-96.64719329438658
  42
1
  97
1
  330
2170
  75
0
  76
1
  47
0.8681437583925616
  98
1
  10
3.629517071192367
  20
33.92795499968543
  450
0
  451
0
  460
0
  461
0
  452
1
  462
1
  453
2
  463
0
  63
5
  421
255
  463
1
  63
7
  421
16777215
  470
LINEAR
  1001
ACAD
  1010
0
  1020
0
  1030
0
  0
LWPOLYLINE
  5
2172
  100
AcDbEntity
  8
Multi-Layer
  100
AcDbPolyline
  90
2
  70
1
  43
0
  10
49.40309880619761
  20
-96.64719329438658
  42
1
  10
50.927101854203705
  20
-96.64719329438658
  42
1
  0
HATCH
  5
2177
  100
AcDbEntity
  8
Multi-Layer
  100
AcDbHatch
  10
0
  20
0
  30
0
  210
0
  220
0
  230
1
  2
SOLID
  70
1
  71
0
  91
1
  92
7
  72
1
  73
1
  93
2
  10
46.86309372618745
  20
-96.64719329438658
  42
1
  10
48.387096774193544
  20
-96.64719329438658
  42
1
  97
1
  330
2176
  75
0
  76
1
  47
0.8681437583925616
  98
1
  10
3.629517071192367
  20
33.92795499968543
  450
0
  451
0
  460
0
  461
0
  452
1
  462
1
  453
2
  463
0
  63
5
  421
255
  463
1
  63
7
  421
16777215
  470
LINEAR
  1001
ACAD
  1010
0
  1020
0
  1030
0
  0
LWPOLYLINE
  5
2178
  100
AcDbEntity
  8
Multi-Layer
  100
AcDbPolyline
  90
2
  70
1
  43
0
  10
46.86309372618745
  20
-96.64719329438658
  42
1
  10
48.387096774193544
  20
-96.64719329438658
  42
1
  0
HATCH
  5
2180
  100
AcDbEntity
  8
Multi-Layer
  100
AcDbHatch
  10
0
  20
0
  30
0
  210
0
  220
0
  230
1
  2
SOLID
  70
1
  71
0
  91
1
  92
7
  72
1
  73
1
  93
2
  10
46.86309372618745
  20
-96.64719329438658
  42
1
  10
48.387096774193544
  20
-96.64719329438658
  42
1
  97
1
  330
2179
  75
0
  76
1
  47
0.8681437583925616
  98
1
  10
3.629517071192367
  20
33.92795499968543
  450
0
  451
0
  460
0
  461
0
  452
1
  462
1
  453
2
  463
0
  63
5
  421
255
  463
1
  63
7
  421
16777215
  470
LINEAR
  1001
ACAD
  1010
0
  1020
0
  1030
0
  0
LWPOLYLINE
  5
2181
  100
AcDbEntity
  8
Multi-Layer
  100
AcDbPolyline
  90
2
  70
1
  43
0
  10
46.86309372618745
  20
-96.64719329438658
  42
1
  10
48.387096774193544
  20
-96.64719329438658
  42
1
  0
HATCH
  5
2183
  100
AcDbEntity
  8
Multi-Layer
  100
AcDbHatch
  10
0
  20
0
  30
0
  210
0
  220
0
  230
1
  2
SOLID
  70
1
  71
0
  91
1
  92
7
  72
1
  73
1
  93
2
  10
46.86309372618745
  20
-96.64719329438658
  42
1
  10
48.387096774193544
  20
-96.64719329438658
  42
1
  97
1
  330
2182
  75
0
  76
1
  47
0.8681437583925616
  98
1
  10
3.629517071192367
  20
33.92795499968543
  450
0
  451
0
  460
0
  461
0
  452
1
  462
1
  453
2
  463
0
  63
5
  421
255
  463
1
  63
7
  421
16777215
  470
LINEAR
  1001
ACAD
  1010
0
  1020
0
  1030
0
  0
LWPOLYLINE
  5
2184
  100
AcDbEntity
  8
Multi-Layer
  100
AcDbPolyline
  90
2
  70
1
  43
0
  10
46.86309372618745
  20
-96.64719329438658
  42
1
  10
48.387096774193544
  20
-96.64719329438658
  42
1
  0
HATCH
  5
2189
  100
AcDbEntity
  8
Multi-Layer
  100
AcDbHatch
  10
0
  20
0
  30
0
  210
0
  220
0
  230
1
  2
SOLID
  70
1
  71
0
  91
1
  92
7
  72
1
  73
1
  93
2
  10
44.32308864617729
  20
-96.64719329438658
  42
1
  10
45.84709169418338
  20
-96.64719329438658
  42
1
  97
1
  330
2188
  75
0
  76
1
  47
0.8681437583925616
  98
1
  10
3.629517071192367
  20
33.92795499968543
  450
0
  451
0
  460
0
  461
0
  452
1
  462
1
  453
2
  463
0
  63
5
  421
255
  463
1
  63
7
  421
16777215
  470
LINEAR
  1001
ACAD
  1010
0
  1020
0
  1030
0
  0
LWPOLYLINE
  5
2190
  100
AcDbEntity
  8
Multi-Layer
  100
AcDbPolyline
  90
2
  70
1
  43
0
  10
44.32308864617729
  20
-96.64719329438658
  42
1
  10
45.84709169418338
  20
-96.64719329438658
  42
1
  0
HATCH
  5
2192
  100
AcDbEntity
  8
Multi-Layer
  100
AcDbHatch
  10
0
  20
0
  30
0
  210
0
  220
0
  230
1
  2
SOLID
  70
1
  71
0
  91
1
  92
7
  72
1
  73
1
  93
2
  10
44.32308864617729
  20
-96.64719329438658
  42
1
  10
45.84709169418338
  20
-96.64719329438658
  42
1
  97
1
  330
2191
  75
0
  76
1
  47
0.8681437583925616
  98
1
  10
3.629517071192367
  20
33.92795499968543
  450
0
  451
0
  460
0
  461
0
  452
1
  462
1
  453
2
  463
0
  63
5
  421
255
  463
1
  63
7
  421
16777215
  470
LINEAR
  1001
ACAD
  1010
0
  1020
0
  1030
0
  0
LWPOLYLINE
  5
2193
  100
AcDbEntity
  8
Multi-Layer
  100
AcDbPolyline
  90
2
  70
1
  43
0
  10
44.32308864617729
  20
-96.64719329438658
  42
1
  10
45.84709169418338
  20
-96.64719329438658
  42
1
  0
HATCH
  5
2195
  100
AcDbEntity
  8
Multi-Layer
  100
AcDbHatch
  10
0
  20
0
  30
0
  210
0
  220
0
  230
1
  2
SOLID
  70
1
  71
0
  91
1
  92
7
  72
1
  73
1
  93
2
  10
44.32308864617729
  20
-96.64719329438658
  42
1
  10
45.84709169418338
  20
-96.64719329438658
  42
1
  97
1
  330
2194
  75
0
  76
1
  47
0.8681437583925616
  98
1
  10
3.629517071192367
  20
33.92795499968543
  450
0
  451
0
  460
0
  461
0
  452
1
  462
1
  453
2
  463
0
  63
5
  421
255
  463
1
  63
7
  421
16777215
  470
LINEAR
  1001
ACAD
  1010
0
  1020
0
  1030
0
  0
LWPOLYLINE
  5
2196
  100
AcDbEntity
  8
Multi-Layer
  100
AcDbPolyline
  90
2
  70
1
  43
0
  10
44.32308864617729
  20
-96.64719329438658
  42
1
  10
45.84709169418338
  20
-96.64719329438658
  42
1
  0
HATCH
  5
2201
  100
AcDbEntity
  8
Multi-Layer
  100
AcDbHatch
  10
0
  20
0
  30
0
  210
0
  220
0
  230
1
  2
SOLID
  70
1
  71
0
  91
1
  92
7
  72
1
  73
1
  93
2
  10
41.78308356616713
  20
-96.64719329438658
  42
1
  10
43.30708661417322
  20
-96.64719329438658
  42
1
  97
1
  330
2200
  75
0
  76
1
  47
0.8681437583925616
  98
1
  10
3.629517071192367
  20
33.92795499968543
  450
0
  451
0
  460
0
  461
0
  452
1
  462
1
  453
2
  463
0
  63
5
  421
255
  463
1
  63
7
  421
16777215
  470
LINEAR
  1001
ACAD
  1010
0
  1020
0
  1030
0
  0
LWPOLYLINE
  5
2202
  100
AcDbEntity
  8
Multi-Layer
  100
AcDbPolyline
  90
2
  70
1
  43
0
  10
41.78308356616713
  20
-96.64719329438658
  42
1
  10
43.30708661417323
  20
-96.64719329438658
  42
1
  0
HATCH
  5
2204
  100
AcDbEntity
  8
Multi-Layer
  100
AcDbHatch
  10
0
  20
0
  30
0
  210
0
  220
0
  230
1
  2
SOLID
  70
1
  71
0
  91
1
  92
7
  72
1
  73
1
  93
2
  10
41.78308356616713
  20
-96.64719329438658
  42
1
  10
43.30708661417322
  20
-96.64719329438658
  42
1
  97
1
  330
2203
  75
0
  76
1
  47
0.8681437583925616
  98
1
  10
3.629517071192367
  20
33.92795499968543
  450
0
  451
0
  460
0
  461
0
  452
1
  462
1
  453
2
  463
0
  63
5
  421
255
  463
1
  63
7
  421
16777215
  470
LINEAR
  1001
ACAD
  1010
0
  1020
0
  1030
0
  0
LWPOLYLINE
  5
2205
  100
AcDbEntity
  8
Multi-Layer
  100
AcDbPolyline
  90
2
  70
1
  43
0
  10
41.78308356616713
  20
-96.64719329438658
  42
1
  10
43.30708661417323
  20
-96.64719329438658
  42
1
  0
HATCH
  5
2207
  100
AcDbEntity
  8
Multi-Layer
  100
AcDbHatch
  10
0
  20
0
  30
0
  210
0
  220
0
  230
1
  2
SOLID
  70
1
  71
0
  91
1
  92
7
  72
1
  73
1
  93
2
  10
41.78308356616713
  20
-96.64719329438658
  42
1
  10
43.30708661417322
  20
-96.64719329438658
  42
1
  97
1
  330
2206
  75
0
  76
1
  47
0.8681437583925616
  98
1
  10
3.629517071192367
  20
33.92795499968543
  450
0
  451
0
  460
0
  461
0
  452
1
  462
1
  453
2
  463
0
  63
5
  421
255
  463
1
  63
7
  421
16777215
  470
LINEAR
  1001
ACAD
  1010
0
  1020
0
  1030
0
  0
LWPOLYLINE
  5
2208
  100
AcDbEntity
  8
Multi-Layer
  100
AcDbPolyline
  90
2
  70
1
  43
0
  10
41.78308356616713
  20
-96.64719329438658
  42
1
  10
43.30708661417323
  20
-96.64719329438658
  42
1
  0
HATCH
  5
2213
  100
AcDbEntity
  8
Multi-Layer
  100
AcDbHatch
  10
0
  20
0
  30
0
  210
0
  220
0
  230
1
  2
SOLID
  70
1
  71
0
  91
1
  92
7
  72
1
  73
1
  93
2
  10
39.243078486156975
  20
-96.64719329438658
  42
1
  10
40.76708153416307
  20
-96.64719329438658
  42
1
  97
1
  330
2212
  75
0
  76
1
  47
0.8681437583925616
  98
1
  10
3.629517071192367
  20
33.92795499968543
  450
0
  451
0
  460
0
  461
0
  452
1
  462
1
  453
2
  463
0
  63
5
  421
255
  463
1
  63
7
  421
16777215
  470
LINEAR
  1001
ACAD
  1010
0
  1020
0
  1030
0
  0
LWPOLYLINE
  5
2214
  100
AcDbEntity
  8
Multi-Layer
  100
AcDbPolyline
  90
2
  70
1
  43
0
  10
39.24307848615697
  20
-96.64719329438658
  42
1
  10
40.76708153416307
  20
-96.64719329438658
  42
1
  0
HATCH
  5
2216
  100
AcDbEntity
  8
Multi-Layer
  100
AcDbHatch
  10
0
  20
0
  30
0
  210
0
  220
0
  230
1
  2
SOLID
  70
1
  71
0
  91
1
  92
7
  72
1
  73
1
  93
2
  10
39.243078486156975
  20
-96.64719329438658
  42
1
  10
40.76708153416307
  20
-96.64719329438658
  42
1
  97
1
  330
2215
  75
0
  76
1
  47
0.8681437583925616
  98
1
  10
3.629517071192367
  20
33.92795499968543
  450
0
  451
0
  460
0
  461
0
  452
1
  462
1
  453
2
  463
0
  63
5
  421
255
  463
1
  63
7
  421
16777215
  470
LINEAR
  1001
ACAD
  1010
0
  1020
0
  1030
0
  0
LWPOLYLINE
  5
2217
  100
AcDbEntity
  8
Multi-Layer
  100
AcDbPolyline
  90
2
  70
1
  43
0
  10
39.24307848615697
  20
-96.64719329438658
  42
1
  10
40.76708153416307
  20
-96.64719329438658
  42
1
  0
HATCH
  5
2219
  100
AcDbEntity
  8
Multi-Layer
  100
AcDbHatch
  10
0
  20
0
  30
0
  210
0
  220
0
  230
1
  2
SOLID
  70
1
  71
0
  91
1
  92
7
  72
1
  73
1
  93
2
  10
39.243078486156975
  20
-96.64719329438658
  42
1
  10
40.76708153416307
  20
-96.64719329438658
  42
1
  97
1
  330
2218
  75
0
  76
1
  47
0.8681437583925616
  98
1
  10
3.629517071192367
  20
33.92795499968543
  450
0
  451
0
  460
0
  461
0
  452
1
  462
1
  453
2
  463
0
  63
5
  421
255
  463
1
  63
7
  421
16777215
  470
LINEAR
  1001
ACAD
  1010
0
  1020
0
  1030
0
  0
LWPOLYLINE
  5
2220
  100
AcDbEntity
  8
Multi-Layer
  100
AcDbPolyline
  90
2
  70
1
  43
0
  10
39.24307848615697
  20
-96.64719329438658
  42
1
  10
40.76708153416307
  20
-96.64719329438658
  42
1
  0
HATCH
  5
2225
  100
AcDbEntity
  8
Multi-Layer
  100
AcDbHatch
  10
0
  20
0
  30
0
  210
0
  220
0
  230
1
  2
SOLID
  70
1
  71
0
  91
1
  92
7
  72
1
  73
1
  93
2
  10
36.703073406146814
  20
-96.64719329438658
  42
1
  10
38.22707645415291
  20
-96.64719329438658
  42
1
  97
1
  330
2224
  75
0
  76
1
  47
0.8681437583925616
  98
1
  10
3.629517071192367
  20
33.92795499968543
  450
0
  451
0
  460
0
  461
0
  452
1
  462
1
  453
2
  463
0
  63
5
  421
255
  463
1
  63
7
  421
16777215
  470
LINEAR
  1001
ACAD
  1010
0
  1020
0
  1030
0
  0
LWPOLYLINE
  5
2226
  100
AcDbEntity
  8
Multi-Layer
  100
AcDbPolyline
  90
2
  70
1
  43
0
  10
36.70307340614681
  20
-96.64719329438658
  42
1
  10
38.22707645415291
  20
-96.64719329438658
  42
1
  0
HATCH
  5
2228
  100
AcDbEntity
  8
Multi-Layer
  100
AcDbHatch
  10
0
  20
0
  30
0
  210
0
  220
0
  230
1
  2
SOLID
  70
1
  71
0
  91
1
  92
7
  72
1
  73
1
  93
2
  10
36.703073406146814
  20
-96.64719329438658
  42
1
  10
38.22707645415291
  20
-96.64719329438658
  42
1
  97
1
  330
2227
  75
0
  76
1
  47
0.8681437583925616
  98
1
  10
3.629517071192367
  20
33.92795499968543
  450
0
  451
0
  460
0
  461
0
  452
1
  462
1
  453
2
  463
0
  63
5
  421
255
  463
1
  63
7
  421
16777215
  470
LINEAR
  1001
ACAD
  1010
0
  1020
0
  1030
0
  0
LWPOLYLINE
  5
2229
  100
AcDbEntity
  8
Multi-Layer
  100
AcDbPolyline
  90
2
  70
1
  43
0
  10
36.70307340614681
  20
-96.64719329438658
  42
1
  10
38.22707645415291
  20
-96.64719329438658
  42
1
  0
HATCH
  5
2231
  100
AcDbEntity
  8
Multi-Layer
  100
AcDbHatch
  10
0
  20
0
  30
0
  210
0
  220
0
  230
1
  2
SOLID
  70
1
  71
0
  91
1
  92
7
  72
1
  73
1
  93
2
  10
36.703073406146814
  20
-96.64719329438658
  42
1
  10
38.22707645415291
  20
-96.64719329438658
  42
1
  97
1
  330
2230
  75
0
  76
1
  47
0.8681437583925616
  98
1
  10
3.629517071192367
  20
33.92795499968543
  450
0
  451
0
  460
0
  461
0
  452
1
  462
1
  453
2
  463
0
  63
5
  421
255
  463
1
  63
7
  421
16777215
  470
LINEAR
  1001
ACAD
  1010
0
  1020
0
  1030
0
  0
LWPOLYLINE
  5
2232
  100
AcDbEntity
  8
Multi-Layer
  100
AcDbPolyline
  90
2
  70
1
  43
0
  10
36.70307340614681
  20
-96.64719329438658
  42
1
  10
38.22707645415291
  20
-96.64719329438658
  42
1
  0
HATCH
  5
2237
  100
AcDbEntity
  8
Multi-Layer
  100
AcDbHatch
  10
0
  20
0
  30
0
  210
0
  220
0
  230
1
  2
SOLID
  70
1
  71
0
  91
1
  92
7
  72
1
  73
1
  93
2
  10
34.16306832613665
  20
-96.64719329438657
  42
1
  10
35.68707137414275
  20
-96.64719329438657
  42
1
  97
1
  330
2236
  75
0
  76
1
  47
0.8681437583925616
  98
1
  10
3.629517071192367
  20
33.92795499968543
  450
0
  451
0
  460
0
  461
0
  452
1
  462
1
  453
2
  463
0
  63
5
  421
255
  463
1
  63
7
  421
16777215
  470
LINEAR
  1001
ACAD
  1010
0
  1020
0
  1030
0
  0
LWPOLYLINE
  5
2238
  100
AcDbEntity
  8
Multi-Layer
  100
AcDbPolyline
  90
2
  70
1
  43
0
  10
34.16306832613665
  20
-96.64719329438657
  42
1
  10
35.68707137414275
  20
-96.64719329438657
  42
1
  0
HATCH
  5
2240
  100
AcDbEntity
  8
Multi-Layer
  100
AcDbHatch
  10
0
  20
0
  30
0
  210
0
  220
0
  230
1
  2
SOLID
  70
1
  71
0
  91
1
  92
7
  72
1
  73
1
  93
2
  10
34.16306832613665
  20
-96.64719329438657
  42
1
  10
35.68707137414275
  20
-96.64719329438657
  42
1
  97
1
  330
2239
  75
0
  76
1
  47
0.8681437583925616
  98
1
  10
3.629517071192367
  20
33.92795499968543
  450
0
  451
0
  460
0
  461
0
  452
1
  462
1
  453
2
  463
0
  63
5
  421
255
  463
1
  63
7
  421
16777215
  470
LINEAR
  1001
ACAD
  1010
0
  1020
0
  1030
0
  0
LWPOLYLINE
  5
2241
  100
AcDbEntity
  8
Multi-Layer
  100
AcDbPolyline
  90
2
  70
1
  43
0
  10
34.16306832613665
  20
-96.64719329438657
  42
1
  10
35.68707137414275
  20
-96.64719329438657
  42
1
  0
HATCH
  5
2243
  100
AcDbEntity
  8
Multi-Layer
  100
AcDbHatch
  10
0
  20
0
  30
0
  210
0
  220
0
  230
1
  2
SOLID
  70
1
  71
0
  91
1
  92
7
  72
1
  73
1
  93
2
  10
34.16306832613665
  20
-96.64719329438657
  42
1
  10
35.68707137414275
  20
-96.64719329438657
  42
1
  97
1
  330
2242
  75
0
  76
1
  47
0.8681437583925616
  98
1
  10
3.629517071192367
  20
33.92795499968543
  450
0
  451
0
  460
0
  461
0
  452
1
  462
1
  453
2
  463
0
  63
5
  421
255
  463
1
  63
7
  421
16777215
  470
LINEAR
  1001
ACAD
  1010
0
  1020
0
  1030
0
  0
LWPOLYLINE
  5
2244
  100
AcDbEntity
  8
Multi-Layer
  100
AcDbPolyline
  90
2
  70
1
  43
0
  10
34.16306832613665
  20
-96.64719329438657
  42
1
  10
35.68707137414275
  20
-96.64719329438657
  42
1
  0
HATCH
  5
2249
  100
AcDbEntity
  8
Multi-Layer
  100
AcDbHatch
  10
0
  20
0
  30
0
  210
0
  220
0
  230
1
  2
SOLID
  70
1
  71
0
  91
1
  92
7
  72
1
  73
1
  93
2
  10
34.16306832613665
  20
-111.88722377444753
  42
1
  10
35.68707137414275
  20
-111.88722377444753
  42
1
  97
1
  330
2248
  75
0
  76
1
  47
0.8681437583925616
  98
1
  10
3.629517071192367
  20
33.92795499968543
  450
0
  451
0
  460
0
  461
0
  452
1
  462
1
  453
2
  463
0
  63
5
  421
255
  463
1
  63
7
  421
16777215
  470
LINEAR
  1001
ACAD
  1010
0
  1020
0
  1030
0
  0
LWPOLYLINE
  5
2250
  100
AcDbEntity
  8
Multi-Layer
  100
AcDbPolyline
  90
2
  70
1
  43
0
  10
34.16306832613665
  20
-111.88722377444753
  42
1
  10
35.68707137414275
  20
-111.88722377444753
  42
1
  0
HATCH
  5
2252
  100
AcDbEntity
  8
Multi-Layer
  100
AcDbHatch
  10
0
  20
0
  30
0
  210
0
  220
0
  230
1
  2
SOLID
  70
1
  71
0
  91
1
  92
7
  72
1
  73
1
  93
2
  10
34.16306832613665
  20
-111.88722377444753
  42
1
  10
35.68707137414275
  20
-111.88722377444753
  42
1
  97
1
  330
2251
  75
0
  76
1
  47
0.8681437583925616
  98
1
  10
3.629517071192367
  20
33.92795499968543
  450
0
  451
0
  460
0
  461
0
  452
1
  462
1
  453
2
  463
0
  63
5
  421
255
  463
1
  63
7
  421
16777215
  470
LINEAR
  1001
ACAD
  1010
0
  1020
0
  1030
0
  0
LWPOLYLINE
  5
2253
  100
AcDbEntity
  8
Multi-Layer
  100
AcDbPolyline
  90
2
  70
1
  43
0
  10
34.16306832613665
  20
-111.88722377444753
  42
1
  10
35.68707137414275
  20
-111.88722377444753
  42
1
  0
HATCH
  5
2255
  100
AcDbEntity
  8
Multi-Layer
  100
AcDbHatch
  10
0
  20
0
  30
0
  210
0
  220
0
  230
1
  2
SOLID
  70
1
  71
0
  91
1
  92
7
  72
1
  73
1
  93
2
  10
34.16306832613665
  20
-111.88722377444753
  42
1
  10
35.68707137414275
  20
-111.88722377444753
  42
1
  97
1
  330
2254
  75
0
  76
1
  47
0.8681437583925616
  98
1
  10
3.629517071192367
  20
33.92795499968543
  450
0
  451
0
  460
0
  461
0
  452
1
  462
1
  453
2
  463
0
  63
5
  421
255
  463
1
  63
7
  421
16777215
  470
LINEAR
  1001
ACAD
  1010
0
  1020
0
  1030
0
  0
LWPOLYLINE
  5
2256
  100
AcDbEntity
  8
Multi-Layer
  100
AcDbPolyline
  90
2
  70
1
  43
0
  10
34.16306832613665
  20
-111.88722377444753
  42
1
  10
35.68707137414275
  20
-111.88722377444753
  42
1
  0
HATCH
  5
2261
  100
AcDbEntity
  8
Multi-Layer
  100
AcDbHatch
  10
0
  20
0
  30
0
  210
0
  220
0
  230
1
  2
SOLID
  70
1
  71
0
  91
1
  92
7
  72
1
  73
1
  93
2
  10
36.703073406146814
  20
-111.88722377444753
  42
1
  10
38.22707645415291
  20
-111.88722377444753
  42
1
  97
1
  330
2260
  75
0
  76
1
  47
0.8681437583925616
  98
1
  10
3.629517071192367
  20
33.92795499968543
  450
0
  451
0
  460
0
  461
0
  452
1
  462
1
  453
2
  463
0
  63
5
  421
255
  463
1
  63
7
  421
16777215
  470
LINEAR
  1001
ACAD
  1010
0
  1020
0
  1030
0
  0
LWPOLYLINE
  5
2262
  100
AcDbEntity
  8
Multi-Layer
  100
AcDbPolyline
  90
2
  70
1
  43
0
  10
36.70307340614681
  20
-111.88722377444753
  42
1
  10
38.22707645415291
  20
-111.88722377444753
  42
1
  0
HATCH
  5
2264
  100
AcDbEntity
  8
Multi-Layer
  100
AcDbHatch
  10
0
  20
0
  30
0
  210
0
  220
0
  230
1
  2
SOLID
  70
1
  71
0
  91
1
  92
7
  72
1
  73
1
  93
2
  10
36.703073406146814
  20
-111.88722377444753
  42
1
  10
38.22707645415291
  20
-111.88722377444753
  42
1
  97
1
  330
2263
  75
0
  76
1
  47
0.8681437583925616
  98
1
  10
3.629517071192367
  20
33.92795499968543
  450
0
  451
0
  460
0
  461
0
  452
1
  462
1
  453
2
  463
0
  63
5
  421
255
  463
1
  63
7
  421
16777215
  470
LINEAR
  1001
ACAD
  1010
0
  1020
0
  1030
0
  0
LWPOLYLINE
  5
2265
  100
AcDbEntity
  8
Multi-Layer
  100
AcDbPolyline
  90
2
  70
1
  43
0
  10
36.70307340614681
  20
-111.88722377444753
  42
1
  10
38.22707645415291
  20
-111.88722377444753
  42
1
  0
HATCH
  5
2267
  100
AcDbEntity
  8
Multi-Layer
  100
AcDbHatch
  10
0
  20
0
  30
0
  210
0
  220
0
  230
1
  2
SOLID
  70
1
  71
0
  91
1
  92
7
  72
1
  73
1
  93
2
  10
36.703073406146814
  20
-111.88722377444753
  42
1
  10
38.22707645415291
  20
-111.88722377444753
  42
1
  97
1
  330
2266
  75
0
  76
1
  47
0.8681437583925616
  98
1
  10
3.629517071192367
  20
33.92795499968543
  450
0
  451
0
  460
0
  461
0
  452
1
  462
1
  453
2
  463
0
  63
5
  421
255
  463
1
  63
7
  421
16777215
  470
LINEAR
  1001
ACAD
  1010
0
  1020
0
  1030
0
  0
LWPOLYLINE
  5
2268
  100
AcDbEntity
  8
Multi-Layer
  100
AcDbPolyline
  90
2
  70
1
  43
0
  10
36.70307340614681
  20
-111.88722377444753
  42
1
  10
38.22707645415291
  20
-111.88722377444753
  42
1
  0
HATCH
  5
2273
  100
AcDbEntity
  8
Multi-Layer
  100
AcDbHatch
  10
0
  20
0
  30
0
  210
0
  220
0
  230
1
  2
SOLID
  70
1
  71
0
  91
1
  92
7
  72
1
  73
1
  93
2
  10
39.243078486156975
  20
-111.88722377444755
  42
1
  10
40.76708153416307
  20
-111.88722377444755
  42
1
  97
1
  330
2272
  75
0
  76
1
  47
0.8681437583925616
  98
1
  10
3.629517071192367
  20
33.92795499968543
  450
0
  451
0
  460
0
  461
0
  452
1
  462
1
  453
2
  463
0
  63
5
  421
255
  463
1
  63
7
  421
16777215
  470
LINEAR
  1001
ACAD
  1010
0
  1020
0
  1030
0
  0
LWPOLYLINE
  5
2274
  100
AcDbEntity
  8
Multi-Layer
  100
AcDbPolyline
  90
2
  70
1
  43
0
  10
39.24307848615697
  20
-111.88722377444755
  42
1
  10
40.76708153416307
  20
-111.88722377444755
  42
1
  0
HATCH
  5
2276
  100
AcDbEntity
  8
Multi-Layer
  100
AcDbHatch
  10
0
  20
0
  30
0
  210
0
  220
0
  230
1
  2
SOLID
  70
1
  71
0
  91
1
  92
7
  72
1
  73
1
  93
2
  10
39.243078486156975
  20
-111.88722377444755
  42
1
  10
40.76708153416307
  20
-111.88722377444755
  42
1
  97
1
  330
2275
  75
0
  76
1
  47
0.8681437583925616
  98
1
  10
3.629517071192367
  20
33.92795499968543
  450
0
  451
0
  460
0
  461
0
  452
1
  462
1
  453
2
  463
0
  63
5
  421
255
  463
1
  63
7
  421
16777215
  470
LINEAR
  1001
ACAD
  1010
0
  1020
0
  1030
0
  0
LWPOLYLINE
  5
2277
  100
AcDbEntity
  8
Multi-Layer
  100
AcDbPolyline
  90
2
  70
1
  43
0
  10
39.24307848615697
  20
-111.88722377444755
  42
1
  10
40.76708153416307
  20
-111.88722377444755
  42
1
  0
HATCH
  5
2279
  100
AcDbEntity
  8
Multi-Layer
  100
AcDbHatch
  10
0
  20
0
  30
0
  210
0
  220
0
  230
1
  2
SOLID
  70
1
  71
0
  91
1
  92
7
  72
1
  73
1
  93
2
  10
39.243078486156975
  20
-111.88722377444755
  42
1
  10
40.76708153416307
  20
-111.88722377444755
  42
1
  97
1
  330
2278
  75
0
  76
1
  47
0.8681437583925616
  98
1
  10
3.629517071192367
  20
33.92795499968543
  450
0
  451
0
  460
0
  461
0
  452
1
  462
1
  453
2
  463
0
  63
5
  421
255
  463
1
  63
7
  421
16777215
  470
LINEAR
  1001
ACAD
  1010
0
  1020
0
  1030
0
  0
LWPOLYLINE
  5
2280
  100
AcDbEntity
  8
Multi-Layer
  100
AcDbPolyline
  90
2
  70
1
  43
0
  10
39.24307848615697
  20
-111.88722377444755
  42
1
  10
40.76708153416307
  20
-111.88722377444755
  42
1
  0
HATCH
  5
2285
  100
AcDbEntity
  8
Multi-Layer
  100
AcDbHatch
  10
0
  20
0
  30
0
  210
0
  220
0
  230
1
  2
SOLID
  70
1
  71
0
  91
1
  92
7
  72
1
  73
1
  93
2
  10
41.78308356616713
  20
-111.88722377444755
  42
1
  10
43.30708661417322
  20
-111.88722377444755
  42
1
  97
1
  330
2284
  75
0
  76
1
  47
0.8681437583925616
  98
1
  10
3.629517071192367
  20
33.92795499968543
  450
0
  451
0
  460
0
  461
0
  452
1
  462
1
  453
2
  463
0
  63
5
  421
255
  463
1
  63
7
  421
16777215
  470
LINEAR
  1001
ACAD
  1010
0
  1020
0
  1030
0
  0
LWPOLYLINE
  5
2286
  100
AcDbEntity
  8
Multi-Layer
  100
AcDbPolyline
  90
2
  70
1
  43
0
  10
41.78308356616713
  20
-111.88722377444755
  42
1
  10
43.30708661417323
  20
-111.88722377444755
  42
1
  0
HATCH
  5
2288
  100
AcDbEntity
  8
Multi-Layer
  100
AcDbHatch
  10
0
  20
0
  30
0
  210
0
  220
0
  230
1
  2
SOLID
  70
1
  71
0
  91
1
  92
7
  72
1
  73
1
  93
2
  10
41.78308356616713
  20
-111.88722377444755
  42
1
  10
43.30708661417322
  20
-111.88722377444755
  42
1
  97
1
  330
2287
  75
0
  76
1
  47
0.8681437583925616
  98
1
  10
3.629517071192367
  20
33.92795499968543
  450
0
  451
0
  460
0
  461
0
  452
1
  462
1
  453
2
  463
0
  63
5
  421
255
  463
1
  63
7
  421
16777215
  470
LINEAR
  1001
ACAD
  1010
0
  1020
0
  1030
0
  0
LWPOLYLINE
  5
2289
  100
AcDbEntity
  8
Multi-Layer
  100
AcDbPolyline
  90
2
  70
1
  43
0
  10
41.78308356616713
  20
-111.88722377444755
  42
1
  10
43.30708661417323
  20
-111.88722377444755
  42
1
  0
HATCH
  5
2291
  100
AcDbEntity
  8
Multi-Layer
  100
AcDbHatch
  10
0
  20
0
  30
0
  210
0
  220
0
  230
1
  2
SOLID
  70
1
  71
0
  91
1
  92
7
  72
1
  73
1
  93
2
  10
41.78308356616713
  20
-111.88722377444755
  42
1
  10
43.30708661417322
  20
-111.88722377444755
  42
1
  97
1
  330
2290
  75
0
  76
1
  47
0.8681437583925616
  98
1
  10
3.629517071192367
  20
33.92795499968543
  450
0
  451
0
  460
0
  461
0
  452
1
  462
1
  453
2
  463
0
  63
5
  421
255
  463
1
  63
7
  421
16777215
  470
LINEAR
  1001
ACAD
  1010
0
  1020
0
  1030
0
  0
LWPOLYLINE
  5
2292
  100
AcDbEntity
  8
Multi-Layer
  100
AcDbPolyline
  90
2
  70
1
  43
0
  10
41.78308356616713
  20
-111.88722377444755
  42
1
  10
43.30708661417323
  20
-111.88722377444755
  42
1
  0
HATCH
  5
2297
  100
AcDbEntity
  8
Multi-Layer
  100
AcDbHatch
  10
0
  20
0
  30
0
  210
0
  220
0
  230
1
  2
SOLID
  70
1
  71
0
  91
1
  92
7
  72
1
  73
1
  93
2
  10
44.32308864617729
  20
-111.88722377444755
  42
1
  10
45.84709169418338
  20
-111.88722377444755
  42
1
  97
1
  330
2296
  75
0
  76
1
  47
0.8681437583925616
  98
1
  10
3.629517071192367
  20
33.92795499968543
  450
0
  451
0
  460
0
  461
0
  452
1
  462
1
  453
2
  463
0
  63
5
  421
255
  463
1
  63
7
  421
16777215
  470
LINEAR
  1001
ACAD
  1010
0
  1020
0
  1030
0
  0
LWPOLYLINE
  5
2298
  100
AcDbEntity
  8
Multi-Layer
  100
AcDbPolyline
  90
2
  70
1
  43
0
  10
44.32308864617729
  20
-111.88722377444755
  42
1
  10
45.84709169418338
  20
-111.88722377444755
  42
1
  0
HATCH
  5
2300
  100
AcDbEntity
  8
Multi-Layer
  100
AcDbHatch
  10
0
  20
0
  30
0
  210
0
  220
0
  230
1
  2
SOLID
  70
1
  71
0
  91
1
  92
7
  72
1
  73
1
  93
2
  10
44.32308864617729
  20
-111.88722377444755
  42
1
  10
45.84709169418338
  20
-111.88722377444755
  42
1
  97
1
  330
2299
  75
0
  76
1
  47
0.8681437583925616
  98
1
  10
3.629517071192367
  20
33.92795499968543
  450
0
  451
0
  460
0
  461
0
  452
1
  462
1
  453
2
  463
0
  63
5
  421
255
  463
1
  63
7
  421
16777215
  470
LINEAR
  1001
ACAD
  1010
0
  1020
0
  1030
0
  0
LWPOLYLINE
  5
2301
  100
AcDbEntity
  8
Multi-Layer
  100
AcDbPolyline
  90
2
  70
1
  43
0
  10
44.32308864617729
  20
-111.88722377444755
  42
1
  10
45.84709169418338
  20
-111.88722377444755
  42
1
  0
HATCH
  5
2303
  100
AcDbEntity
  8
Multi-Layer
  100
AcDbHatch
  10
0
  20
0
  30
0
  210
0
  220
0
  230
1
  2
SOLID
  70
1
  71
0
  91
1
  92
7
  72
1
  73
1
  93
2
  10
44.32308864617729
  20
-111.88722377444755
  42
1
  10
45.84709169418338
  20
-111.88722377444755
  42
1
  97
1
  330
2302
  75
0
  76
1
  47
0.8681437583925616
  98
1
  10
3.629517071192367
  20
33.92795499968543
  450
0
  451
0
  460
0
  461
0
  452
1
  462
1
  453
2
  463
0
  63
5
  421
255
  463
1
  63
7
  421
16777215
  470
LINEAR
  1001
ACAD
  1010
0
  1020
0
  1030
0
  0
LWPOLYLINE
  5
2304
  100
AcDbEntity
  8
Multi-Layer
  100
AcDbPolyline
  90
2
  70
1
  43
0
  10
44.32308864617729
  20
-111.88722377444755
  42
1
  10
45.84709169418338
  20
-111.88722377444755
  42
1
  0
HATCH
  5
2309
  100
AcDbEntity
  8
Multi-Layer
  100
AcDbHatch
  10
0
  20
0
  30
0
  210
0
  220
0
  230
1
  2
SOLID
  70
1
  71
0
  91
1
  92
7
  72
1
  73
1
  93
2
  10
46.86309372618745
  20
-111.88722377444755
  42
1
  10
48.387096774193544
  20
-111.88722377444755
  42
1
  97
1
  330
2308
  75
0
  76
1
  47
0.8681437583925616
  98
1
  10
3.629517071192367
  20
33.92795499968543
  450
0
  451
0
  460
0
  461
0
  452
1
  462
1
  453
2
  463
0
  63
5
  421
255
  463
1
  63
7
  421
16777215
  470
LINEAR
  1001
ACAD
  1010
0
  1020
0
  1030
0
  0
LWPOLYLINE
  5
2310
  100
AcDbEntity
  8
Multi-Layer
  100
AcDbPolyline
  90
2
  70
1
  43
0
  10
46.86309372618745
  20
-111.88722377444755
  42
1
  10
48.387096774193544
  20
-111.88722377444755
  42
1
  0
HATCH
  5
2312
  100
AcDbEntity
  8
Multi-Layer
  100
AcDbHatch
  10
0
  20
0
  30
0
  210
0
  220
0
  230
1
  2
SOLID
  70
1
  71
0
  91
1
  92
7
  72
1
  73
1
  93
2
  10
46.86309372618745
  20
-111.88722377444755
  42
1
  10
48.387096774193544
  20
-111.88722377444755
  42
1
  97
1
  330
2311
  75
0
  76
1
  47
0.8681437583925616
  98
1
  10
3.629517071192367
  20
33.92795499968543
  450
0
  451
0
  460
0
  461
0
  452
1
  462
1
  453
2
  463
0
  63
5
  421
255
  463
1
  63
7
  421
16777215
  470
LINEAR
  1001
ACAD
  1010
0
  1020
0
  1030
0
  0
LWPOLYLINE
  5
2313
  100
AcDbEntity
  8
Multi-Layer
  100
AcDbPolyline
  90
2
  70
1
  43
0
  10
46.86309372618745
  20
-111.88722377444755
  42
1
  10
48.387096774193544
  20
-111.88722377444755
  42
1
  0
HATCH
  5
2315
  100
AcDbEntity
  8
Multi-Layer
  100
AcDbHatch
  10
0
  20
0
  30
0
  210
0
  220
0
  230
1
  2
SOLID
  70
1
  71
0
  91
1
  92
7
  72
1
  73
1
  93
2
  10
46.86309372618745
  20
-111.88722377444755
  42
1
  10
48.387096774193544
  20
-111.88722377444755
  42
1
  97
1
  330
2314
  75
0
  76
1
  47
0.8681437583925616
  98
1
  10
3.629517071192367
  20
33.92795499968543
  450
0
  451
0
  460
0
  461
0
  452
1
  462
1
  453
2
  463
0
  63
5
  421
255
  463
1
  63
7
  421
16777215
  470
LINEAR
  1001
ACAD
  1010
0
  1020
0
  1030
0
  0
LWPOLYLINE
  5
2316
  100
AcDbEntity
  8
Multi-Layer
  100
AcDbPolyline
  90
2
  70
1
  43
0
  10
46.86309372618745
  20
-111.88722377444755
  42
1
  10
48.387096774193544
  20
-111.88722377444755
  42
1
  0
HATCH
  5
2321
  100
AcDbEntity
  8
Multi-Layer
  100
AcDbHatch
  10
0
  20
0
  30
0
  210
0
  220
0
  230
1
  2
SOLID
  70
1
  71
0
  91
1
  92
7
  72
1
  73
1
  93
2
  10
49.40309880619761
  20
-111.88722377444756
  42
1
  10
50.927101854203705
  20
-111.88722377444756
  42
1
  97
1
  330
2320
  75
0
  76
1
  47
0.8681437583925616
  98
1
  10
3.629517071192367
  20
33.92795499968543
  450
0
  451
0
  460
0
  461
0
  452
1
  462
1
  453
2
  463
0
  63
5
  421
255
  463
1
  63
7
  421
16777215
  470
LINEAR
  1001
ACAD
  1010
0
  1020
0
  1030
0
  0
LWPOLYLINE
  5
2322
  100
AcDbEntity
  8
Multi-Layer
  100
AcDbPolyline
  90
2
  70
1
  43
0
  10
49.40309880619761
  20
-111.88722377444756
  42
1
  10
50.927101854203705
  20
-111.88722377444756
  42
1
  0
HATCH
  5
2324
  100
AcDbEntity
  8
Multi-Layer
  100
AcDbHatch
  10
0
  20
0
  30
0
  210
0
  220
0
  230
1
  2
SOLID
  70
1
  71
0
  91
1
  92
7
  72
1
  73
1
  93
2
  10
49.40309880619761
  20
-111.88722377444756
  42
1
  10
50.927101854203705
  20
-111.88722377444756
  42
1
  97
1
  330
2323
  75
0
  76
1
  47
0.8681437583925616
  98
1
  10
3.629517071192367
  20
33.92795499968543
  450
0
  451
0
  460
0
  461
0
  452
1
  462
1
  453
2
  463
0
  63
5
  421
255
  463
1
  63
7
  421
16777215
  470
LINEAR
  1001
ACAD
  1010
0
  1020
0
  1030
0
  0
LWPOLYLINE
  5
2325
  100
AcDbEntity
  8
Multi-Layer
  100
AcDbPolyline
  90
2
  70
1
  43
0
  10
49.40309880619761
  20
-111.88722377444756
  42
1
  10
50.927101854203705
  20
-111.88722377444756
  42
1
  0
HATCH
  5
2327
  100
AcDbEntity
  8
Multi-Layer
  100
AcDbHatch
  10
0
  20
0
  30
0
  210
0
  220
0
  230
1
  2
SOLID
  70
1
  71
0
  91
1
  92
7
  72
1
  73
1
  93
2
  10
49.40309880619761
  20
-111.88722377444756
  42
1
  10
50.927101854203705
  20
-111.88722377444756
  42
1
  97
1
  330
2326
  75
0
  76
1
  47
0.8681437583925616
  98
1
  10
3.629517071192367
  20
33.92795499968543
  450
0
  451
0
  460
0
  461
0
  452
1
  462
1
  453
2
  463
0
  63
5
  421
255
  463
1
  63
7
  421
16777215
  470
LINEAR
  1001
ACAD
  1010
0
  1020
0
  1030
0
  0
LWPOLYLINE
  5
2328
  100
AcDbEntity
  8
Multi-Layer
  100
AcDbPolyline
  90
2
  70
1
  43
0
  10
49.40309880619761
  20
-111.88722377444756
  42
1
  10
50.927101854203705
  20
-111.88722377444756
  42
1
  0
HATCH
  5
2333
  100
AcDbEntity
  8
Multi-Layer
  100
AcDbHatch
  10
0
  20
0
  30
0
  210
0
  220
0
  230
1
  2
SOLID
  70
1
  71
0
  91
1
  92
7
  72
1
  73
1
  93
2
  10
51.94310388620777
  20
-111.88722377444756
  42
1
  10
53.46710693421387
  20
-111.88722377444756
  42
1
  97
1
  330
2332
  75
0
  76
1
  47
0.8681437583925616
  98
1
  10
3.629517071192367
  20
33.92795499968543
  450
0
  451
0
  460
0
  461
0
  452
1
  462
1
  453
2
  463
0
  63
5
  421
255
  463
1
  63
7
  421
16777215
  470
LINEAR
  1001
ACAD
  1010
0
  1020
0
  1030
0
  0
LWPOLYLINE
  5
2334
  100
AcDbEntity
  8
Multi-Layer
  100
AcDbPolyline
  90
2
  70
1
  43
0
  10
51.94310388620777
  20
-111.88722377444756
  42
1
  10
53.46710693421387
  20
-111.88722377444756
  42
1
  0
HATCH
  5
2336
  100
AcDbEntity
  8
Multi-Layer
  100
AcDbHatch
  10
0
  20
0
  30
0
  210
0
  220
0
  230
1
  2
SOLID
  70
1
  71
0
  91
1
  92
7
  72
1
  73
1
  93
2
  10
51.94310388620777
  20
-111.88722377444756
  42
1
  10
53.46710693421387
  20
-111.88722377444756
  42
1
  97
1
  330
2335
  75
0
  76
1
  47
0.8681437583925616
  98
1
  10
3.629517071192367
  20
33.92795499968543
  450
0
  451
0
  460
0
  461
0
  452
1
  462
1
  453
2
  463
0
  63
5
  421
255
  463
1
  63
7
  421
16777215
  470
LINEAR
  1001
ACAD
  1010
0
  1020
0
  1030
0
  0
LWPOLYLINE
  5
2337
  100
AcDbEntity
  8
Multi-Layer
  100
AcDbPolyline
  90
2
  70
1
  43
0
  10
51.94310388620777
  20
-111.88722377444756
  42
1
  10
53.46710693421387
  20
-111.88722377444756
  42
1
  0
HATCH
  5
2339
  100
AcDbEntity
  8
Multi-Layer
  100
AcDbHatch
  10
0
  20
0
  30
0
  210
0
  220
0
  230
1
  2
SOLID
  70
1
  71
0
  91
1
  92
7
  72
1
  73
1
  93
2
  10
51.94310388620777
  20
-111.88722377444756
  42
1
  10
53.46710693421387
  20
-111.88722377444756
  42
1
  97
1
  330
2338
  75
0
  76
1
  47
0.8681437583925616
  98
1
  10
3.629517071192367
  20
33.92795499968543
  450
0
  451
0
  460
0
  461
0
  452
1
  462
1
  453
2
  463
0
  63
5
  421
255
  463
1
  63
7
  421
16777215
  470
LINEAR
  1001
ACAD
  1010
0
  1020
0
  1030
0
  0
LWPOLYLINE
  5
2340
  100
AcDbEntity
  8
Multi-Layer
  100
AcDbPolyline
  90
2
  70
1
  43
0
  10
51.94310388620777
  20
-111.88722377444756
  42
1
  10
53.46710693421387
  20
-111.88722377444756
  42
1
  0
HATCH
  5
2345
  100
AcDbEntity
  8
Multi-Layer
  100
AcDbHatch
  10
0
  20
0
  30
0
  210
0
  220
0
  230
1
  2
SOLID
  70
1
  71
0
  91
1
  92
7
  72
1
  73
1
  93
2
  10
54.483108966217934
  20
-111.88722377444756
  42
1
  10
56.00711201422403
  20
-111.88722377444756
  42
1
  97
1
  330
2344
  75
0
  76
1
  47
0.8681437583925616
  98
1
  10
3.629517071192367
  20
33.92795499968543
  450
0
  451
0
  460
0
  461
0
  452
1
  462
1
  453
2
  463
0
  63
5
  421
255
  463
1
  63
7
  421
16777215
  470
LINEAR
  1001
ACAD
  1010
0
  1020
0
  1030
0
  0
LWPOLYLINE
  5
2346
  100
AcDbEntity
  8
Multi-Layer
  100
AcDbPolyline
  90
2
  70
1
  43
0
  10
54.483108966217934
  20
-111.88722377444756
  42
1
  10
56.00711201422403
  20
-111.88722377444756
  42
1
  0
HATCH
  5
2348
  100
AcDbEntity
  8
Multi-Layer
  100
AcDbHatch
  10
0
  20
0
  30
0
  210
0
  220
0
  230
1
  2
SOLID
  70
1
  71
0
  91
1
  92
7
  72
1
  73
1
  93
2
  10
54.483108966217934
  20
-111.88722377444756
  42
1
  10
56.00711201422403
  20
-111.88722377444756
  42
1
  97
1
  330
2347
  75
0
  76
1
  47
0.8681437583925616
  98
1
  10
3.629517071192367
  20
33.92795499968543
  450
0
  451
0
  460
0
  461
0
  452
1
  462
1
  453
2
  463
0
  63
5
  421
255
  463
1
  63
7
  421
16777215
  470
LINEAR
  1001
ACAD
  1010
0
  1020
0
  1030
0
  0
LWPOLYLINE
  5
2349
  100
AcDbEntity
  8
Multi-Layer
  100
AcDbPolyline
  90
2
  70
1
  43
0
  10
54.483108966217934
  20
-111.88722377444756
  42
1
  10
56.00711201422403
  20
-111.88722377444756
  42
1
  0
HATCH
  5
2351
  100
AcDbEntity
  8
Multi-Layer
  100
AcDbHatch
  10
0
  20
0
  30
0
  210
0
  220
0
  230
1
  2
SOLID
  70
1
  71
0
  91
1
  92
7
  72
1
  73
1
  93
2
  10
54.483108966217934
  20
-111.88722377444756
  42
1
  10
56.00711201422403
  20
-111.88722377444756
  42
1
  97
1
  330
2350
  75
0
  76
1
  47
0.8681437583925616
  98
1
  10
3.629517071192367
  20
33.92795499968543
  450
0
  451
0
  460
0
  461
0
  452
1
  462
1
  453
2
  463
0
  63
5
  421
255
  463
1
  63
7
  421
16777215
  470
LINEAR
  1001
ACAD
  1010
0
  1020
0
  1030
0
  0
LWPOLYLINE
  5
2352
  100
AcDbEntity
  8
Multi-Layer
  100
AcDbPolyline
  90
2
  70
1
  43
0
  10
54.483108966217934
  20
-111.88722377444756
  42
1
  10
56.00711201422403
  20
-111.88722377444756
  42
1
  0
HATCH
  5
2357
  100
AcDbEntity
  8
Multi-Layer
  100
AcDbHatch
  10
0
  20
0
  30
0
  210
0
  220
0
  230
1
  2
SOLID
  70
1
  71
0
  91
1
  92
7
  72
1
  73
1
  93
2
  10
57.023114046228095
  20
-111.88722377444755
  42
1
  10
58.54711709423419
  20
-111.88722377444755
  42
1
  97
1
  330
2356
  75
0
  76
1
  47
0.8681437583925616
  98
1
  10
3.629517071192367
  20
33.92795499968543
  450
0
  451
0
  460
0
  461
0
  452
1
  462
1
  453
2
  463
0
  63
5
  421
255
  463
1
  63
7
  421
16777215
  470
LINEAR
  1001
ACAD
  1010
0
  1020
0
  1030
0
  0
LWPOLYLINE
  5
2358
  100
AcDbEntity
  8
Multi-Layer
  100
AcDbPolyline
  90
2
  70
1
  43
0
  10
57.023114046228095
  20
-111.88722377444755
  42
1
  10
58.54711709423419
  20
-111.88722377444755
  42
1
  0
HATCH
  5
2360
  100
AcDbEntity
  8
Multi-Layer
  100
AcDbHatch
  10
0
  20
0
  30
0
  210
0
  220
0
  230
1
  2
SOLID
  70
1
  71
0
  91
1
  92
7
  72
1
  73
1
  93
2
  10
57.023114046228095
  20
-111.88722377444755
  42
1
  10
58.54711709423419
  20
-111.88722377444755
  42
1
  97
1
  330
2359
  75
0
  76
1
  47
0.8681437583925616
  98
1
  10
3.629517071192367
  20
33.92795499968543
  450
0
  451
0
  460
0
  461
0
  452
1
  462
1
  453
2
  463
0
  63
5
  421
255
  463
1
  63
7
  421
16777215
  470
LINEAR
  1001
ACAD
  1010
0
  1020
0
  1030
0
  0
LWPOLYLINE
  5
2361
  100
AcDbEntity
  8
Multi-Layer
  100
AcDbPolyline
  90
2
  70
1
  43
0
  10
57.023114046228095
  20
-111.88722377444755
  42
1
  10
58.54711709423419
  20
-111.88722377444755
  42
1
  0
HATCH
  5
2363
  100
AcDbEntity
  8
Multi-Layer
  100
AcDbHatch
  10
0
  20
0
  30
0
  210
0
  220
0
  230
1
  2
SOLID
  70
1
  71
0
  91
1
  92
7
  72
1
  73
1
  93
2
  10
57.023114046228095
  20
-111.88722377444755
  42
1
  10
58.54711709423419
  20
-111.88722377444755
  42
1
  97
1
  330
2362
  75
0
  76
1
  47
0.8681437583925616
  98
1
  10
3.629517071192367
  20
33.92795499968543
  450
0
  451
0
  460
0
  461
0
  452
1
  462
1
  453
2
  463
0
  63
5
  421
255
  463
1
  63
7
  421
16777215
  470
LINEAR
  1001
ACAD
  1010
0
  1020
0
  1030
0
  0
LWPOLYLINE
  5
2364
  100
AcDbEntity
  8
Multi-Layer
  100
AcDbPolyline
  90
2
  70
1
  43
0
  10
57.023114046228095
  20
-111.88722377444755
  42
1
  10
58.54711709423419
  20
-111.88722377444755
  42
1
  0
HATCH
  5
2369
  100
AcDbEntity
  8
Multi-Layer
  100
AcDbHatch
  10
0
  20
0
  30
0
  210
0
  220
0
  230
1
  2
SOLID
  70
1
  71
0
  91
1
  92
7
  72
1
  73
1
  93
2
  10
59.563119126238256
  20
-111.88722377444755
  42
1
  10
61.08712217424435
  20
-111.88722377444755
  42
1
  97
1
  330
2368
  75
0
  76
1
  47
0.8681437583925616
  98
1
  10
3.629517071192367
  20
33.92795499968543
  450
0
  451
0
  460
0
  461
0
  452
1
  462
1
  453
2
  463
0
  63
5
  421
255
  463
1
  63
7
  421
16777215
  470
LINEAR
  1001
ACAD
  1010
0
  1020
0
  1030
0
  0
LWPOLYLINE
  5
2370
  100
AcDbEntity
  8
Multi-Layer
  100
AcDbPolyline
  90
2
  70
1
  43
0
  10
59.563119126238256
  20
-111.88722377444755
  42
1
  10
61.08712217424435
  20
-111.88722377444755
  42
1
  0
HATCH
  5
2372
  100
AcDbEntity
  8
Multi-Layer
  100
AcDbHatch
  10
0
  20
0
  30
0
  210
0
  220
0
  230
1
  2
SOLID
  70
1
  71
0
  91
1
  92
7
  72
1
  73
1
  93
2
  10
59.563119126238256
  20
-111.88722377444755
  42
1
  10
61.08712217424435
  20
-111.88722377444755
  42
1
  97
1
  330
2371
  75
0
  76
1
  47
0.8681437583925616
  98
1
  10
3.629517071192367
  20
33.92795499968543
  450
0
  451
0
  460
0
  461
0
  452
1
  462
1
  453
2
  463
0
  63
5
  421
255
  463
1
  63
7
  421
16777215
  470
LINEAR
  1001
ACAD
  1010
0
  1020
0
  1030
0
  0
LWPOLYLINE
  5
2373
  100
AcDbEntity
  8
Multi-Layer
  100
AcDbPolyline
  90
2
  70
1
  43
0
  10
59.563119126238256
  20
-111.88722377444755
  42
1
  10
61.08712217424435
  20
-111.88722377444755
  42
1
  0
HATCH
  5
2375
  100
AcDbEntity
  8
Multi-Layer
  100
AcDbHatch
  10
0
  20
0
  30
0
  210
0
  220
0
  230
1
  2
SOLID
  70
1
  71
0
  91
1
  92
7
  72
1
  73
1
  93
2
  10
59.563119126238256
  20
-111.88722377444755
  42
1
  10
61.08712217424435
  20
-111.88722377444755
  42
1
  97
1
  330
2374
  75
0
  76
1
  47
0.8681437583925616
  98
1
  10
3.629517071192367
  20
33.92795499968543
  450
0
  451
0
  460
0
  461
0
  452
1
  462
1
  453
2
  463
0
  63
5
  421
255
  463
1
  63
7
  421
16777215
  470
LINEAR
  1001
ACAD
  1010
0
  1020
0
  1030
0
  0
LWPOLYLINE
  5
2376
  100
AcDbEntity
  8
Multi-Layer
  100
AcDbPolyline
  90
2
  70
1
  43
0
  10
59.563119126238256
  20
-111.88722377444755
  42
1
  10
61.08712217424435
  20
-111.88722377444755
  42
1
  0
HATCH
  5
2381
  100
AcDbEntity
  8
Multi-Layer
  100
AcDbHatch
  10
0
  20
0
  30
0
  210
0
  220
0
  230
1
  2
SOLID
  70
1
  71
0
  91
1
  92
7
  72
1
  73
1
  93
2
  10
62.10312420624842
  20
-111.88722377444755
  42
1
  10
63.62712725425451
  20
-111.88722377444755
  42
1
  97
1
  330
2380
  75
0
  76
1
  47
0.8681437583925616
  98
1
  10
3.629517071192367
  20
33.92795499968543
  450
0
  451
0
  460
0
  461
0
  452
1
  462
1
  453
2
  463
0
  63
5
  421
255
  463
1
  63
7
  421
16777215
  470
LINEAR
  1001
ACAD
  1010
0
  1020
0
  1030
0
  0
LWPOLYLINE
  5
2382
  100
AcDbEntity
  8
Multi-Layer
  100
AcDbPolyline
  90
2
  70
1
  43
0
  10
62.10312420624841
  20
-111.88722377444755
  42
1
  10
63.62712725425451
  20
-111.88722377444755
  42
1
  0
HATCH
  5
2384
  100
AcDbEntity
  8
Multi-Layer
  100
AcDbHatch
  10
0
  20
0
  30
0
  210
0
  220
0
  230
1
  2
SOLID
  70
1
  71
0
  91
1
  92
7
  72
1
  73
1
  93
2
  10
62.10312420624842
  20
-111.88722377444755
  42
1
  10
63.62712725425451
  20
-111.88722377444755
  42
1
  97
1
  330
2383
  75
0
  76
1
  47
0.8681437583925616
  98
1
  10
3.629517071192367
  20
33.92795499968543
  450
0
  451
0
  460
0
  461
0
  452
1
  462
1
  453
2
  463
0
  63
5
  421
255
  463
1
  63
7
  421
16777215
  470
LINEAR
  1001
ACAD
  1010
0
  1020
0
  1030
0
  0
LWPOLYLINE
  5
2385
  100
AcDbEntity
  8
Multi-Layer
  100
AcDbPolyline
  90
2
  70
1
  43
0
  10
62.10312420624841
  20
-111.88722377444755
  42
1
  10
63.62712725425451
  20
-111.88722377444755
  42
1
  0
HATCH
  5
2387
  100
AcDbEntity
  8
Multi-Layer
  100
AcDbHatch
  10
0
  20
0
  30
0
  210
0
  220
0
  230
1
  2
SOLID
  70
1
  71
0
  91
1
  92
7
  72
1
  73
1
  93
2
  10
62.10312420624842
  20
-111.88722377444755
  42
1
  10
63.62712725425451
  20
-111.88722377444755
  42
1
  97
1
  330
2386
  75
0
  76
1
  47
0.8681437583925616
  98
1
  10
3.629517071192367
  20
33.92795499968543
  450
0
  451
0
  460
0
  461
0
  452
1
  462
1
  453
2
  463
0
  63
5
  421
255
  463
1
  63
7
  421
16777215
  470
LINEAR
  1001
ACAD
  1010
0
  1020
0
  1030
0
  0
LWPOLYLINE
  5
2388
  100
AcDbEntity
  8
Multi-Layer
  100
AcDbPolyline
  90
2
  70
1
  43
0
  10
62.10312420624841
  20
-111.88722377444755
  42
1
  10
63.62712725425451
  20
-111.88722377444755
  42
1
  0
HATCH
  5
2393
  100
AcDbEntity
  8
Multi-Layer
  100
AcDbHatch
  10
0
  20
0
  30
0
  210
0
  220
0
  230
1
  2
SOLID
  70
1
  71
0
  91
1
  92
7
  72
1
  73
1
  93
2
  10
64.64312928625857
  20
-111.88722377444755
  42
1
  10
66.16713233426468
  20
-111.88722377444755
  42
1
  97
1
  330
2392
  75
0
  76
1
  47
0.8681437583925616
  98
1
  10
3.629517071192367
  20
33.92795499968543
  450
0
  451
0
  460
0
  461
0
  452
1
  462
1
  453
2
  463
0
  63
5
  421
255
  463
1
  63
7
  421
16777215
  470
LINEAR
  1001
ACAD
  1010
0
  1020
0
  1030
0
  0
LWPOLYLINE
  5
2394
  100
AcDbEntity
  8
Multi-Layer
  100
AcDbPolyline
  90
2
  70
1
  43
0
  10
64.64312928625858
  20
-111.88722377444755
  42
1
  10
66.16713233426468
  20
-111.88722377444755
  42
1
  0
HATCH
  5
2396
  100
AcDbEntity
  8
Multi-Layer
  100
AcDbHatch
  10
0
  20
0
  30
0
  210
0
  220
0
  230
1
  2
SOLID
  70
1
  71
0
  91
1
  92
7
  72
1
  73
1
  93
2
  10
64.64312928625857
  20
-111.88722377444755
  42
1
  10
66.16713233426468
  20
-111.88722377444755
  42
1
  97
1
  330
2395
  75
0
  76
1
  47
0.8681437583925616
  98
1
  10
3.629517071192367
  20
33.92795499968543
  450
0
  451
0
  460
0
  461
0
  452
1
  462
1
  453
2
  463
0
  63
5
  421
255
  463
1
  63
7
  421
16777215
  470
LINEAR
  1001
ACAD
  1010
0
  1020
0
  1030
0
  0
LWPOLYLINE
  5
2397
  100
AcDbEntity
  8
Multi-Layer
  100
AcDbPolyline
  90
2
  70
1
  43
0
  10
64.64312928625858
  20
-111.88722377444755
  42
1
  10
66.16713233426468
  20
-111.88722377444755
  42
1
  0
HATCH
  5
2399
  100
AcDbEntity
  8
Multi-Layer
  100
AcDbHatch
  10
0
  20
0
  30
0
  210
0
  220
0
  230
1
  2
SOLID
  70
1
  71
0
  91
1
  92
7
  72
1
  73
1
  93
2
  10
64.64312928625857
  20
-111.88722377444755
  42
1
  10
66.16713233426468
  20
-111.88722377444755
  42
1
  97
1
  330
2398
  75
0
  76
1
  47
0.8681437583925616
  98
1
  10
3.629517071192367
  20
33.92795499968543
  450
0
  451
0
  460
0
  461
0
  452
1
  462
1
  453
2
  463
0
  63
5
  421
255
  463
1
  63
7
  421
16777215
  470
LINEAR
  1001
ACAD
  1010
0
  1020
0
  1030
0
  0
LWPOLYLINE
  5
2400
  100
AcDbEntity
  8
Multi-Layer
  100
AcDbPolyline
  90
2
  70
1
  43
0
  10
64.64312928625858
  20
-111.88722377444755
  42
1
  10
66.16713233426468
  20
-111.88722377444755
  42
1
  0
HATCH
  5
2405
  100
AcDbEntity
  8
Multi-Layer
  100
AcDbHatch
  10
0
  20
0
  30
0
  210
0
  220
0
  230
1
  2
SOLID
  70
1
  71
0
  91
1
  92
7
  72
1
  73
1
  93
2
  10
67.18313436626873
  20
-111.88722377444755
  42
1
  10
68.70713741427484
  20
-111.88722377444755
  42
1
  97
1
  330
2404
  75
0
  76
1
  47
0.8681437583925616
  98
1
  10
3.629517071192367
  20
33.92795499968543
  450
0
  451
0
  460
0
  461
0
  452
1
  462
1
  453
2
  463
0
  63
5
  421
255
  463
1
  63
7
  421
16777215
  470
LINEAR
  1001
ACAD
  1010
0
  1020
0
  1030
0
  0
LWPOLYLINE
  5
2406
  100
AcDbEntity
  8
Multi-Layer
  100
AcDbPolyline
  90
2
  70
1
  43
0
  10
67.18313436626875
  20
-111.88722377444755
  42
1
  10
68.70713741427484
  20
-111.88722377444755
  42
1
  0
HATCH
  5
2408
  100
AcDbEntity
  8
Multi-Layer
  100
AcDbHatch
  10
0
  20
0
  30
0
  210
0
  220
0
  230
1
  2
SOLID
  70
1
  71
0
  91
1
  92
7
  72
1
  73
1
  93
2
  10
67.18313436626873
  20
-111.88722377444755
  42
1
  10
68.70713741427484
  20
-111.88722377444755
  42
1
  97
1
  330
2407
  75
0
  76
1
  47
0.8681437583925616
  98
1
  10
3.629517071192367
  20
33.92795499968543
  450
0
  451
0
  460
0
  461
0
  452
1
  462
1
  453
2
  463
0
  63
5
  421
255
  463
1
  63
7
  421
16777215
  470
LINEAR
  1001
ACAD
  1010
0
  1020
0
  1030
0
  0
LWPOLYLINE
  5
2409
  100
AcDbEntity
  8
Multi-Layer
  100
AcDbPolyline
  90
2
  70
1
  43
0
  10
67.18313436626875
  20
-111.88722377444755
  42
1
  10
68.70713741427484
  20
-111.88722377444755
  42
1
  0
HATCH
  5
2411
  100
AcDbEntity
  8
Multi-Layer
  100
AcDbHatch
  10
0
  20
0
  30
0
  210
0
  220
0
  230
1
  2
SOLID
  70
1
  71
0
  91
1
  92
7
  72
1
  73
1
  93
2
  10
67.18313436626873
  20
-111.88722377444755
  42
1
  10
68.70713741427484
  20
-111.88722377444755
  42
1
  97
1
  330
2410
  75
0
  76
1
  47
0.8681437583925616
  98
1
  10
3.629517071192367
  20
33.92795499968543
  450
0
  451
0
  460
0
  461
0
  452
1
  462
1
  453
2
  463
0
  63
5
  421
255
  463
1
  63
7
  421
16777215
  470
LINEAR
  1001
ACAD
  1010
0
  1020
0
  1030
0
  0
LWPOLYLINE
  5
2412
  100
AcDbEntity
  8
Multi-Layer
  100
AcDbPolyline
  90
2
  70
1
  43
0
  10
67.18313436626875
  20
-111.88722377444755
  42
1
  10
68.70713741427484
  20
-111.88722377444755
  42
1
  0
HATCH
  5
2417
  100
AcDbEntity
  8
Multi-Layer
  100
AcDbHatch
  10
0
  20
0
  30
0
  210
0
  220
0
  230
1
  2
SOLID
  70
1
  71
0
  91
1
  92
7
  72
1
  73
1
  93
2
  10
69.72313944627889
  20
-111.88722377444755
  42
1
  10
71.247142494285
  20
-111.88722377444755
  42
1
  97
1
  330
2416
  75
0
  76
1
  47
0.8681437583925616
  98
1
  10
3.629517071192367
  20
33.92795499968543
  450
0
  451
0
  460
0
  461
0
  452
1
  462
1
  453
2
  463
0
  63
5
  421
255
  463
1
  63
7
  421
16777215
  470
LINEAR
  1001
ACAD
  1010
0
  1020
0
  1030
0
  0
LWPOLYLINE
  5
2418
  100
AcDbEntity
  8
Multi-Layer
  100
AcDbPolyline
  90
2
  70
1
  43
0
  10
69.7231394462789
  20
-111.88722377444755
  42
1
  10
71.247142494285
  20
-111.88722377444755
  42
1
  0
HATCH
  5
2420
  100
AcDbEntity
  8
Multi-Layer
  100
AcDbHatch
  10
0
  20
0
  30
0
  210
0
  220
0
  230
1
  2
SOLID
  70
1
  71
0
  91
1
  92
7
  72
1
  73
1
  93
2
  10
69.72313944627889
  20
-111.88722377444755
  42
1
  10
71.247142494285
  20
-111.88722377444755
  42
1
  97
1
  330
2419
  75
0
  76
1
  47
0.8681437583925616
  98
1
  10
3.629517071192367
  20
33.92795499968543
  450
0
  451
0
  460
0
  461
0
  452
1
  462
1
  453
2
  463
0
  63
5
  421
255
  463
1
  63
7
  421
16777215
  470
LINEAR
  1001
ACAD
  1010
0
  1020
0
  1030
0
  0
LWPOLYLINE
  5
2421
  100
AcDbEntity
  8
Multi-Layer
  100
AcDbPolyline
  90
2
  70
1
  43
0
  10
69.7231394462789
  20
-111.88722377444755
  42
1
  10
71.247142494285
  20
-111.88722377444755
  42
1
  0
HATCH
  5
2423
  100
AcDbEntity
  8
Multi-Layer
  100
AcDbHatch
  10
0
  20
0
  30
0
  210
0
  220
0
  230
1
  2
SOLID
  70
1
  71
0
  91
1
  92
7
  72
1
  73
1
  93
2
  10
69.72313944627889
  20
-111.88722377444755
  42
1
  10
71.247142494285
  20
-111.88722377444755
  42
1
  97
1
  330
2422
  75
0
  76
1
  47
0.8681437583925616
  98
1
  10
3.629517071192367
  20
33.92795499968543
  450
0
  451
0
  460
0
  461
0
  452
1
  462
1
  453
2
  463
0
  63
5
  421
255
  463
1
  63
7
  421
16777215
  470
LINEAR
  1001
ACAD
  1010
0
  1020
0
  1030
0
  0
LWPOLYLINE
  5
2424
  100
AcDbEntity
  8
Multi-Layer
  100
AcDbPolyline
  90
2
  70
1
  43
0
  10
69.7231394462789
  20
-111.88722377444755
  42
1
  10
71.247142494285
  20
-111.88722377444755
  42
1
  0
HATCH
  5
2429
  100
AcDbEntity
  8
Multi-Layer
  100
AcDbHatch
  10
0
  20
0
  30
0
  210
0
  220
0
  230
1
  2
SOLID
  70
1
  71
0
  91
1
  92
7
  72
1
  73
1
  93
2
  10
72.26314452628905
  20
-111.88722377444756
  42
1
  10
73.78714757429516
  20
-111.88722377444756
  42
1
  97
1
  330
2428
  75
0
  76
1
  47
0.8681437583925616
  98
1
  10
3.629517071192367
  20
33.92795499968543
  450
0
  451
0
  460
0
  461
0
  452
1
  462
1
  453
2
  463
0
  63
5
  421
255
  463
1
  63
7
  421
16777215
  470
LINEAR
  1001
ACAD
  1010
0
  1020
0
  1030
0
  0
LWPOLYLINE
  5
2430
  100
AcDbEntity
  8
Multi-Layer
  100
AcDbPolyline
  90
2
  70
1
  43
0
  10
72.26314452628907
  20
-111.88722377444756
  42
1
  10
73.78714757429516
  20
-111.88722377444756
  42
1
  0
HATCH
  5
2432
  100
AcDbEntity
  8
Multi-Layer
  100
AcDbHatch
  10
0
  20
0
  30
0
  210
0
  220
0
  230
1
  2
SOLID
  70
1
  71
0
  91
1
  92
7
  72
1
  73
1
  93
2
  10
72.26314452628905
  20
-111.88722377444756
  42
1
  10
73.78714757429516
  20
-111.88722377444756
  42
1
  97
1
  330
2431
  75
0
  76
1
  47
0.8681437583925616
  98
1
  10
3.629517071192367
  20
33.92795499968543
  450
0
  451
0
  460
0
  461
0
  452
1
  462
1
  453
2
  463
0
  63
5
  421
255
  463
1
  63
7
  421
16777215
  470
LINEAR
  1001
ACAD
  1010
0
  1020
0
  1030
0
  0
LWPOLYLINE
  5
2433
  100
AcDbEntity
  8
Multi-Layer
  100
AcDbPolyline
  90
2
  70
1
  43
0
  10
72.26314452628907
  20
-111.88722377444756
  42
1
  10
73.78714757429516
  20
-111.88722377444756
  42
1
  0
HATCH
  5
2435
  100
AcDbEntity
  8
Multi-Layer
  100
AcDbHatch
  10
0
  20
0
  30
0
  210
0
  220
0
  230
1
  2
SOLID
  70
1
  71
0
  91
1
  92
7
  72
1
  73
1
  93
2
  10
72.26314452628905
  20
-111.88722377444756
  42
1
  10
73.78714757429516
  20
-111.88722377444756
  42
1
  97
1
  330
2434
  75
0
  76
1
  47
0.8681437583925616
  98
1
  10
3.629517071192367
  20
33.92795499968543
  450
0
  451
0
  460
0
  461
0
  452
1
  462
1
  453
2
  463
0
  63
5
  421
255
  463
1
  63
7
  421
16777215
  470
LINEAR
  1001
ACAD
  1010
0
  1020
0
  1030
0
  0
LWPOLYLINE
  5
2436
  100
AcDbEntity
  8
Multi-Layer
  100
AcDbPolyline
  90
2
  70
1
  43
0
  10
72.26314452628907
  20
-111.88722377444756
  42
1
  10
73.78714757429516
  20
-111.88722377444756
  42
1
  0
HATCH
  5
2441
  100
AcDbEntity
  8
Multi-Layer
  100
AcDbHatch
  10
0
  20
0
  30
0
  210
0
  220
0
  230
1
  2
SOLID
  70
1
  71
0
  91
1
  92
7
  72
1
  73
1
  93
2
  10
74.80314960629921
  20
-111.88722377444756
  42
1
  10
76.32715265430532
  20
-111.88722377444756
  42
1
  97
1
  330
2440
  75
0
  76
1
  47
0.8681437583925616
  98
1
  10
3.629517071192367
  20
33.92795499968543
  450
0
  451
0
  460
0
  461
0
  452
1
  462
1
  453
2
  463
0
  63
5
  421
255
  463
1
  63
7
  421
16777215
  470
LINEAR
  1001
ACAD
  1010
0
  1020
0
  1030
0
  0
LWPOLYLINE
  5
2442
  100
AcDbEntity
  8
Multi-Layer
  100
AcDbPolyline
  90
2
  70
1
  43
0
  10
74.80314960629923
  20
-111.88722377444756
  42
1
  10
76.32715265430532
  20
-111.88722377444756
  42
1
  0
HATCH
  5
2444
  100
AcDbEntity
  8
Multi-Layer
  100
AcDbHatch
  10
0
  20
0
  30
0
  210
0
  220
0
  230
1
  2
SOLID
  70
1
  71
0
  91
1
  92
7
  72
1
  73
1
  93
2
  10
74.80314960629921
  20
-111.88722377444756
  42
1
  10
76.32715265430532
  20
-111.88722377444756
  42
1
  97
1
  330
2443
  75
0
  76
1
  47
0.8681437583925616
  98
1
  10
3.629517071192367
  20
33.92795499968543
  450
0
  451
0
  460
0
  461
0
  452
1
  462
1
  453
2
  463
0
  63
5
  421
255
  463
1
  63
7
  421
16777215
  470
LINEAR
  1001
ACAD
  1010
0
  1020
0
  1030
0
  0
LWPOLYLINE
  5
2445
  100
AcDbEntity
  8
Multi-Layer
  100
AcDbPolyline
  90
2
  70
1
  43
0
  10
74.80314960629923
  20
-111.88722377444756
  42
1
  10
76.32715265430532
  20
-111.88722377444756
  42
1
  0
HATCH
  5
2447
  100
AcDbEntity
  8
Multi-Layer
  100
AcDbHatch
  10
0
  20
0
  30
0
  210
0
  220
0
  230
1
  2
SOLID
  70
1
  71
0
  91
1
  92
7
  72
1
  73
1
  93
2
  10
74.80314960629921
  20
-111.88722377444756
  42
1
  10
76.32715265430532
  20
-111.88722377444756
  42
1
  97
1
  330
2446
  75
0
  76
1
  47
0.8681437583925616
  98
1
  10
3.629517071192367
  20
33.92795499968543
  450
0
  451
0
  460
0
  461
0
  452
1
  462
1
  453
2
  463
0
  63
5
  421
255
  463
1
  63
7
  421
16777215
  470
LINEAR
  1001
ACAD
  1010
0
  1020
0
  1030
0
  0
LWPOLYLINE
  5
2448
  100
AcDbEntity
  8
Multi-Layer
  100
AcDbPolyline
  90
2
  70
1
  43
0
  10
74.80314960629923
  20
-111.88722377444756
  42
1
  10
76.32715265430532
  20
-111.88722377444756
  42
1
  0
HATCH
  5
2453
  100
AcDbEntity
  8
Multi-Layer
  100
AcDbHatch
  10
0
  20
0
  30
0
  210
0
  220
0
  230
1
  2
SOLID
  70
1
  71
0
  91
1
  92
7
  72
1
  73
1
  93
2
  10
77.34315468630938
  20
-111.88722377444756
  42
1
  10
78.86715773431548
  20
-111.88722377444756
  42
1
  97
1
  330
2452
  75
0
  76
1
  47
0.8681437583925616
  98
1
  10
3.629517071192367
  20
33.92795499968543
  450
0
  451
0
  460
0
  461
0
  452
1
  462
1
  453
2
  463
0
  63
5
  421
255
  463
1
  63
7
  421
16777215
  470
LINEAR
  1001
ACAD
  1010
0
  1020
0
  1030
0
  0
LWPOLYLINE
  5
2454
  100
AcDbEntity
  8
Multi-Layer
  100
AcDbPolyline
  90
2
  70
1
  43
0
  10
77.34315468630938
  20
-111.88722377444756
  42
1
  10
78.86715773431548
  20
-111.88722377444756
  42
1
  0
HATCH
  5
2456
  100
AcDbEntity
  8
Multi-Layer
  100
AcDbHatch
  10
0
  20
0
  30
0
  210
0
  220
0
  230
1
  2
SOLID
  70
1
  71
0
  91
1
  92
7
  72
1
  73
1
  93
2
  10
77.34315468630938
  20
-111.88722377444756
  42
1
  10
78.86715773431548
  20
-111.88722377444756
  42
1
  97
1
  330
2455
  75
0
  76
1
  47
0.8681437583925616
  98
1
  10
3.629517071192367
  20
33.92795499968543
  450
0
  451
0
  460
0
  461
0
  452
1
  462
1
  453
2
  463
0
  63
5
  421
255
  463
1
  63
7
  421
16777215
  470
LINEAR
  1001
ACAD
  1010
0
  1020
0
  1030
0
  0
LWPOLYLINE
  5
2457
  100
AcDbEntity
  8
Multi-Layer
  100
AcDbPolyline
  90
2
  70
1
  43
0
  10
77.34315468630938
  20
-111.88722377444756
  42
1
  10
78.86715773431548
  20
-111.88722377444756
  42
1
  0
HATCH
  5
2459
  100
AcDbEntity
  8
Multi-Layer
  100
AcDbHatch
  10
0
  20
0
  30
0
  210
0
  220
0
  230
1
  2
SOLID
  70
1
  71
0
  91
1
  92
7
  72
1
  73
1
  93
2
  10
77.34315468630938
  20
-111.88722377444756
  42
1
  10
78.86715773431548
  20
-111.88722377444756
  42
1
  97
1
  330
2458
  75
0
  76
1
  47
0.8681437583925616
  98
1
  10
3.629517071192367
  20
33.92795499968543
  450
0
  451
0
  460
0
  461
0
  452
1
  462
1
  453
2
  463
0
  63
5
  421
255
  463
1
  63
7
  421
16777215
  470
LINEAR
  1001
ACAD
  1010
0
  1020
0
  1030
0
  0
LWPOLYLINE
  5
2460
  100
AcDbEntity
  8
Multi-Layer
  100
AcDbPolyline
  90
2
  70
1
  43
0
  10
77.34315468630938
  20
-111.88722377444756
  42
1
  10
78.86715773431548
  20
-111.88722377444756
  42
1
  0
HATCH
  5
2465
  100
AcDbEntity
  8
Multi-Layer
  100
AcDbHatch
  10
0
  20
0
  30
0
  210
0
  220
0
  230
1
  2
SOLID
  70
1
  71
0
  91
1
  92
7
  72
1
  73
1
  93
2
  10
79.88315976631954
  20
-111.88722377444756
  42
1
  10
81.40716281432564
  20
-111.88722377444756
  42
1
  97
1
  330
2464
  75
0
  76
1
  47
0.8681437583925616
  98
1
  10
3.629517071192367
  20
33.92795499968543
  450
0
  451
0
  460
0
  461
0
  452
1
  462
1
  453
2
  463
0
  63
5
  421
255
  463
1
  63
7
  421
16777215
  470
LINEAR
  1001
ACAD
  1010
0
  1020
0
  1030
0
  0
LWPOLYLINE
  5
2466
  100
AcDbEntity
  8
Multi-Layer
  100
AcDbPolyline
  90
2
  70
1
  43
0
  10
79.88315976631954
  20
-111.88722377444756
  42
1
  10
81.40716281432564
  20
-111.88722377444756
  42
1
  0
HATCH
  5
2468
  100
AcDbEntity
  8
Multi-Layer
  100
AcDbHatch
  10
0
  20
0
  30
0
  210
0
  220
0
  230
1
  2
SOLID
  70
1
  71
0
  91
1
  92
7
  72
1
  73
1
  93
2
  10
79.88315976631954
  20
-111.88722377444756
  42
1
  10
81.40716281432564
  20
-111.88722377444756
  42
1
  97
1
  330
2467
  75
0
  76
1
  47
0.8681437583925616
  98
1
  10
3.629517071192367
  20
33.92795499968543
  450
0
  451
0
  460
0
  461
0
  452
1
  462
1
  453
2
  463
0
  63
5
  421
255
  463
1
  63
7
  421
16777215
  470
LINEAR
  1001
ACAD
  1010
0
  1020
0
  1030
0
  0
LWPOLYLINE
  5
2469
  100
AcDbEntity
  8
Multi-Layer
  100
AcDbPolyline
  90
2
  70
1
  43
0
  10
79.88315976631954
  20
-111.88722377444756
  42
1
  10
81.40716281432564
  20
-111.88722377444756
  42
1
  0
HATCH
  5
2471
  100
AcDbEntity
  8
Multi-Layer
  100
AcDbHatch
  10
0
  20
0
  30
0
  210
0
  220
0
  230
1
  2
SOLID
  70
1
  71
0
  91
1
  92
7
  72
1
  73
1
  93
2
  10
79.88315976631954
  20
-111.88722377444756
  42
1
  10
81.40716281432564
  20
-111.88722377444756
  42
1
  97
1
  330
2470
  75
0
  76
1
  47
0.8681437583925616
  98
1
  10
3.629517071192367
  20
33.92795499968543
  450
0
  451
0
  460
0
  461
0
  452
1
  462
1
  453
2
  463
0
  63
5
  421
255
  463
1
  63
7
  421
16777215
  470
LINEAR
  1001
ACAD
  1010
0
  1020
0
  1030
0
  0
LWPOLYLINE
  5
2472
  100
AcDbEntity
  8
Multi-Layer
  100
AcDbPolyline
  90
2
  70
1
  43
0
  10
79.88315976631954
  20
-111.88722377444756
  42
1
  10
81.40716281432564
  20
-111.88722377444756
  42
1
  0
HATCH
  5
2477
  100
AcDbEntity
  8
Multi-Layer
  100
AcDbHatch
  10
0
  20
0
  30
0
  210
0
  220
0
  230
1
  2
SOLID
  70
1
  71
0
  91
1
  92
7
  72
1
  73
1
  93
2
  10
82.4231648463297
  20
-111.88722377444756
  42
1
  10
83.9471678943358
  20
-111.88722377444756
  42
1
  97
1
  330
2476
  75
0
  76
1
  47
0.8681437583925616
  98
1
  10
3.629517071192367
  20
33.92795499968543
  450
0
  451
0
  460
0
  461
0
  452
1
  462
1
  453
2
  463
0
  63
5
  421
255
  463
1
  63
7
  421
16777215
  470
LINEAR
  1001
ACAD
  1010
0
  1020
0
  1030
0
  0
LWPOLYLINE
  5
2478
  100
AcDbEntity
  8
Multi-Layer
  100
AcDbPolyline
  90
2
  70
1
  43
0
  10
82.4231648463297
  20
-111.88722377444756
  42
1
  10
83.9471678943358
  20
-111.88722377444756
  42
1
  0
HATCH
  5
2480
  100
AcDbEntity
  8
Multi-Layer
  100
AcDbHatch
  10
0
  20
0
  30
0
  210
0
  220
0
  230
1
  2
SOLID
  70
1
  71
0
  91
1
  92
7
  72
1
  73
1
  93
2
  10
82.4231648463297
  20
-111.88722377444756
  42
1
  10
83.9471678943358
  20
-111.88722377444756
  42
1
  97
1
  330
2479
  75
0
  76
1
  47
0.8681437583925616
  98
1
  10
3.629517071192367
  20
33.92795499968543
  450
0
  451
0
  460
0
  461
0
  452
1
  462
1
  453
2
  463
0
  63
5
  421
255
  463
1
  63
7
  421
16777215
  470
LINEAR
  1001
ACAD
  1010
0
  1020
0
  1030
0
  0
LWPOLYLINE
  5
2481
  100
AcDbEntity
  8
Multi-Layer
  100
AcDbPolyline
  90
2
  70
1
  43
0
  10
82.4231648463297
  20
-111.88722377444756
  42
1
  10
83.9471678943358
  20
-111.88722377444756
  42
1
  0
HATCH
  5
2483
  100
AcDbEntity
  8
Multi-Layer
  100
AcDbHatch
  10
0
  20
0
  30
0
  210
0
  220
0
  230
1
  2
SOLID
  70
1
  71
0
  91
1
  92
7
  72
1
  73
1
  93
2
  10
82.4231648463297
  20
-111.88722377444756
  42
1
  10
83.9471678943358
  20
-111.88722377444756
  42
1
  97
1
  330
2482
  75
0
  76
1
  47
0.8681437583925616
  98
1
  10
3.629517071192367
  20
33.92795499968543
  450
0
  451
0
  460
0
  461
0
  452
1
  462
1
  453
2
  463
0
  63
5
  421
255
  463
1
  63
7
  421
16777215
  470
LINEAR
  1001
ACAD
  1010
0
  1020
0
  1030
0
  0
LWPOLYLINE
  5
2484
  100
AcDbEntity
  8
Multi-Layer
  100
AcDbPolyline
  90
2
  70
1
  43
0
  10
82.4231648463297
  20
-111.88722377444756
  42
1
  10
83.9471678943358
  20
-111.88722377444756
  42
1
  0
HATCH
  5
2489
  100
AcDbEntity
  8
Multi-Layer
  100
AcDbHatch
  10
0
  20
0
  30
0
  210
0
  220
0
  230
1
  2
SOLID
  70
1
  71
0
  91
1
  92
7
  72
1
  73
1
  93
2
  10
84.96316992633986
  20
-111.88722377444756
  42
1
  10
86.48717297434597
  20
-111.88722377444756
  42
1
  97
1
  330
2488
  75
0
  76
1
  47
0.8681437583925616
  98
1
  10
3.629517071192367
  20
33.92795499968543
  450
0
  451
0
  460
0
  461
0
  452
1
  462
1
  453
2
  463
0
  63
5
  421
255
  463
1
  63
7
  421
16777215
  470
LINEAR
  1001
ACAD
  1010
0
  1020
0
  1030
0
  0
LWPOLYLINE
  5
2490
  100
AcDbEntity
  8
Multi-Layer
  100
AcDbPolyline
  90
2
  70
1
  43
0
  10
84.96316992633986
  20
-111.88722377444756
  42
1
  10
86.48717297434597
  20
-111.88722377444756
  42
1
  0
HATCH
  5
2492
  100
AcDbEntity
  8
Multi-Layer
  100
AcDbHatch
  10
0
  20
0
  30
0
  210
0
  220
0
  230
1
  2
SOLID
  70
1
  71
0
  91
1
  92
7
  72
1
  73
1
  93
2
  10
84.96316992633986
  20
-111.88722377444756
  42
1
  10
86.48717297434597
  20
-111.88722377444756
  42
1
  97
1
  330
2491
  75
0
  76
1
  47
0.8681437583925616
  98
1
  10
3.629517071192367
  20
33.92795499968543
  450
0
  451
0
  460
0
  461
0
  452
1
  462
1
  453
2
  463
0
  63
5
  421
255
  463
1
  63
7
  421
16777215
  470
LINEAR
  1001
ACAD
  1010
0
  1020
0
  1030
0
  0
LWPOLYLINE
  5
2493
  100
AcDbEntity
  8
Multi-Layer
  100
AcDbPolyline
  90
2
  70
1
  43
0
  10
84.96316992633986
  20
-111.88722377444756
  42
1
  10
86.48717297434597
  20
-111.88722377444756
  42
1
  0
HATCH
  5
2495
  100
AcDbEntity
  8
Multi-Layer
  100
AcDbHatch
  10
0
  20
0
  30
0
  210
0
  220
0
  230
1
  2
SOLID
  70
1
  71
0
  91
1
  92
7
  72
1
  73
1
  93
2
  10
84.96316992633986
  20
-111.88722377444756
  42
1
  10
86.48717297434597
  20
-111.88722377444756
  42
1
  97
1
  330
2494
  75
0
  76
1
  47
0.8681437583925616
  98
1
  10
3.629517071192367
  20
33.92795499968543
  450
0
  451
0
  460
0
  461
0
  452
1
  462
1
  453
2
  463
0
  63
5
  421
255
  463
1
  63
7
  421
16777215
  470
LINEAR
  1001
ACAD
  1010
0
  1020
0
  1030
0
  0
LWPOLYLINE
  5
2496
  100
AcDbEntity
  8
Multi-Layer
  100
AcDbPolyline
  90
2
  70
1
  43
0
  10
84.96316992633986
  20
-111.88722377444756
  42
1
  10
86.48717297434597
  20
-111.88722377444756
  42
1
  0
HATCH
  5
2501
  100
AcDbEntity
  8
Multi-Layer
  100
AcDbHatch
  10
0
  20
0
  30
0
  210
0
  220
0
  230
1
  2
SOLID
  70
1
  71
0
  91
1
  92
7
  72
1
  73
1
  93
2
  10
87.50317500635002
  20
-111.88722377444756
  42
1
  10
89.02717805435613
  20
-111.88722377444756
  42
1
  97
1
  330
2500
  75
0
  76
1
  47
0.8681437583925616
  98
1
  10
3.629517071192367
  20
33.92795499968543
  450
0
  451
0
  460
0
  461
0
  452
1
  462
1
  453
2
  463
0
  63
5
  421
255
  463
1
  63
7
  421
16777215
  470
LINEAR
  1001
ACAD
  1010
0
  1020
0
  1030
0
  0
LWPOLYLINE
  5
2502
  100
AcDbEntity
  8
Multi-Layer
  100
AcDbPolyline
  90
2
  70
1
  43
0
  10
87.50317500635002
  20
-111.88722377444756
  42
1
  10
89.02717805435611
  20
-111.88722377444756
  42
1
  0
HATCH
  5
2504
  100
AcDbEntity
  8
Multi-Layer
  100
AcDbHatch
  10
0
  20
0
  30
0
  210
0
  220
0
  230
1
  2
SOLID
  70
1
  71
0
  91
1
  92
7
  72
1
  73
1
  93
2
  10
87.50317500635002
  20
-111.88722377444756
  42
1
  10
89.02717805435613
  20
-111.88722377444756
  42
1
  97
1
  330
2503
  75
0
  76
1
  47
0.8681437583925616
  98
1
  10
3.629517071192367
  20
33.92795499968543
  450
0
  451
0
  460
0
  461
0
  452
1
  462
1
  453
2
  463
0
  63
5
  421
255
  463
1
  63
7
  421
16777215
  470
LINEAR
  1001
ACAD
  1010
0
  1020
0
  1030
0
  0
LWPOLYLINE
  5
2505
  100
AcDbEntity
  8
Multi-Layer
  100
AcDbPolyline
  90
2
  70
1
  43
0
  10
87.50317500635002
  20
-111.88722377444756
  42
1
  10
89.02717805435611
  20
-111.88722377444756
  42
1
  0
HATCH
  5
2507
  100
AcDbEntity
  8
Multi-Layer
  100
AcDbHatch
  10
0
  20
0
  30
0
  210
0
  220
0
  230
1
  2
SOLID
  70
1
  71
0
  91
1
  92
7
  72
1
  73
1
  93
2
  10
87.50317500635002
  20
-111.88722377444756
  42
1
  10
89.02717805435613
  20
-111.88722377444756
  42
1
  97
1
  330
2506
  75
0
  76
1
  47
0.8681437583925616
  98
1
  10
3.629517071192367
  20
33.92795499968543
  450
0
  451
0
  460
0
  461
0
  452
1
  462
1
  453
2
  463
0
  63
5
  421
255
  463
1
  63
7
  421
16777215
  470
LINEAR
  1001
ACAD
  1010
0
  1020
0
  1030
0
  0
LWPOLYLINE
  5
2508
  100
AcDbEntity
  8
Multi-Layer
  100
AcDbPolyline
  90
2
  70
1
  43
0
  10
87.50317500635002
  20
-111.88722377444756
  42
1
  10
89.02717805435611
  20
-111.88722377444756
  42
1
  0
HATCH
  5
2513
  100
AcDbEntity
  8
Multi-Layer
  100
AcDbHatch
  10
0
  20
0
  30
0
  210
0
  220
0
  230
1
  2
SOLID
  70
1
  71
0
  91
1
  92
7
  72
1
  73
1
  93
2
  10
90.04318008636018
  20
-111.88722377444756
  42
1
  10
91.56718313436629
  20
-111.88722377444756
  42
1
  97
1
  330
2512
  75
0
  76
1
  47
0.8681437583925616
  98
1
  10
3.629517071192367
  20
33.92795499968543
  450
0
  451
0
  460
0
  461
0
  452
1
  462
1
  453
2
  463
0
  63
5
  421
255
  463
1
  63
7
  421
16777215
  470
LINEAR
  1001
ACAD
  1010
0
  1020
0
  1030
0
  0
LWPOLYLINE
  5
2514
  100
AcDbEntity
  8
Multi-Layer
  100
AcDbPolyline
  90
2
  70
1
  43
0
  10
90.04318008636018
  20
-111.88722377444756
  42
1
  10
91.56718313436627
  20
-111.88722377444756
  42
1
  0
HATCH
  5
2516
  100
AcDbEntity
  8
Multi-Layer
  100
AcDbHatch
  10
0
  20
0
  30
0
  210
0
  220
0
  230
1
  2
SOLID
  70
1
  71
0
  91
1
  92
7
  72
1
  73
1
  93
2
  10
90.04318008636018
  20
-111.88722377444756
  42
1
  10
91.56718313436629
  20
-111.88722377444756
  42
1
  97
1
  330
2515
  75
0
  76
1
  47
0.8681437583925616
  98
1
  10
3.629517071192367
  20
33.92795499968543
  450
0
  451
0
  460
0
  461
0
  452
1
  462
1
  453
2
  463
0
  63
5
  421
255
  463
1
  63
7
  421
16777215
  470
LINEAR
  1001
ACAD
  1010
0
  1020
0
  1030
0
  0
LWPOLYLINE
  5
2517
  100
AcDbEntity
  8
Multi-Layer
  100
AcDbPolyline
  90
2
  70
1
  43
0
  10
90.04318008636018
  20
-111.88722377444756
  42
1
  10
91.56718313436627
  20
-111.88722377444756
  42
1
  0
HATCH
  5
2519
  100
AcDbEntity
  8
Multi-Layer
  100
AcDbHatch
  10
0
  20
0
  30
0
  210
0
  220
0
  230
1
  2
SOLID
  70
1
  71
0
  91
1
  92
7
  72
1
  73
1
  93
2
  10
90.04318008636018
  20
-111.88722377444756
  42
1
  10
91.56718313436629
  20
-111.88722377444756
  42
1
  97
1
  330
2518
  75
0
  76
1
  47
0.8681437583925616
  98
1
  10
3.629517071192367
  20
33.92795499968543
  450
0
  451
0
  460
0
  461
0
  452
1
  462
1
  453
2
  463
0
  63
5
  421
255
  463
1
  63
7
  421
16777215
  470
LINEAR
  1001
ACAD
  1010
0
  1020
0
  1030
0
  0
LWPOLYLINE
  5
2520
  100
AcDbEntity
  8
Multi-Layer
  100
AcDbPolyline
  90
2
  70
1
  43
0
  10
90.04318008636018
  20
-111.88722377444756
  42
1
  10
91.56718313436627
  20
-111.88722377444756
  42
1
  0
HATCH
  5
2525
  100
AcDbEntity
  8
Multi-Layer
  100
AcDbHatch
  10
0
  20
0
  30
0
  210
0
  220
0
  230
1
  2
SOLID
  70
1
  71
0
  91
1
  92
7
  72
1
  73
1
  93
2
  10
92.58318516637034
  20
-111.88722377444756
  42
1
  10
94.10718821437645
  20
-111.88722377444756
  42
1
  97
1
  330
2524
  75
0
  76
1
  47
0.8681437583925616
  98
1
  10
3.629517071192367
  20
33.92795499968543
  450
0
  451
0
  460
0
  461
0
  452
1
  462
1
  453
2
  463
0
  63
5
  421
255
  463
1
  63
7
  421
16777215
  470
LINEAR
  1001
ACAD
  1010
0
  1020
0
  1030
0
  0
LWPOLYLINE
  5
2526
  100
AcDbEntity
  8
Multi-Layer
  100
AcDbPolyline
  90
2
  70
1
  43
0
  10
92.58318516637034
  20
-111.88722377444756
  42
1
  10
94.10718821437644
  20
-111.88722377444756
  42
1
  0
HATCH
  5
2528
  100
AcDbEntity
  8
Multi-Layer
  100
AcDbHatch
  10
0
  20
0
  30
0
  210
0
  220
0
  230
1
  2
SOLID
  70
1
  71
0
  91
1
  92
7
  72
1
  73
1
  93
2
  10
92.58318516637034
  20
-111.88722377444756
  42
1
  10
94.10718821437645
  20
-111.88722377444756
  42
1
  97
1
  330
2527
  75
0
  76
1
  47
0.8681437583925616
  98
1
  10
3.629517071192367
  20
33.92795499968543
  450
0
  451
0
  460
0
  461
0
  452
1
  462
1
  453
2
  463
0
  63
5
  421
255
  463
1
  63
7
  421
16777215
  470
LINEAR
  1001
ACAD
  1010
0
  1020
0
  1030
0
  0
LWPOLYLINE
  5
2529
  100
AcDbEntity
  8
Multi-Layer
  100
AcDbPolyline
  90
2
  70
1
  43
0
  10
92.58318516637034
  20
-111.88722377444756
  42
1
  10
94.10718821437644
  20
-111.88722377444756
  42
1
  0
HATCH
  5
2531
  100
AcDbEntity
  8
Multi-Layer
  100
AcDbHatch
  10
0
  20
0
  30
0
  210
0
  220
0
  230
1
  2
SOLID
  70
1
  71
0
  91
1
  92
7
  72
1
  73
1
  93
2
  10
92.58318516637034
  20
-111.88722377444756
  42
1
  10
94.10718821437645
  20
-111.88722377444756
  42
1
  97
1
  330
2530
  75
0
  76
1
  47
0.8681437583925616
  98
1
  10
3.629517071192367
  20
33.92795499968543
  450
0
  451
0
  460
0
  461
0
  452
1
  462
1
  453
2
  463
0
  63
5
  421
255
  463
1
  63
7
  421
16777215
  470
LINEAR
  1001
ACAD
  1010
0
  1020
0
  1030
0
  0
LWPOLYLINE
  5
2532
  100
AcDbEntity
  8
Multi-Layer
  100
AcDbPolyline
  90
2
  70
1
  43
0
  10
92.58318516637034
  20
-111.88722377444756
  42
1
  10
94.10718821437644
  20
-111.88722377444756
  42
1
  0
HATCH
  5
2537
  100
AcDbEntity
  8
Multi-Layer
  100
AcDbHatch
  10
0
  20
0
  30
0
  210
0
  220
0
  230
1
  2
SOLID
  70
1
  71
0
  91
1
  92
7
  72
1
  73
1
  93
2
  10
46.86309372618745
  20
-99.18719837439674
  42
1
  10
48.387096774193544
  20
-99.18719837439674
  42
1
  97
1
  330
2536
  75
0
  76
1
  47
0.8681437583925616
  98
1
  10
3.629517071192367
  20
33.92795499968543
  450
0
  451
0
  460
0
  461
0
  452
1
  462
1
  453
2
  463
0
  63
5
  421
255
  463
1
  63
7
  421
16777215
  470
LINEAR
  1001
ACAD
  1010
0
  1020
0
  1030
0
  0
LWPOLYLINE
  5
2538
  100
AcDbEntity
  8
Multi-Layer
  100
AcDbPolyline
  90
2
  70
1
  43
0
  10
46.86309372618745
  20
-99.18719837439674
  42
1
  10
48.387096774193544
  20
-99.18719837439674
  42
1
  0
HATCH
  5
2540
  100
AcDbEntity
  8
Multi-Layer
  100
AcDbHatch
  10
0
  20
0
  30
0
  210
0
  220
0
  230
1
  2
SOLID
  70
1
  71
0
  91
1
  92
7
  72
1
  73
1
  93
2
  10
46.86309372618745
  20
-99.18719837439674
  42
1
  10
48.387096774193544
  20
-99.18719837439674
  42
1
  97
1
  330
2539
  75
0
  76
1
  47
0.8681437583925616
  98
1
  10
3.629517071192367
  20
33.92795499968543
  450
0
  451
0
  460
0
  461
0
  452
1
  462
1
  453
2
  463
0
  63
5
  421
255
  463
1
  63
7
  421
16777215
  470
LINEAR
  1001
ACAD
  1010
0
  1020
0
  1030
0
  0
LWPOLYLINE
  5
2541
  100
AcDbEntity
  8
Multi-Layer
  100
AcDbPolyline
  90
2
  70
1
  43
0
  10
46.86309372618745
  20
-99.18719837439674
  42
1
  10
48.387096774193544
  20
-99.18719837439674
  42
1
  0
HATCH
  5
2543
  100
AcDbEntity
  8
Multi-Layer
  100
AcDbHatch
  10
0
  20
0
  30
0
  210
0
  220
0
  230
1
  2
SOLID
  70
1
  71
0
  91
1
  92
7
  72
1
  73
1
  93
2
  10
46.86309372618745
  20
-99.18719837439674
  42
1
  10
48.387096774193544
  20
-99.18719837439674
  42
1
  97
1
  330
2542
  75
0
  76
1
  47
0.8681437583925616
  98
1
  10
3.629517071192367
  20
33.92795499968543
  450
0
  451
0
  460
0
  461
0
  452
1
  462
1
  453
2
  463
0
  63
5
  421
255
  463
1
  63
7
  421
16777215
  470
LINEAR
  1001
ACAD
  1010
0
  1020
0
  1030
0
  0
LWPOLYLINE
  5
2544
  100
AcDbEntity
  8
Multi-Layer
  100
AcDbPolyline
  90
2
  70
1
  43
0
  10
46.86309372618745
  20
-99.18719837439674
  42
1
  10
48.387096774193544
  20
-99.18719837439674
  42
1
  0
HATCH
  5
2549
  100
AcDbEntity
  8
Multi-Layer
  100
AcDbHatch
  10
0
  20
0
  30
0
  210
0
  220
0
  230
1
  2
SOLID
  70
1
  71
0
  91
1
  92
7
  72
1
  73
1
  93
2
  10
46.86309372618745
  20
-101.7272034544069
  42
1
  10
48.387096774193544
  20
-101.7272034544069
  42
1
  97
1
  330
2548
  75
0
  76
1
  47
0.8681437583925616
  98
1
  10
3.629517071192367
  20
33.92795499968543
  450
0
  451
0
  460
0
  461
0
  452
1
  462
1
  453
2
  463
0
  63
5
  421
255
  463
1
  63
7
  421
16777215
  470
LINEAR
  1001
ACAD
  1010
0
  1020
0
  1030
0
  0
LWPOLYLINE
  5
2550
  100
AcDbEntity
  8
Multi-Layer
  100
AcDbPolyline
  90
2
  70
1
  43
0
  10
46.86309372618745
  20
-101.7272034544069
  42
1
  10
48.387096774193544
  20
-101.7272034544069
  42
1
  0
HATCH
  5
2552
  100
AcDbEntity
  8
Multi-Layer
  100
AcDbHatch
  10
0
  20
0
  30
0
  210
0
  220
0
  230
1
  2
SOLID
  70
1
  71
0
  91
1
  92
7
  72
1
  73
1
  93
2
  10
46.86309372618745
  20
-101.7272034544069
  42
1
  10
48.387096774193544
  20
-101.7272034544069
  42
1
  97
1
  330
2551
  75
0
  76
1
  47
0.8681437583925616
  98
1
  10
3.629517071192367
  20
33.92795499968543
  450
0
  451
0
  460
0
  461
0
  452
1
  462
1
  453
2
  463
0
  63
5
  421
255
  463
1
  63
7
  421
16777215
  470
LINEAR
  1001
ACAD
  1010
0
  1020
0
  1030
0
  0
LWPOLYLINE
  5
2553
  100
AcDbEntity
  8
Multi-Layer
  100
AcDbPolyline
  90
2
  70
1
  43
0
  10
46.86309372618745
  20
-101.7272034544069
  42
1
  10
48.387096774193544
  20
-101.7272034544069
  42
1
  0
HATCH
  5
2555
  100
AcDbEntity
  8
Multi-Layer
  100
AcDbHatch
  10
0
  20
0
  30
0
  210
0
  220
0
  230
1
  2
SOLID
  70
1
  71
0
  91
1
  92
7
  72
1
  73
1
  93
2
  10
46.86309372618745
  20
-101.7272034544069
  42
1
  10
48.387096774193544
  20
-101.7272034544069
  42
1
  97
1
  330
2554
  75
0
  76
1
  47
0.8681437583925616
  98
1
  10
3.629517071192367
  20
33.92795499968543
  450
0
  451
0
  460
0
  461
0
  452
1
  462
1
  453
2
  463
0
  63
5
  421
255
  463
1
  63
7
  421
16777215
  470
LINEAR
  1001
ACAD
  1010
0
  1020
0
  1030
0
  0
LWPOLYLINE
  5
2556
  100
AcDbEntity
  8
Multi-Layer
  100
AcDbPolyline
  90
2
  70
1
  43
0
  10
46.86309372618745
  20
-101.7272034544069
  42
1
  10
48.387096774193544
  20
-101.7272034544069
  42
1
  0
HATCH
  5
2561
  100
AcDbEntity
  8
Multi-Layer
  100
AcDbHatch
  10
0
  20
0
  30
0
  210
0
  220
0
  230
1
  2
SOLID
  70
1
  71
0
  91
1
  92
7
  72
1
  73
1
  93
2
  10
46.86309372618746
  20
-104.26720853441707
  42
1
  10
48.38709677419355
  20
-104.26720853441707
  42
1
  97
1
  330
2560
  75
0
  76
1
  47
0.8681437583925616
  98
1
  10
3.629517071192367
  20
33.92795499968543
  450
0
  451
0
  460
0
  461
0
  452
1
  462
1
  453
2
  463
0
  63
5
  421
255
  463
1
  63
7
  421
16777215
  470
LINEAR
  1001
ACAD
  1010
0
  1020
0
  1030
0
  0
LWPOLYLINE
  5
2562
  100
AcDbEntity
  8
Multi-Layer
  100
AcDbPolyline
  90
2
  70
1
  43
0
  10
46.86309372618746
  20
-104.26720853441707
  42
1
  10
48.38709677419355
  20
-104.26720853441707
  42
1
  0
HATCH
  5
2564
  100
AcDbEntity
  8
Multi-Layer
  100
AcDbHatch
  10
0
  20
0
  30
0
  210
0
  220
0
  230
1
  2
SOLID
  70
1
  71
0
  91
1
  92
7
  72
1
  73
1
  93
2
  10
46.86309372618746
  20
-104.26720853441707
  42
1
  10
48.38709677419355
  20
-104.26720853441707
  42
1
  97
1
  330
2563
  75
0
  76
1
  47
0.8681437583925616
  98
1
  10
3.629517071192367
  20
33.92795499968543
  450
0
  451
0
  460
0
  461
0
  452
1
  462
1
  453
2
  463
0
  63
5
  421
255
  463
1
  63
7
  421
16777215
  470
LINEAR
  1001
ACAD
  1010
0
  1020
0
  1030
0
  0
LWPOLYLINE
  5
2565
  100
AcDbEntity
  8
Multi-Layer
  100
AcDbPolyline
  90
2
  70
1
  43
0
  10
46.86309372618746
  20
-104.26720853441707
  42
1
  10
48.38709677419355
  20
-104.26720853441707
  42
1
  0
HATCH
  5
2567
  100
AcDbEntity
  8
Multi-Layer
  100
AcDbHatch
  10
0
  20
0
  30
0
  210
0
  220
0
  230
1
  2
SOLID
  70
1
  71
0
  91
1
  92
7
  72
1
  73
1
  93
2
  10
46.86309372618746
  20
-104.26720853441707
  42
1
  10
48.38709677419355
  20
-104.26720853441707
  42
1
  97
1
  330
2566
  75
0
  76
1
  47
0.8681437583925616
  98
1
  10
3.629517071192367
  20
33.92795499968543
  450
0
  451
0
  460
0
  461
0
  452
1
  462
1
  453
2
  463
0
  63
5
  421
255
  463
1
  63
7
  421
16777215
  470
LINEAR
  1001
ACAD
  1010
0
  1020
0
  1030
0
  0
LWPOLYLINE
  5
2568
  100
AcDbEntity
  8
Multi-Layer
  100
AcDbPolyline
  90
2
  70
1
  43
0
  10
46.86309372618746
  20
-104.26720853441707
  42
1
  10
48.38709677419355
  20
-104.26720853441707
  42
1
  0
HATCH
  5
2573
  100
AcDbEntity
  8
Multi-Layer
  100
AcDbHatch
  10
0
  20
0
  30
0
  210
0
  220
0
  230
1
  2
SOLID
  70
1
  71
0
  91
1
  92
7
  72
1
  73
1
  93
2
  10
46.86309372618745
  20
-106.80721361442723
  42
1
  10
48.387096774193544
  20
-106.80721361442723
  42
1
  97
1
  330
2572
  75
0
  76
1
  47
0.8681437583925616
  98
1
  10
3.629517071192367
  20
33.92795499968543
  450
0
  451
0
  460
0
  461
0
  452
1
  462
1
  453
2
  463
0
  63
5
  421
255
  463
1
  63
7
  421
16777215
  470
LINEAR
  1001
ACAD
  1010
0
  1020
0
  1030
0
  0
LWPOLYLINE
  5
2574
  100
AcDbEntity
  8
Multi-Layer
  100
AcDbPolyline
  90
2
  70
1
  43
0
  10
46.86309372618745
  20
-106.80721361442723
  42
1
  10
48.387096774193544
  20
-106.80721361442723
  42
1
  0
HATCH
  5
2576
  100
AcDbEntity
  8
Multi-Layer
  100
AcDbHatch
  10
0
  20
0
  30
0
  210
0
  220
0
  230
1
  2
SOLID
  70
1
  71
0
  91
1
  92
7
  72
1
  73
1
  93
2
  10
46.86309372618745
  20
-106.80721361442723
  42
1
  10
48.387096774193544
  20
-106.80721361442723
  42
1
  97
1
  330
2575
  75
0
  76
1
  47
0.8681437583925616
  98
1
  10
3.629517071192367
  20
33.92795499968543
  450
0
  451
0
  460
0
  461
0
  452
1
  462
1
  453
2
  463
0
  63
5
  421
255
  463
1
  63
7
  421
16777215
  470
LINEAR
  1001
ACAD
  1010
0
  1020
0
  1030
0
  0
LWPOLYLINE
  5
2577
  100
AcDbEntity
  8
Multi-Layer
  100
AcDbPolyline
  90
2
  70
1
  43
0
  10
46.86309372618745
  20
-106.80721361442723
  42
1
  10
48.387096774193544
  20
-106.80721361442723
  42
1
  0
HATCH
  5
2579
  100
AcDbEntity
  8
Multi-Layer
  100
AcDbHatch
  10
0
  20
0
  30
0
  210
0
  220
0
  230
1
  2
SOLID
  70
1
  71
0
  91
1
  92
7
  72
1
  73
1
  93
2
  10
46.86309372618745
  20
-106.80721361442723
  42
1
  10
48.387096774193544
  20
-106.80721361442723
  42
1
  97
1
  330
2578
  75
0
  76
1
  47
0.8681437583925616
  98
1
  10
3.629517071192367
  20
33.92795499968543
  450
0
  451
0
  460
0
  461
0
  452
1
  462
1
  453
2
  463
0
  63
5
  421
255
  463
1
  63
7
  421
16777215
  470
LINEAR
  1001
ACAD
  1010
0
  1020
0
  1030
0
  0
LWPOLYLINE
  5
2580
  100
AcDbEntity
  8
Multi-Layer
  100
AcDbPolyline
  90
2
  70
1
  43
0
  10
46.86309372618745
  20
-106.80721361442723
  42
1
  10
48.387096774193544
  20
-106.80721361442723
  42
1
  0
HATCH
  5
2585
  100
AcDbEntity
  8
Multi-Layer
  100
AcDbHatch
  10
0
  20
0
  30
0
  210
0
  220
0
  230
1
  2
SOLID
  70
1
  71
0
  91
1
  92
7
  72
1
  73
1
  93
2
  10
46.86309372618745
  20
-109.34721869443739
  42
1
  10
48.387096774193544
  20
-109.34721869443739
  42
1
  97
1
  330
2584
  75
0
  76
1
  47
0.8681437583925616
  98
1
  10
3.629517071192367
  20
33.92795499968543
  450
0
  451
0
  460
0
  461
0
  452
1
  462
1
  453
2
  463
0
  63
5
  421
255
  463
1
  63
7
  421
16777215
  470
LINEAR
  1001
ACAD
  1010
0
  1020
0
  1030
0
  0
LWPOLYLINE
  5
2586
  100
AcDbEntity
  8
Multi-Layer
  100
AcDbPolyline
  90
2
  70
1
  43
0
  10
46.86309372618745
  20
-109.34721869443739
  42
1
  10
48.387096774193544
  20
-109.34721869443739
  42
1
  0
HATCH
  5
2588
  100
AcDbEntity
  8
Multi-Layer
  100
AcDbHatch
  10
0
  20
0
  30
0
  210
0
  220
0
  230
1
  2
SOLID
  70
1
  71
0
  91
1
  92
7
  72
1
  73
1
  93
2
  10
46.86309372618745
  20
-109.34721869443739
  42
1
  10
48.387096774193544
  20
-109.34721869443739
  42
1
  97
1
  330
2587
  75
0
  76
1
  47
0.8681437583925616
  98
1
  10
3.629517071192367
  20
33.92795499968543
  450
0
  451
0
  460
0
  461
0
  452
1
  462
1
  453
2
  463
0
  63
5
  421
255
  463
1
  63
7
  421
16777215
  470
LINEAR
  1001
ACAD
  1010
0
  1020
0
  1030
0
  0
LWPOLYLINE
  5
2589
  100
AcDbEntity
  8
Multi-Layer
  100
AcDbPolyline
  90
2
  70
1
  43
0
  10
46.86309372618745
  20
-109.34721869443739
  42
1
  10
48.387096774193544
  20
-109.34721869443739
  42
1
  0
HATCH
  5
2591
  100
AcDbEntity
  8
Multi-Layer
  100
AcDbHatch
  10
0
  20
0
  30
0
  210
0
  220
0
  230
1
  2
SOLID
  70
1
  71
0
  91
1
  92
7
  72
1
  73
1
  93
2
  10
46.86309372618745
  20
-109.34721869443739
  42
1
  10
48.387096774193544
  20
-109.34721869443739
  42
1
  97
1
  330
2590
  75
0
  76
1
  47
0.8681437583925616
  98
1
  10
3.629517071192367
  20
33.92795499968543
  450
0
  451
0
  460
0
  461
0
  452
1
  462
1
  453
2
  463
0
  63
5
  421
255
  463
1
  63
7
  421
16777215
  470
LINEAR
  1001
ACAD
  1010
0
  1020
0
  1030
0
  0
LWPOLYLINE
  5
2592
  100
AcDbEntity
  8
Multi-Layer
  100
AcDbPolyline
  90
2
  70
1
  43
0
  10
46.86309372618745
  20
-109.34721869443739
  42
1
  10
48.387096774193544
  20
-109.34721869443739
  42
1
  0
HATCH
  5
2597
  100
AcDbEntity
  8
Multi-Layer
  100
AcDbHatch
  10
0
  20
0
  30
0
  210
0
  220
0
  230
1
  2
SOLID
  70
1
  71
0
  91
1
  92
7
  72
1
  73
1
  93
2
  10
79.88315976631954
  20
-109.3472186944374
  42
1
  10
81.40716281432564
  20
-109.3472186944374
  42
1
  97
1
  330
2596
  75
0
  76
1
  47
0.8681437583925616
  98
1
  10
3.629517071192367
  20
33.92795499968543
  450
0
  451
0
  460
0
  461
0
  452
1
  462
1
  453
2
  463
0
  63
5
  421
255
  463
1
  63
7
  421
16777215
  470
LINEAR
  1001
ACAD
  1010
0
  1020
0
  1030
0
  0
LWPOLYLINE
  5
2598
  100
AcDbEntity
  8
Multi-Layer
  100
AcDbPolyline
  90
2
  70
1
  43
0
  10
79.88315976631954
  20
-109.3472186944374
  42
1
  10
81.40716281432564
  20
-109.3472186944374
  42
1
  0
HATCH
  5
2600
  100
AcDbEntity
  8
Multi-Layer
  100
AcDbHatch
  10
0
  20
0
  30
0
  210
0
  220
0
  230
1
  2
SOLID
  70
1
  71
0
  91
1
  92
7
  72
1
  73
1
  93
2
  10
79.88315976631954
  20
-109.3472186944374
  42
1
  10
81.40716281432564
  20
-109.3472186944374
  42
1
  97
1
  330
2599
  75
0
  76
1
  47
0.8681437583925616
  98
1
  10
3.629517071192367
  20
33.92795499968543
  450
0
  451
0
  460
0
  461
0
  452
1
  462
1
  453
2
  463
0
  63
5
  421
255
  463
1
  63
7
  421
16777215
  470
LINEAR
  1001
ACAD
  1010
0
  1020
0
  1030
0
  0
LWPOLYLINE
  5
2601
  100
AcDbEntity
  8
Multi-Layer
  100
AcDbPolyline
  90
2
  70
1
  43
0
  10
79.88315976631954
  20
-109.3472186944374
  42
1
  10
81.40716281432564
  20
-109.3472186944374
  42
1
  0
HATCH
  5
2603
  100
AcDbEntity
  8
Multi-Layer
  100
AcDbHatch
  10
0
  20
0
  30
0
  210
0
  220
0
  230
1
  2
SOLID
  70
1
  71
0
  91
1
  92
7
  72
1
  73
1
  93
2
  10
79.88315976631954
  20
-109.3472186944374
  42
1
  10
81.40716281432564
  20
-109.3472186944374
  42
1
  97
1
  330
2602
  75
0
  76
1
  47
0.8681437583925616
  98
1
  10
3.629517071192367
  20
33.92795499968543
  450
0
  451
0
  460
0
  461
0
  452
1
  462
1
  453
2
  463
0
  63
5
  421
255
  463
1
  63
7
  421
16777215
  470
LINEAR
  1001
ACAD
  1010
0
  1020
0
  1030
0
  0
LWPOLYLINE
  5
2604
  100
AcDbEntity
  8
Multi-Layer
  100
AcDbPolyline
  90
2
  70
1
  43
0
  10
79.88315976631954
  20
-109.3472186944374
  42
1
  10
81.40716281432564
  20
-109.3472186944374
  42
1
  0
HATCH
  5
2609
  100
AcDbEntity
  8
Multi-Layer
  100
AcDbHatch
  10
0
  20
0
  30
0
  210
0
  220
0
  230
1
  2
SOLID
  70
1
  71
0
  91
1
  92
7
  72
1
  73
1
  93
2
  10
82.4231648463297
  20
-109.3472186944374
  42
1
  10
83.9471678943358
  20
-109.3472186944374
  42
1
  97
1
  330
2608
  75
0
  76
1
  47
0.8681437583925616
  98
1
  10
3.629517071192367
  20
33.92795499968543
  450
0
  451
0
  460
0
  461
0
  452
1
  462
1
  453
2
  463
0
  63
5
  421
255
  463
1
  63
7
  421
16777215
  470
LINEAR
  1001
ACAD
  1010
0
  1020
0
  1030
0
  0
LWPOLYLINE
  5
2610
  100
AcDbEntity
  8
Multi-Layer
  100
AcDbPolyline
  90
2
  70
1
  43
0
  10
82.4231648463297
  20
-109.3472186944374
  42
1
  10
83.9471678943358
  20
-109.3472186944374
  42
1
  0
HATCH
  5
2612
  100
AcDbEntity
  8
Multi-Layer
  100
AcDbHatch
  10
0
  20
0
  30
0
  210
0
  220
0
  230
1
  2
SOLID
  70
1
  71
0
  91
1
  92
7
  72
1
  73
1
  93
2
  10
82.4231648463297
  20
-109.3472186944374
  42
1
  10
83.9471678943358
  20
-109.3472186944374
  42
1
  97
1
  330
2611
  75
0
  76
1
  47
0.8681437583925616
  98
1
  10
3.629517071192367
  20
33.92795499968543
  450
0
  451
0
  460
0
  461
0
  452
1
  462
1
  453
2
  463
0
  63
5
  421
255
  463
1
  63
7
  421
16777215
  470
LINEAR
  1001
ACAD
  1010
0
  1020
0
  1030
0
  0
LWPOLYLINE
  5
2613
  100
AcDbEntity
  8
Multi-Layer
  100
AcDbPolyline
  90
2
  70
1
  43
0
  10
82.4231648463297
  20
-109.3472186944374
  42
1
  10
83.9471678943358
  20
-109.3472186944374
  42
1
  0
HATCH
  5
2615
  100
AcDbEntity
  8
Multi-Layer
  100
AcDbHatch
  10
0
  20
0
  30
0
  210
0
  220
0
  230
1
  2
SOLID
  70
1
  71
0
  91
1
  92
7
  72
1
  73
1
  93
2
  10
82.4231648463297
  20
-109.3472186944374
  42
1
  10
83.9471678943358
  20
-109.3472186944374
  42
1
  97
1
  330
2614
  75
0
  76
1
  47
0.8681437583925616
  98
1
  10
3.629517071192367
  20
33.92795499968543
  450
0
  451
0
  460
0
  461
0
  452
1
  462
1
  453
2
  463
0
  63
5
  421
255
  463
1
  63
7
  421
16777215
  470
LINEAR
  1001
ACAD
  1010
0
  1020
0
  1030
0
  0
LWPOLYLINE
  5
2616
  100
AcDbEntity
  8
Multi-Layer
  100
AcDbPolyline
  90
2
  70
1
  43
0
  10
82.4231648463297
  20
-109.3472186944374
  42
1
  10
83.9471678943358
  20
-109.3472186944374
  42
1
  0
HATCH
  5
2621
  100
AcDbEntity
  8
Multi-Layer
  100
AcDbHatch
  10
0
  20
0
  30
0
  210
0
  220
0
  230
1
  2
SOLID
  70
1
  71
0
  91
1
  92
7
  72
1
  73
1
  93
2
  10
84.96316992633986
  20
-109.3472186944374
  42
1
  10
86.48717297434597
  20
-109.3472186944374
  42
1
  97
1
  330
2620
  75
0
  76
1
  47
0.8681437583925616
  98
1
  10
3.629517071192367
  20
33.92795499968543
  450
0
  451
0
  460
0
  461
0
  452
1
  462
1
  453
2
  463
0
  63
5
  421
255
  463
1
  63
7
  421
16777215
  470
LINEAR
  1001
ACAD
  1010
0
  1020
0
  1030
0
  0
LWPOLYLINE
  5
2622
  100
AcDbEntity
  8
Multi-Layer
  100
AcDbPolyline
  90
2
  70
1
  43
0
  10
84.96316992633986
  20
-109.3472186944374
  42
1
  10
86.48717297434597
  20
-109.3472186944374
  42
1
  0
HATCH
  5
2624
  100
AcDbEntity
  8
Multi-Layer
  100
AcDbHatch
  10
0
  20
0
  30
0
  210
0
  220
0
  230
1
  2
SOLID
  70
1
  71
0
  91
1
  92
7
  72
1
  73
1
  93
2
  10
84.96316992633986
  20
-109.3472186944374
  42
1
  10
86.48717297434597
  20
-109.3472186944374
  42
1
  97
1
  330
2623
  75
0
  76
1
  47
0.8681437583925616
  98
1
  10
3.629517071192367
  20
33.92795499968543
  450
0
  451
0
  460
0
  461
0
  452
1
  462
1
  453
2
  463
0
  63
5
  421
255
  463
1
  63
7
  421
16777215
  470
LINEAR
  1001
ACAD
  1010
0
  1020
0
  1030
0
  0
LWPOLYLINE
  5
2625
  100
AcDbEntity
  8
Multi-Layer
  100
AcDbPolyline
  90
2
  70
1
  43
0
  10
84.96316992633986
  20
-109.3472186944374
  42
1
  10
86.48717297434597
  20
-109.3472186944374
  42
1
  0
HATCH
  5
2627
  100
AcDbEntity
  8
Multi-Layer
  100
AcDbHatch
  10
0
  20
0
  30
0
  210
0
  220
0
  230
1
  2
SOLID
  70
1
  71
0
  91
1
  92
7
  72
1
  73
1
  93
2
  10
84.96316992633986
  20
-109.3472186944374
  42
1
  10
86.48717297434597
  20
-109.3472186944374
  42
1
  97
1
  330
2626
  75
0
  76
1
  47
0.8681437583925616
  98
1
  10
3.629517071192367
  20
33.92795499968543
  450
0
  451
0
  460
0
  461
0
  452
1
  462
1
  453
2
  463
0
  63
5
  421
255
  463
1
  63
7
  421
16777215
  470
LINEAR
  1001
ACAD
  1010
0
  1020
0
  1030
0
  0
LWPOLYLINE
  5
2628
  100
AcDbEntity
  8
Multi-Layer
  100
AcDbPolyline
  90
2
  70
1
  43
0
  10
84.96316992633986
  20
-109.3472186944374
  42
1
  10
86.48717297434597
  20
-109.3472186944374
  42
1
  0
HATCH
  5
2633
  100
AcDbEntity
  8
Multi-Layer
  100
AcDbHatch
  10
0
  20
0
  30
0
  210
0
  220
0
  230
1
  2
SOLID
  70
1
  71
0
  91
1
  92
7
  72
1
  73
1
  93
2
  10
90.04318008636018
  20
-109.3472186944374
  42
1
  10
91.56718313436629
  20
-109.3472186944374
  42
1
  97
1
  330
2632
  75
0
  76
1
  47
0.8681437583925616
  98
1
  10
3.629517071192367
  20
33.92795499968543
  450
0
  451
0
  460
0
  461
0
  452
1
  462
1
  453
2
  463
0
  63
5
  421
255
  463
1
  63
7
  421
16777215
  470
LINEAR
  1001
ACAD
  1010
0
  1020
0
  1030
0
  0
LWPOLYLINE
  5
2634
  100
AcDbEntity
  8
Multi-Layer
  100
AcDbPolyline
  90
2
  70
1
  43
0
  10
90.04318008636018
  20
-109.3472186944374
  42
1
  10
91.56718313436627
  20
-109.3472186944374
  42
1
  0
HATCH
  5
2636
  100
AcDbEntity
  8
Multi-Layer
  100
AcDbHatch
  10
0
  20
0
  30
0
  210
0
  220
0
  230
1
  2
SOLID
  70
1
  71
0
  91
1
  92
7
  72
1
  73
1
  93
2
  10
90.04318008636018
  20
-109.3472186944374
  42
1
  10
91.56718313436629
  20
-109.3472186944374
  42
1
  97
1
  330
2635
  75
0
  76
1
  47
0.8681437583925616
  98
1
  10
3.629517071192367
  20
33.92795499968543
  450
0
  451
0
  460
0
  461
0
  452
1
  462
1
  453
2
  463
0
  63
5
  421
255
  463
1
  63
7
  421
16777215
  470
LINEAR
  1001
ACAD
  1010
0
  1020
0
  1030
0
  0
LWPOLYLINE
  5
2637
  100
AcDbEntity
  8
Multi-Layer
  100
AcDbPolyline
  90
2
  70
1
  43
0
  10
90.04318008636018
  20
-109.3472186944374
  42
1
  10
91.56718313436627
  20
-109.3472186944374
  42
1
  0
HATCH
  5
2639
  100
AcDbEntity
  8
Multi-Layer
  100
AcDbHatch
  10
0
  20
0
  30
0
  210
0
  220
0
  230
1
  2
SOLID
  70
1
  71
0
  91
1
  92
7
  72
1
  73
1
  93
2
  10
90.04318008636018
  20
-109.3472186944374
  42
1
  10
91.56718313436629
  20
-109.3472186944374
  42
1
  97
1
  330
2638
  75
0
  76
1
  47
0.8681437583925616
  98
1
  10
3.629517071192367
  20
33.92795499968543
  450
0
  451
0
  460
0
  461
0
  452
1
  462
1
  453
2
  463
0
  63
5
  421
255
  463
1
  63
7
  421
16777215
  470
LINEAR
  1001
ACAD
  1010
0
  1020
0
  1030
0
  0
LWPOLYLINE
  5
2640
  100
AcDbEntity
  8
Multi-Layer
  100
AcDbPolyline
  90
2
  70
1
  43
0
  10
90.04318008636018
  20
-109.3472186944374
  42
1
  10
91.56718313436627
  20
-109.3472186944374
  42
1
  0
HATCH
  5
2645
  100
AcDbEntity
  8
Multi-Layer
  100
AcDbHatch
  10
0
  20
0
  30
0
  210
0
  220
0
  230
1
  2
SOLID
  70
1
  71
0
  91
1
  92
7
  72
1
  73
1
  93
2
  10
86.23317246634494
  20
-99.18719837439676
  42
1
  10
87.75717551435105
  20
-99.18719837439676
  42
1
  97
1
  330
2644
  75
0
  76
1
  47
0.8681437583925616
  98
1
  10
3.629517071192367
  20
33.92795499968543
  450
0
  451
0
  460
0
  461
0
  452
1
  462
1
  453
2
  463
0
  63
5
  421
255
  463
1
  63
7
  421
16777215
  470
LINEAR
  1001
ACAD
  1010
0
  1020
0
  1030
0
  0
LWPOLYLINE
  5
2646
  100
AcDbEntity
  8
Multi-Layer
  100
AcDbPolyline
  90
2
  70
1
  43
0
  10
86.23317246634494
  20
-99.18719837439676
  42
1
  10
87.75717551435103
  20
-99.18719837439676
  42
1
  0
HATCH
  5
2648
  100
AcDbEntity
  8
Multi-Layer
  100
AcDbHatch
  10
0
  20
0
  30
0
  210
0
  220
0
  230
1
  2
SOLID
  70
1
  71
0
  91
1
  92
7
  72
1
  73
1
  93
2
  10
86.23317246634494
  20
-99.18719837439676
  42
1
  10
87.75717551435105
  20
-99.18719837439676
  42
1
  97
1
  330
2647
  75
0
  76
1
  47
0.8681437583925616
  98
1
  10
3.629517071192367
  20
33.92795499968543
  450
0
  451
0
  460
0
  461
0
  452
1
  462
1
  453
2
  463
0
  63
5
  421
255
  463
1
  63
7
  421
16777215
  470
LINEAR
  1001
ACAD
  1010
0
  1020
0
  1030
0
  0
LWPOLYLINE
  5
2649
  100
AcDbEntity
  8
Multi-Layer
  100
AcDbPolyline
  90
2
  70
1
  43
0
  10
86.23317246634494
  20
-99.18719837439676
  42
1
  10
87.75717551435103
  20
-99.18719837439676
  42
1
  0
HATCH
  5
2651
  100
AcDbEntity
  8
Multi-Layer
  100
AcDbHatch
  10
0
  20
0
  30
0
  210
0
  220
0
  230
1
  2
SOLID
  70
1
  71
0
  91
1
  92
7
  72
1
  73
1
  93
2
  10
86.23317246634494
  20
-99.18719837439676
  42
1
  10
87.75717551435105
  20
-99.18719837439676
  42
1
  97
1
  330
2650
  75
0
  76
1
  47
0.8681437583925616
  98
1
  10
3.629517071192367
  20
33.92795499968543
  450
0
  451
0
  460
0
  461
0
  452
1
  462
1
  453
2
  463
0
  63
5
  421
255
  463
1
  63
7
  421
16777215
  470
LINEAR
  1001
ACAD
  1010
0
  1020
0
  1030
0
  0
LWPOLYLINE
  5
2652
  100
AcDbEntity
  8
Multi-Layer
  100
AcDbPolyline
  90
2
  70
1
  43
0
  10
86.23317246634494
  20
-99.18719837439676
  42
1
  10
87.75717551435103
  20
-99.18719837439676
  42
1
  0
HATCH
  5
2657
  100
AcDbEntity
  8
Multi-Layer
  100
AcDbHatch
  10
0
  20
0
  30
0
  210
0
  220
0
  230
1
  2
SOLID
  70
1
  71
0
  91
1
  92
7
  72
1
  73
1
  93
2
  10
83.69316738633478
  20
-99.18719837439676
  42
1
  10
85.21717043434089
  20
-99.18719837439676
  42
1
  97
1
  330
2656
  75
0
  76
1
  47
0.8681437583925616
  98
1
  10
3.629517071192367
  20
33.92795499968543
  450
0
  451
0
  460
0
  461
0
  452
1
  462
1
  453
2
  463
0
  63
5
  421
255
  463
1
  63
7
  421
16777215
  470
LINEAR
  1001
ACAD
  1010
0
  1020
0
  1030
0
  0
LWPOLYLINE
  5
2658
  100
AcDbEntity
  8
Multi-Layer
  100
AcDbPolyline
  90
2
  70
1
  43
0
  10
83.69316738633478
  20
-99.18719837439676
  42
1
  10
85.21717043434089
  20
-99.18719837439676
  42
1
  0
HATCH
  5
2660
  100
AcDbEntity
  8
Multi-Layer
  100
AcDbHatch
  10
0
  20
0
  30
0
  210
0
  220
0
  230
1
  2
SOLID
  70
1
  71
0
  91
1
  92
7
  72
1
  73
1
  93
2
  10
83.69316738633478
  20
-99.18719837439676
  42
1
  10
85.21717043434089
  20
-99.18719837439676
  42
1
  97
1
  330
2659
  75
0
  76
1
  47
0.8681437583925616
  98
1
  10
3.629517071192367
  20
33.92795499968543
  450
0
  451
0
  460
0
  461
0
  452
1
  462
1
  453
2
  463
0
  63
5
  421
255
  463
1
  63
7
  421
16777215
  470
LINEAR
  1001
ACAD
  1010
0
  1020
0
  1030
0
  0
LWPOLYLINE
  5
2661
  100
AcDbEntity
  8
Multi-Layer
  100
AcDbPolyline
  90
2
  70
1
  43
0
  10
83.69316738633478
  20
-99.18719837439676
  42
1
  10
85.21717043434089
  20
-99.18719837439676
  42
1
  0
HATCH
  5
2663
  100
AcDbEntity
  8
Multi-Layer
  100
AcDbHatch
  10
0
  20
0
  30
0
  210
0
  220
0
  230
1
  2
SOLID
  70
1
  71
0
  91
1
  92
7
  72
1
  73
1
  93
2
  10
83.69316738633478
  20
-99.18719837439676
  42
1
  10
85.21717043434089
  20
-99.18719837439676
  42
1
  97
1
  330
2662
  75
0
  76
1
  47
0.8681437583925616
  98
1
  10
3.629517071192367
  20
33.92795499968543
  450
0
  451
0
  460
0
  461
0
  452
1
  462
1
  453
2
  463
0
  63
5
  421
255
  463
1
  63
7
  421
16777215
  470
LINEAR
  1001
ACAD
  1010
0
  1020
0
  1030
0
  0
LWPOLYLINE
  5
2664
  100
AcDbEntity
  8
Multi-Layer
  100
AcDbPolyline
  90
2
  70
1
  43
0
  10
83.69316738633478
  20
-99.18719837439676
  42
1
  10
85.21717043434089
  20
-99.18719837439676
  42
1
  0
HATCH
  5
2669
  100
AcDbEntity
  8
Multi-Layer
  100
AcDbHatch
  10
0
  20
0
  30
0
  210
0
  220
0
  230
1
  2
SOLID
  70
1
  71
0
  91
1
  92
7
  72
1
  73
1
  93
2
  10
81.15316230632462
  20
-99.18719837439676
  42
1
  10
82.67716535433073
  20
-99.18719837439676
  42
1
  97
1
  330
2668
  75
0
  76
1
  47
0.8681437583925616
  98
1
  10
3.629517071192367
  20
33.92795499968543
  450
0
  451
0
  460
0
  461
0
  452
1
  462
1
  453
2
  463
0
  63
5
  421
255
  463
1
  63
7
  421
16777215
  470
LINEAR
  1001
ACAD
  1010
0
  1020
0
  1030
0
  0
LWPOLYLINE
  5
2670
  100
AcDbEntity
  8
Multi-Layer
  100
AcDbPolyline
  90
2
  70
1
  43
0
  10
81.15316230632462
  20
-99.18719837439676
  42
1
  10
82.67716535433073
  20
-99.18719837439676
  42
1
  0
HATCH
  5
2672
  100
AcDbEntity
  8
Multi-Layer
  100
AcDbHatch
  10
0
  20
0
  30
0
  210
0
  220
0
  230
1
  2
SOLID
  70
1
  71
0
  91
1
  92
7
  72
1
  73
1
  93
2
  10
81.15316230632462
  20
-99.18719837439676
  42
1
  10
82.67716535433073
  20
-99.18719837439676
  42
1
  97
1
  330
2671
  75
0
  76
1
  47
0.8681437583925616
  98
1
  10
3.629517071192367
  20
33.92795499968543
  450
0
  451
0
  460
0
  461
0
  452
1
  462
1
  453
2
  463
0
  63
5
  421
255
  463
1
  63
7
  421
16777215
  470
LINEAR
  1001
ACAD
  1010
0
  1020
0
  1030
0
  0
LWPOLYLINE
  5
2673
  100
AcDbEntity
  8
Multi-Layer
  100
AcDbPolyline
  90
2
  70
1
  43
0
  10
81.15316230632462
  20
-99.18719837439676
  42
1
  10
82.67716535433073
  20
-99.18719837439676
  42
1
  0
HATCH
  5
2675
  100
AcDbEntity
  8
Multi-Layer
  100
AcDbHatch
  10
0
  20
0
  30
0
  210
0
  220
0
  230
1
  2
SOLID
  70
1
  71
0
  91
1
  92
7
  72
1
  73
1
  93
2
  10
81.15316230632462
  20
-99.18719837439676
  42
1
  10
82.67716535433073
  20
-99.18719837439676
  42
1
  97
1
  330
2674
  75
0
  76
1
  47
0.8681437583925616
  98
1
  10
3.629517071192367
  20
33.92795499968543
  450
0
  451
0
  460
0
  461
0
  452
1
  462
1
  453
2
  463
0
  63
5
  421
255
  463
1
  63
7
  421
16777215
  470
LINEAR
  1001
ACAD
  1010
0
  1020
0
  1030
0
  0
LWPOLYLINE
  5
2676
  100
AcDbEntity
  8
Multi-Layer
  100
AcDbPolyline
  90
2
  70
1
  43
0
  10
81.15316230632462
  20
-99.18719837439676
  42
1
  10
82.67716535433073
  20
-99.18719837439676
  42
1
  0
HATCH
  5
2681
  100
AcDbEntity
  8
Multi-Layer
  100
AcDbHatch
  10
0
  20
0
  30
0
  210
0
  220
0
  230
1
  2
SOLID
  70
1
  71
0
  91
1
  92
7
  72
1
  73
1
  93
2
  10
78.61315722631446
  20
-99.18719837439676
  42
1
  10
80.13716027432056
  20
-99.18719837439676
  42
1
  97
1
  330
2680
  75
0
  76
1
  47
0.8681437583925616
  98
1
  10
3.629517071192367
  20
33.92795499968543
  450
0
  451
0
  460
0
  461
0
  452
1
  462
1
  453
2
  463
0
  63
5
  421
255
  463
1
  63
7
  421
16777215
  470
LINEAR
  1001
ACAD
  1010
0
  1020
0
  1030
0
  0
LWPOLYLINE
  5
2682
  100
AcDbEntity
  8
Multi-Layer
  100
AcDbPolyline
  90
2
  70
1
  43
0
  10
78.61315722631446
  20
-99.18719837439676
  42
1
  10
80.13716027432056
  20
-99.18719837439676
  42
1
  0
HATCH
  5
2684
  100
AcDbEntity
  8
Multi-Layer
  100
AcDbHatch
  10
0
  20
0
  30
0
  210
0
  220
0
  230
1
  2
SOLID
  70
1
  71
0
  91
1
  92
7
  72
1
  73
1
  93
2
  10
78.61315722631446
  20
-99.18719837439676
  42
1
  10
80.13716027432056
  20
-99.18719837439676
  42
1
  97
1
  330
2683
  75
0
  76
1
  47
0.8681437583925616
  98
1
  10
3.629517071192367
  20
33.92795499968543
  450
0
  451
0
  460
0
  461
0
  452
1
  462
1
  453
2
  463
0
  63
5
  421
255
  463
1
  63
7
  421
16777215
  470
LINEAR
  1001
ACAD
  1010
0
  1020
0
  1030
0
  0
LWPOLYLINE
  5
2685
  100
AcDbEntity
  8
Multi-Layer
  100
AcDbPolyline
  90
2
  70
1
  43
0
  10
78.61315722631446
  20
-99.18719837439676
  42
1
  10
80.13716027432056
  20
-99.18719837439676
  42
1
  0
HATCH
  5
2687
  100
AcDbEntity
  8
Multi-Layer
  100
AcDbHatch
  10
0
  20
0
  30
0
  210
0
  220
0
  230
1
  2
SOLID
  70
1
  71
0
  91
1
  92
7
  72
1
  73
1
  93
2
  10
78.61315722631446
  20
-99.18719837439676
  42
1
  10
80.13716027432056
  20
-99.18719837439676
  42
1
  97
1
  330
2686
  75
0
  76
1
  47
0.8681437583925616
  98
1
  10
3.629517071192367
  20
33.92795499968543
  450
0
  451
0
  460
0
  461
0
  452
1
  462
1
  453
2
  463
0
  63
5
  421
255
  463
1
  63
7
  421
16777215
  470
LINEAR
  1001
ACAD
  1010
0
  1020
0
  1030
0
  0
LWPOLYLINE
  5
2688
  100
AcDbEntity
  8
Multi-Layer
  100
AcDbPolyline
  90
2
  70
1
  43
0
  10
78.61315722631446
  20
-99.18719837439676
  42
1
  10
80.13716027432056
  20
-99.18719837439676
  42
1
  0
HATCH
  5
2693
  100
AcDbEntity
  8
Multi-Layer
  100
AcDbHatch
  10
0
  20
0
  30
0
  210
0
  220
0
  230
1
  2
SOLID
  70
1
  71
0
  91
1
  92
7
  72
1
  73
1
  93
2
  10
76.0731521463043
  20
-99.18719837439676
  42
1
  10
77.5971551943104
  20
-99.18719837439676
  42
1
  97
1
  330
2692
  75
0
  76
1
  47
0.8681437583925616
  98
1
  10
3.629517071192367
  20
33.92795499968543
  450
0
  451
0
  460
0
  461
0
  452
1
  462
1
  453
2
  463
0
  63
5
  421
255
  463
1
  63
7
  421
16777215
  470
LINEAR
  1001
ACAD
  1010
0
  1020
0
  1030
0
  0
LWPOLYLINE
  5
2694
  100
AcDbEntity
  8
Multi-Layer
  100
AcDbPolyline
  90
2
  70
1
  43
0
  10
76.0731521463043
  20
-99.18719837439676
  42
1
  10
77.5971551943104
  20
-99.18719837439676
  42
1
  0
HATCH
  5
2696
  100
AcDbEntity
  8
Multi-Layer
  100
AcDbHatch
  10
0
  20
0
  30
0
  210
0
  220
0
  230
1
  2
SOLID
  70
1
  71
0
  91
1
  92
7
  72
1
  73
1
  93
2
  10
76.0731521463043
  20
-99.18719837439676
  42
1
  10
77.5971551943104
  20
-99.18719837439676
  42
1
  97
1
  330
2695
  75
0
  76
1
  47
0.8681437583925616
  98
1
  10
3.629517071192367
  20
33.92795499968543
  450
0
  451
0
  460
0
  461
0
  452
1
  462
1
  453
2
  463
0
  63
5
  421
255
  463
1
  63
7
  421
16777215
  470
LINEAR
  1001
ACAD
  1010
0
  1020
0
  1030
0
  0
LWPOLYLINE
  5
2697
  100
AcDbEntity
  8
Multi-Layer
  100
AcDbPolyline
  90
2
  70
1
  43
0
  10
76.0731521463043
  20
-99.18719837439676
  42
1
  10
77.5971551943104
  20
-99.18719837439676
  42
1
  0
HATCH
  5
2699
  100
AcDbEntity
  8
Multi-Layer
  100
AcDbHatch
  10
0
  20
0
  30
0
  210
0
  220
0
  230
1
  2
SOLID
  70
1
  71
0
  91
1
  92
7
  72
1
  73
1
  93
2
  10
76.0731521463043
  20
-99.18719837439676
  42
1
  10
77.5971551943104
  20
-99.18719837439676
  42
1
  97
1
  330
2698
  75
0
  76
1
  47
0.8681437583925616
  98
1
  10
3.629517071192367
  20
33.92795499968543
  450
0
  451
0
  460
0
  461
0
  452
1
  462
1
  453
2
  463
0
  63
5
  421
255
  463
1
  63
7
  421
16777215
  470
LINEAR
  1001
ACAD
  1010
0
  1020
0
  1030
0
  0
LWPOLYLINE
  5
2700
  100
AcDbEntity
  8
Multi-Layer
  100
AcDbPolyline
  90
2
  70
1
  43
0
  10
76.0731521463043
  20
-99.18719837439676
  42
1
  10
77.5971551943104
  20
-99.18719837439676
  42
1
  0
HATCH
  5
2705
  100
AcDbEntity
  8
Multi-Layer
  100
AcDbHatch
  10
0
  20
0
  30
0
  210
0
  220
0
  230
1
  2
SOLID
  70
1
  71
0
  91
1
  92
7
  72
1
  73
1
  93
2
  10
100.33020066040133
  20
-102.82321564643131
  42
1
  10
101.85420370840744
  20
-102.82321564643131
  42
1
  97
1
  330
2704
  75
0
  76
1
  47
0.8681437583925616
  98
1
  10
3.629517071192367
  20
33.92795499968543
  450
0
  451
0
  460
0
  461
0
  452
1
  462
1
  453
2
  463
0
  63
5
  421
255
  463
1
  63
7
  421
16777215
  470
LINEAR
  1001
ACAD
  1010
0
  1020
0
  1030
0
  0
LWPOLYLINE
  5
2706
  100
AcDbEntity
  8
Multi-Layer
  100
AcDbPolyline
  90
2
  70
1
  43
0
  10
100.33020066040133
  20
-102.82321564643131
  42
1
  10
101.85420370840743
  20
-102.82321564643131
  42
1
  0
HATCH
  5
2708
  100
AcDbEntity
  8
Multi-Layer
  100
AcDbHatch
  10
0
  20
0
  30
0
  210
0
  220
0
  230
1
  2
SOLID
  70
1
  71
0
  91
1
  92
7
  72
1
  73
1
  93
2
  10
100.33020066040133
  20
-102.82321564643131
  42
1
  10
101.85420370840744
  20
-102.82321564643131
  42
1
  97
1
  330
2707
  75
0
  76
1
  47
0.8681437583925616
  98
1
  10
3.629517071192367
  20
33.92795499968543
  450
0
  451
0
  460
0
  461
0
  452
1
  462
1
  453
2
  463
0
  63
5
  421
255
  463
1
  63
7
  421
16777215
  470
LINEAR
  1001
ACAD
  1010
0
  1020
0
  1030
0
  0
LWPOLYLINE
  5
2709
  100
AcDbEntity
  8
Multi-Layer
  100
AcDbPolyline
  90
2
  70
1
  43
0
  10
100.33020066040133
  20
-102.82321564643131
  42
1
  10
101.85420370840743
  20
-102.82321564643131
  42
1
  0
HATCH
  5
2711
  100
AcDbEntity
  8
Multi-Layer
  100
AcDbHatch
  10
0
  20
0
  30
0
  210
0
  220
0
  230
1
  2
SOLID
  70
1
  71
0
  91
1
  92
7
  72
1
  73
1
  93
2
  10
100.33020066040133
  20
-102.82321564643131
  42
1
  10
101.85420370840744
  20
-102.82321564643131
  42
1
  97
1
  330
2710
  75
0
  76
1
  47
0.8681437583925616
  98
1
  10
3.629517071192367
  20
33.92795499968543
  450
0
  451
0
  460
0
  461
0
  452
1
  462
1
  453
2
  463
0
  63
5
  421
255
  463
1
  63
7
  421
16777215
  470
LINEAR
  1001
ACAD
  1010
0
  1020
0
  1030
0
  0
LWPOLYLINE
  5
2712
  100
AcDbEntity
  8
Multi-Layer
  100
AcDbPolyline
  90
2
  70
1
  43
0
  10
100.33020066040133
  20
-102.82321564643131
  42
1
  10
101.85420370840743
  20
-102.82321564643131
  42
1
  0
HATCH
  5
2717
  100
AcDbEntity
  8
Multi-Layer
  100
AcDbHatch
  10
0
  20
0
  30
0
  210
0
  220
0
  230
1
  2
SOLID
  70
1
  71
0
  91
1
  92
7
  72
1
  73
1
  93
2
  10
100.33020066040133
  20
-108.82321564643131
  42
1
  10
101.85420370840744
  20
-108.82321564643131
  42
1
  97
1
  330
2716
  75
0
  76
1
  47
0.8681437583925616
  98
1
  10
3.629517071192367
  20
33.92795499968543
  450
0
  451
0
  460
0
  461
0
  452
1
  462
1
  453
2
  463
0
  63
5
  421
255
  463
1
  63
7
  421
16777215
  470
LINEAR
  1001
ACAD
  1010
0
  1020
0
  1030
0
  0
LWPOLYLINE
  5
2718
  100
AcDbEntity
  8
Multi-Layer
  100
AcDbPolyline
  90
2
  70
1
  43
0
  10
100.33020066040133
  20
-108.82321564643131
  42
1
  10
101.85420370840743
  20
-108.82321564643131
  42
1
  0
HATCH
  5
2720
  100
AcDbEntity
  8
Multi-Layer
  100
AcDbHatch
  10
0
  20
0
  30
0
  210
0
  220
0
  230
1
  2
SOLID
  70
1
  71
0
  91
1
  92
7
  72
1
  73
1
  93
2
  10
100.33020066040133
  20
-108.82321564643131
  42
1
  10
101.85420370840744
  20
-108.82321564643131
  42
1
  97
1
  330
2719
  75
0
  76
1
  47
0.8681437583925616
  98
1
  10
3.629517071192367
  20
33.92795499968543
  450
0
  451
0
  460
0
  461
0
  452
1
  462
1
  453
2
  463
0
  63
5
  421
255
  463
1
  63
7
  421
16777215
  470
LINEAR
  1001
ACAD
  1010
0
  1020
0
  1030
0
  0
LWPOLYLINE
  5
2721
  100
AcDbEntity
  8
Multi-Layer
  100
AcDbPolyline
  90
2
  70
1
  43
0
  10
100.33020066040133
  20
-108.82321564643131
  42
1
  10
101.85420370840743
  20
-108.82321564643131
  42
1
  0
HATCH
  5
2723
  100
AcDbEntity
  8
Multi-Layer
  100
AcDbHatch
  10
0
  20
0
  30
0
  210
0
  220
0
  230
1
  2
SOLID
  70
1
  71
0
  91
1
  92
7
  72
1
  73
1
  93
2
  10
100.33020066040133
  20
-108.82321564643131
  42
1
  10
101.85420370840744
  20
-108.82321564643131
  42
1
  97
1
  330
2722
  75
0
  76
1
  47
0.8681437583925616
  98
1
  10
3.629517071192367
  20
33.92795499968543
  450
0
  451
0
  460
0
  461
0
  452
1
  462
1
  453
2
  463
0
  63
5
  421
255
  463
1
  63
7
  421
16777215
  470
LINEAR
  1001
ACAD
  1010
0
  1020
0
  1030
0
  0
LWPOLYLINE
  5
2724
  100
AcDbEntity
  8
Multi-Layer
  100
AcDbPolyline
  90
2
  70
1
  43
0
  10
100.33020066040133
  20
-108.82321564643131
  42
1
  10
101.85420370840743
  20
-108.82321564643131
  42
1
  0
HATCH
  5
2729
  100
AcDbEntity
  8
Multi-Layer
  100
AcDbHatch
  10
0
  20
0
  30
0
  210
0
  220
0
  230
1
  2
SOLID
  70
1
  71
0
  91
1
  92
7
  72
1
  73
1
  93
2
  10
100.33020066040133
  20
-110.82321564643131
  42
1
  10
101.85420370840744
  20
-110.82321564643131
  42
1
  97
1
  330
2728
  75
0
  76
1
  47
0.8681437583925616
  98
1
  10
3.629517071192367
  20
33.92795499968543
  450
0
  451
0
  460
0
  461
0
  452
1
  462
1
  453
2
  463
0
  63
5
  421
255
  463
1
  63
7
  421
16777215
  470
LINEAR
  1001
ACAD
  1010
0
  1020
0
  1030
0
  0
LWPOLYLINE
  5
2730
  100
AcDbEntity
  8
Multi-Layer
  100
AcDbPolyline
  90
2
  70
1
  43
0
  10
100.33020066040133
  20
-110.82321564643131
  42
1
  10
101.85420370840743
  20
-110.82321564643131
  42
1
  0
HATCH
  5
2732
  100
AcDbEntity
  8
Multi-Layer
  100
AcDbHatch
  10
0
  20
0
  30
0
  210
0
  220
0
  230
1
  2
SOLID
  70
1
  71
0
  91
1
  92
7
  72
1
  73
1
  93
2
  10
100.33020066040133
  20
-110.82321564643131
  42
1
  10
101.85420370840744
  20
-110.82321564643131
  42
1
  97
1
  330
2731
  75
0
  76
1
  47
0.8681437583925616
  98
1
  10
3.629517071192367
  20
33.92795499968543
  450
0
  451
0
  460
0
  461
0
  452
1
  462
1
  453
2
  463
0
  63
5
  421
255
  463
1
  63
7
  421
16777215
  470
LINEAR
  1001
ACAD
  1010
0
  1020
0
  1030
0
  0
LWPOLYLINE
  5
2733
  100
AcDbEntity
  8
Multi-Layer
  100
AcDbPolyline
  90
2
  70
1
  43
0
  10
100.33020066040133
  20
-110.82321564643131
  42
1
  10
101.85420370840743
  20
-110.82321564643131
  42
1
  0
HATCH
  5
2735
  100
AcDbEntity
  8
Multi-Layer
  100
AcDbHatch
  10
0
  20
0
  30
0
  210
0
  220
0
  230
1
  2
SOLID
  70
1
  71
0
  91
1
  92
7
  72
1
  73
1
  93
2
  10
100.33020066040133
  20
-110.82321564643131
  42
1
  10
101.85420370840744
  20
-110.82321564643131
  42
1
  97
1
  330
2734
  75
0
  76
1
  47
0.8681437583925616
  98
1
  10
3.629517071192367
  20
33.92795499968543
  450
0
  451
0
  460
0
  461
0
  452
1
  462
1
  453
2
  463
0
  63
5
  421
255
  463
1
  63
7
  421
16777215
  470
LINEAR
  1001
ACAD
  1010
0
  1020
0
  1030
0
  0
LWPOLYLINE
  5
2736
  100
AcDbEntity
  8
Multi-Layer
  100
AcDbPolyline
  90
2
  70
1
  43
0
  10
100.33020066040133
  20
-110.82321564643131
  42
1
  10
101.85420370840743
  20
-110.82321564643131
  42
1
  0
HATCH
  5
2741
  100
AcDbEntity
  8
Multi-Layer
  100
AcDbHatch
  10
0
  20
0
  30
0
  210
0
  220
0
  230
1
  2
SOLID
  70
1
  71
0
  91
1
  92
7
  72
1
  73
1
  93
2
  10
100.33020066040133
  20
-112.82321564643131
  42
1
  10
101.85420370840744
  20
-112.82321564643131
  42
1
  97
1
  330
2740
  75
0
  76
1
  47
0.8681437583925616
  98
1
  10
3.629517071192367
  20
33.92795499968543
  450
0
  451
0
  460
0
  461
0
  452
1
  462
1
  453
2
  463
0
  63
5
  421
255
  463
1
  63
7
  421
16777215
  470
LINEAR
  1001
ACAD
  1010
0
  1020
0
  1030
0
  0
LWPOLYLINE
  5
2742
  100
AcDbEntity
  8
Multi-Layer
  100
AcDbPolyline
  90
2
  70
1
  43
0
  10
100.33020066040133
  20
-112.82321564643131
  42
1
  10
101.85420370840743
  20
-112.82321564643131
  42
1
  0
HATCH
  5
2744
  100
AcDbEntity
  8
Multi-Layer
  100
AcDbHatch
  10
0
  20
0
  30
0
  210
0
  220
0
  230
1
  2
SOLID
  70
1
  71
0
  91
1
  92
7
  72
1
  73
1
  93
2
  10
100.33020066040133
  20
-112.82321564643131
  42
1
  10
101.85420370840744
  20
-112.82321564643131
  42
1
  97
1
  330
2743
  75
0
  76
1
  47
0.8681437583925616
  98
1
  10
3.629517071192367
  20
33.92795499968543
  450
0
  451
0
  460
0
  461
0
  452
1
  462
1
  453
2
  463
0
  63
5
  421
255
  463
1
  63
7
  421
16777215
  470
LINEAR
  1001
ACAD
  1010
0
  1020
0
  1030
0
  0
LWPOLYLINE
  5
2745
  100
AcDbEntity
  8
Multi-Layer
  100
AcDbPolyline
  90
2
  70
1
  43
0
  10
100.33020066040133
  20
-112.82321564643131
  42
1
  10
101.85420370840743
  20
-112.82321564643131
  42
1
  0
HATCH
  5
2747
  100
AcDbEntity
  8
Multi-Layer
  100
AcDbHatch
  10
0
  20
0
  30
0
  210
0
  220
0
  230
1
  2
SOLID
  70
1
  71
0
  91
1
  92
7
  72
1
  73
1
  93
2
  10
100.33020066040133
  20
-112.82321564643131
  42
1
  10
101.85420370840744
  20
-112.82321564643131
  42
1
  97
1
  330
2746
  75
0
  76
1
  47
0.8681437583925616
  98
1
  10
3.629517071192367
  20
33.92795499968543
  450
0
  451
0
  460
0
  461
0
  452
1
  462
1
  453
2
  463
0
  63
5
  421
255
  463
1
  63
7
  421
16777215
  470
LINEAR
  1001
ACAD
  1010
0
  1020
0
  1030
0
  0
LWPOLYLINE
  5
2748
  100
AcDbEntity
  8
Multi-Layer
  100
AcDbPolyline
  90
2
  70
1
  43
0
  10
100.33020066040133
  20
-112.82321564643131
  42
1
  10
101.85420370840743
  20
-112.82321564643131
  42
1
  0
HATCH
  5
2753
  100
AcDbEntity
  8
Multi-Layer
  100
AcDbHatch
  10
0
  20
0
  30
0
  210
0
  220
0
  230
1
  2
SOLID
  70
1
  71
0
  91
1
  92
7
  72
1
  73
1
  93
2
  10
100.33020066040133
  20
-106.82321564643131
  42
1
  10
101.85420370840744
  20
-106.82321564643131
  42
1
  97
1
  330
2752
  75
0
  76
1
  47
0.8681437583925616
  98
1
  10
3.629517071192367
  20
33.92795499968543
  450
0
  451
0
  460
0
  461
0
  452
1
  462
1
  453
2
  463
0
  63
5
  421
255
  463
1
  63
7
  421
16777215
  470
LINEAR
  1001
ACAD
  1010
0
  1020
0
  1030
0
  0
LWPOLYLINE
  5
2754
  100
AcDbEntity
  8
Multi-Layer
  100
AcDbPolyline
  90
2
  70
1
  43
0
  10
100.33020066040133
  20
-106.82321564643131
  42
1
  10
101.85420370840743
  20
-106.82321564643131
  42
1
  0
HATCH
  5
2756
  100
AcDbEntity
  8
Multi-Layer
  100
AcDbHatch
  10
0
  20
0
  30
0
  210
0
  220
0
  230
1
  2
SOLID
  70
1
  71
0
  91
1
  92
7
  72
1
  73
1
  93
2
  10
100.33020066040133
  20
-106.82321564643131
  42
1
  10
101.85420370840744
  20
-106.82321564643131
  42
1
  97
1
  330
2755
  75
0
  76
1
  47
0.8681437583925616
  98
1
  10
3.629517071192367
  20
33.92795499968543
  450
0
  451
0
  460
0
  461
0
  452
1
  462
1
  453
2
  463
0
  63
5
  421
255
  463
1
  63
7
  421
16777215
  470
LINEAR
  1001
ACAD
  1010
0
  1020
0
  1030
0
  0
LWPOLYLINE
  5
2757
  100
AcDbEntity
  8
Multi-Layer
  100
AcDbPolyline
  90
2
  70
1
  43
0
  10
100.33020066040133
  20
-106.82321564643131
  42
1
  10
101.85420370840743
  20
-106.82321564643131
  42
1
  0
HATCH
  5
2759
  100
AcDbEntity
  8
Multi-Layer
  100
AcDbHatch
  10
0
  20
0
  30
0
  210
0
  220
0
  230
1
  2
SOLID
  70
1
  71
0
  91
1
  92
7
  72
1
  73
1
  93
2
  10
100.33020066040133
  20
-106.82321564643131
  42
1
  10
101.85420370840744
  20
-106.82321564643131
  42
1
  97
1
  330
2758
  75
0
  76
1
  47
0.8681437583925616
  98
1
  10
3.629517071192367
  20
33.92795499968543
  450
0
  451
0
  460
0
  461
0
  452
1
  462
1
  453
2
  463
0
  63
5
  421
255
  463
1
  63
7
  421
16777215
  470
LINEAR
  1001
ACAD
  1010
0
  1020
0
  1030
0
  0
LWPOLYLINE
  5
2760
  100
AcDbEntity
  8
Multi-Layer
  100
AcDbPolyline
  90
2
  70
1
  43
0
  10
100.33020066040133
  20
-106.82321564643131
  42
1
  10
101.85420370840743
  20
-106.82321564643131
  42
1
  0
HATCH
  5
2765
  100
AcDbEntity
  8
Multi-Layer
  100
AcDbHatch
  10
0
  20
0
  30
0
  210
0
  220
0
  230
1
  2
SOLID
  70
1
  71
0
  91
1
  92
7
  72
1
  73
1
  93
2
  10
100.33020066040133
  20
-104.82321564643131
  42
1
  10
101.85420370840744
  20
-104.82321564643131
  42
1
  97
1
  330
2764
  75
0
  76
1
  47
0.8681437583925616
  98
1
  10
3.629517071192367
  20
33.92795499968543
  450
0
  451
0
  460
0
  461
0
  452
1
  462
1
  453
2
  463
0
  63
5
  421
255
  463
1
  63
7
  421
16777215
  470
LINEAR
  1001
ACAD
  1010
0
  1020
0
  1030
0
  0
LWPOLYLINE
  5
2766
  100
AcDbEntity
  8
Multi-Layer
  100
AcDbPolyline
  90
2
  70
1
  43
0
  10
100.33020066040133
  20
-104.82321564643131
  42
1
  10
101.85420370840743
  20
-104.82321564643131
  42
1
  0
HATCH
  5
2768
  100
AcDbEntity
  8
Multi-Layer
  100
AcDbHatch
  10
0
  20
0
  30
0
  210
0
  220
0
  230
1
  2
SOLID
  70
1
  71
0
  91
1
  92
7
  72
1
  73
1
  93
2
  10
100.33020066040133
  20
-104.82321564643131
  42
1
  10
101.85420370840744
  20
-104.82321564643131
  42
1
  97
1
  330
2767
  75
0
  76
1
  47
0.8681437583925616
  98
1
  10
3.629517071192367
  20
33.92795499968543
  450
0
  451
0
  460
0
  461
0
  452
1
  462
1
  453
2
  463
0
  63
5
  421
255
  463
1
  63
7
  421
16777215
  470
LINEAR
  1001
ACAD
  1010
0
  1020
0
  1030
0
  0
LWPOLYLINE
  5
2769
  100
AcDbEntity
  8
Multi-Layer
  100
AcDbPolyline
  90
2
  70
1
  43
0
  10
100.33020066040133
  20
-104.82321564643131
  42
1
  10
101.85420370840743
  20
-104.82321564643131
  42
1
  0
HATCH
  5
2771
  100
AcDbEntity
  8
Multi-Layer
  100
AcDbHatch
  10
0
  20
0
  30
0
  210
0
  220
0
  230
1
  2
SOLID
  70
1
  71
0
  91
1
  92
7
  72
1
  73
1
  93
2
  10
100.33020066040133
  20
-104.82321564643131
  42
1
  10
101.85420370840744
  20
-104.82321564643131
  42
1
  97
1
  330
2770
  75
0
  76
1
  47
0.8681437583925616
  98
1
  10
3.629517071192367
  20
33.92795499968543
  450
0
  451
0
  460
0
  461
0
  452
1
  462
1
  453
2
  463
0
  63
5
  421
255
  463
1
  63
7
  421
16777215
  470
LINEAR
  1001
ACAD
  1010
0
  1020
0
  1030
0
  0
LWPOLYLINE
  5
2772
  100
AcDbEntity
  8
Multi-Layer
  100
AcDbPolyline
  90
2
  70
1
  43
0
  10
100.33020066040133
  20
-104.82321564643131
  42
1
  10
101.85420370840743
  20
-104.82321564643131
  42
1
  0
LWPOLYLINE
  5
2776
  100
AcDbEntity
  8
Multi-Layer
  100
AcDbPolyline
  90
4
  70
0
  43
0
  10
38.00335280670562
  20
-77.86131572262201
  42
1
  10
38.61336042672085
  20
-77.86131572262201
  10
38.61336042672085
  20
-77.86131572264092
  42
1
  10
38.00335280670562
  20
-77.86131572264092
  0
LWPOLYLINE
  5
2778
  100
AcDbEntity
  8
Multi-Layer
  100
AcDbPolyline
  90
4
  70
0
  43
0
  10
41.0972821945644
  20
-90.42418084815505
  42
1
  10
41.70688341376683
  20
-90.42418084864624
  10
41.70688341376683
  20
-90.42418084856837
  42
1
  10
41.0972821945644
  20
-90.42418084807717
  0
LWPOLYLINE
  5
2780
  100
AcDbEntity
  8
Multi-Layer
  100
AcDbPolyline
  90
4
  70
0
  43
0
  10
96.85039370078742
  20
-98.93319786618909
  42
1
  10
97.45999491998985
  20
-98.93319786668027
  10
97.45999491998985
  20
-98.9331978666024
  42
1
  10
96.85039370078742
  20
-98.93319786611121
  0
HATCH
  5
2902
  100
AcDbEntity
  8
Multi-Layer
  100
AcDbHatch
  10
0
  20
0
  30
0
  210
0
  220
0
  230
1
  2
SOLID
  70
1
  71
0
  91
1
  92
7
  72
1
  73
1
  93
2
  10
89.10515621031243
  20
-46.86309372618746
  42
1
  10
92.50520701041404
  20
-46.86309372618746
  42
1
  97
1
  330
2901
  75
0
  76
1
  47
0.8681437583925616
  98
1
  10
3.629517071192367
  20
33.92795499968543
  450
0
  451
0
  460
0
  461
0
  452
1
  462
1
  453
2
  463
0
  63
5
  421
255
  463
1
  63
7
  421
16777215
  470
LINEAR
  1001
ACAD
  1010
0
  1020
0
  1030
0
  0
LWPOLYLINE
  5
2903
  100
AcDbEntity
  8
Multi-Layer
  100
AcDbPolyline
  90
4
  70
0
  43
0.645162580647742
  10
89.10515621031243
  20
-46.86309372628514
  42
1
  10
92.50520701041403
  20
-46.86309372628515
  10
92.50520701041403
  20
-46.86309372608977
  42
1
  10
89.10515621031243
  20
-46.86309372608977
  0
HATCH
  5
2905
  100
AcDbEntity
  8
Multi-Layer
  100
AcDbHatch
  10
0
  20
0
  30
0
  210
0
  220
0
  230
1
  2
SOLID
  70
1
  71
0
  91
1
  92
7
  72
1
  73
1
  93
2
  10
84.35509271018543
  20
-46.86309372618746
  42
1
  10
86.25501651003304
  20
-46.86309372618746
  42
1
  97
1
  330
2904
  75
0
  76
1
  47
0.8681437583925616
  98
1
  10
3.629517071192367
  20
33.92795499968543
  450
0
  451
0
  460
0
  461
0
  452
1
  462
1
  453
2
  463
0
  63
5
  421
255
  463
1
  63
7
  421
16777215
  470
LINEAR
  1001
ACAD
  1010
0
  1020
0
  1030
0
  0
LWPOLYLINE
  5
2906
  100
AcDbEntity
  8
Multi-Layer
  100
AcDbPolyline
  90
2
  70
1
  43
0.645162580647742
  10
84.35509271018543
  20
-46.86309372618746
  42
1
  10
86.25501651003303
  20
-46.86309372618746
  42
1
  0
HATCH
  5
2908
  100
AcDbEntity
  8
Multi-Layer
  100
AcDbHatch
  10
0
  20
0
  30
0
  210
0
  220
0
  230
1
  2
SOLID
  70
1
  71
0
  91
1
  92
7
  72
1
  73
1
  93
2
  10
95.35534671069342
  20
-46.86309372618746
  42
1
  10
97.25527051054104
  20
-46.86309372618746
  42
1
  97
1
  330
2907
  75
0
  76
1
  47
0.8681437583925616
  98
1
  10
3.629517071192367
  20
33.92795499968543
  450
0
  451
0
  460
0
  461
0
  452
1
  462
1
  453
2
  463
0
  63
5
  421
255
  463
1
  63
7
  421
16777215
  470
LINEAR
  1001
ACAD
  1010
0
  1020
0
  1030
0
  0
LWPOLYLINE
  5
2909
  100
AcDbEntity
  8
Multi-Layer
  100
AcDbPolyline
  90
2
  70
1
  43
0.645162580647742
  10
95.35534671069342
  20
-46.86309372618746
  42
1
  10
97.25527051054104
  20
-46.86309372618746
  42
1
  0
HATCH
  5
2921
  100
AcDbEntity
  8
Multi-Layer
  100
AcDbHatch
  10
0
  20
0
  30
0
  210
0
  220
0
  230
1
  2
SOLID
  70
1
  71
0
  91
1
  92
7
  72
1
  73
1
  93
2
  10
89.10515621031243
  20
-28.448056896113798
  42
1
  10
92.50520701041404
  20
-28.448056896113798
  42
1
  97
1
  330
2920
  75
0
  76
1
  47
0.8681437583925616
  98
1
  10
3.629517071192367
  20
33.92795499968543
  450
0
  451
0
  460
0
  461
0
  452
1
  462
1
  453
2
  463
0
  63
5
  421
255
  463
1
  63
7
  421
16777215
  470
LINEAR
  1001
ACAD
  1010
0
  1020
0
  1030
0
  0
LWPOLYLINE
  5
2922
  100
AcDbEntity
  8
Multi-Layer
  100
AcDbPolyline
  90
4
  70
0
  43
0.645162580647742
  10
89.10515621031243
  20
-28.44805689621148
  42
1
  10
92.50520701041403
  20
-28.448056896211483
  10
92.50520701041403
  20
-28.448056896016112
  42
1
  10
89.10515621031243
  20
-28.448056896016112
  0
HATCH
  5
2924
  100
AcDbEntity
  8
Multi-Layer
  100
AcDbHatch
  10
0
  20
0
  30
0
  210
0
  220
0
  230
1
  2
SOLID
  70
1
  71
0
  91
1
  92
7
  72
1
  73
1
  93
2
  10
84.35509271018543
  20
-28.448056896113798
  42
1
  10
86.25501651003304
  20
-28.448056896113798
  42
1
  97
1
  330
2923
  75
0
  76
1
  47
0.8681437583925616
  98
1
  10
3.629517071192367
  20
33.92795499968543
  450
0
  451
0
  460
0
  461
0
  452
1
  462
1
  453
2
  463
0
  63
5
  421
255
  463
1
  63
7
  421
16777215
  470
LINEAR
  1001
ACAD
  1010
0
  1020
0
  1030
0
  0
LWPOLYLINE
  5
2925
  100
AcDbEntity
  8
Multi-Layer
  100
AcDbPolyline
  90
2
  70
1
  43
0.645162580647742
  10
84.35509271018543
  20
-28.448056896113798
  42
1
  10
86.25501651003303
  20
-28.448056896113798
  42
1
  0
HATCH
  5
2927
  100
AcDbEntity
  8
Multi-Layer
  100
AcDbHatch
  10
0
  20
0
  30
0
  210
0
  220
0
  230
1
  2
SOLID
  70
1
  71
0
  91
1
  92
7
  72
1
  73
1
  93
2
  10
95.35534671069342
  20
-28.448056896113798
  42
1
  10
97.25527051054104
  20
-28.448056896113798
  42
1
  97
1
  330
2926
  75
0
  76
1
  47
0.8681437583925616
  98
1
  10
3.629517071192367
  20
33.92795499968543
  450
0
  451
0
  460
0
  461
0
  452
1
  462
1
  453
2
  463
0
  63
5
  421
255
  463
1
  63
7
  421
16777215
  470
LINEAR
  1001
ACAD
  1010
0
  1020
0
  1030
0
  0
LWPOLYLINE
  5
2928
  100
AcDbEntity
  8
Multi-Layer
  100
AcDbPolyline
  90
2
  70
1
  43
0.645162580647742
  10
95.35534671069342
  20
-28.448056896113798
  42
1
  10
97.25527051054104
  20
-28.448056896113798
  42
1
  0
HATCH
  5
2940
  100
AcDbEntity
  8
Multi-Layer
  100
AcDbHatch
  10
0
  20
0
  30
0
  210
0
  220
0
  230
1
  2
SOLID
  70
1
  71
0
  91
1
  92
7
  72
1
  73
1
  93
2
  10
89.10515621031243
  20
-10.033020066040134
  42
1
  10
92.50520701041404
  20
-10.033020066040134
  42
1
  97
1
  330
2939
  75
0
  76
1
  47
0.8681437583925616
  98
1
  10
3.629517071192367
  20
33.92795499968543
  450
0
  451
0
  460
0
  461
0
  452
1
  462
1
  453
2
  463
0
  63
5
  421
255
  463
1
  63
7
  421
16777215
  470
LINEAR
  1001
ACAD
  1010
0
  1020
0
  1030
0
  0
LWPOLYLINE
  5
2941
  100
AcDbEntity
  8
Multi-Layer
  100
AcDbPolyline
  90
4
  70
0
  43
0.645162580647742
  10
89.10515621031243
  20
-10.033020066137816
  42
1
  10
92.50520701041403
  20
-10.033020066137817
  10
92.50520701041403
  20
-10.033020065942452
  42
1
  10
89.10515621031243
  20
-10.033020065942452
  0
HATCH
  5
2943
  100
AcDbEntity
  8
Multi-Layer
  100
AcDbHatch
  10
0
  20
0
  30
0
  210
0
  220
0
  230
1
  2
SOLID
  70
1
  71
0
  91
1
  92
7
  72
1
  73
1
  93
2
  10
84.35509271018543
  20
-10.033020066040134
  42
1
  10
86.25501651003304
  20
-10.033020066040134
  42
1
  97
1
  330
2942
  75
0
  76
1
  47
0.8681437583925616
  98
1
  10
3.629517071192367
  20
33.92795499968543
  450
0
  451
0
  460
0
  461
0
  452
1
  462
1
  453
2
  463
0
  63
5
  421
255
  463
1
  63
7
  421
16777215
  470
LINEAR
  1001
ACAD
  1010
0
  1020
0
  1030
0
  0
LWPOLYLINE
  5
2944
  100
AcDbEntity
  8
Multi-Layer
  100
AcDbPolyline
  90
2
  70
1
  43
0.645162580647742
  10
84.35509271018543
  20
-10.033020066040134
  42
1
  10
86.25501651003303
  20
-10.033020066040134
  42
1
  0
HATCH
  5
2946
  100
AcDbEntity
  8
Multi-Layer
  100
AcDbHatch
  10
0
  20
0
  30
0
  210
0
  220
0
  230
1
  2
SOLID
  70
1
  71
0
  91
1
  92
7
  72
1
  73
1
  93
2
  10
95.35534671069342
  20
-10.033020066040134
  42
1
  10
97.25527051054104
  20
-10.033020066040134
  42
1
  97
1
  330
2945
  75
0
  76
1
  47
0.8681437583925616
  98
1
  10
3.629517071192367
  20
33.92795499968543
  450
0
  451
0
  460
0
  461
0
  452
1
  462
1
  453
2
  463
0
  63
5
  421
255
  463
1
  63
7
  421
16777215
  470
LINEAR
  1001
ACAD
  1010
0
  1020
0
  1030
0
  0
LWPOLYLINE
  5
2947
  100
AcDbEntity
  8
Multi-Layer
  100
AcDbPolyline
  90
2
  70
1
  43
0.645162580647742
  10
95.35534671069342
  20
-10.033020066040134
  42
1
  10
97.25527051054104
  20
-10.033020066040134
  42
1
  0
HATCH
  5
2959
  100
AcDbEntity
  8
Multi-Layer
  100
AcDbHatch
  10
0
  20
0
  30
0
  210
0
  220
0
  230
1
  2
SOLID
  70
1
  71
0
  91
1
  92
7
  72
1
  73
1
  93
2
  10
10.110998221996446
  20
-19.050038100076204
  42
1
  10
13.511049022098046
  20
-19.050038100076204
  42
1
  97
1
  330
2958
  75
0
  76
1
  47
0.8681437583925616
  98
1
  10
3.629517071192367
  20
33.92795499968543
  450
0
  451
0
  460
0
  461
0
  452
1
  462
1
  453
2
  463
0
  63
5
  421
255
  463
1
  63
7
  421
16777215
  470
LINEAR
  1001
ACAD
  1010
0
  1020
0
  1030
0
  0
LWPOLYLINE
  5
2960
  100
AcDbEntity
  8
Multi-Layer
  100
AcDbPolyline
  90
4
  70
0
  43
0.645162580647742
  10
10.110998221996446
  20
-19.05003809645275
  42
1
  10
13.511049022098046
  20
-19.050038105544505
  10
13.511049022098046
  20
-19.050038103699656
  42
1
  10
10.110998221996446
  20
-19.0500380946079
  0
HATCH
  5
2962
  100
AcDbEntity
  8
Multi-Layer
  100
AcDbHatch
  10
0
  20
0
  30
0
  210
0
  220
0
  230
1
  2
SOLID
  70
1
  71
0
  91
1
  92
7
  72
1
  73
1
  93
2
  10
5.401931834482809
  20
-19.72033496624208
  42
1
  10
7.301855634330408
  20
-19.72033496624208
  42
1
  97
1
  330
2961
  75
0
  76
1
  47
0.8681437583925616
  98
1
  10
3.629517071192367
  20
33.92795499968543
  450
0
  451
0
  460
0
  461
0
  452
1
  462
1
  453
2
  463
0
  63
5
  421
255
  463
1
  63
7
  421
16777215
  470
LINEAR
  1001
ACAD
  1010
0
  1020
0
  1030
0
  0
LWPOLYLINE
  5
2963
  100
AcDbEntity
  8
Multi-Layer
  100
AcDbPolyline
  90
4
  70
0
  43
0.645162580647742
  10
5.401931834482809
  20
-19.720334962714652
  42
1
  10
7.301855634330408
  20
-19.72033497030058
  10
7.301855634330408
  20
-19.720334969769507
  42
1
  10
5.401931834482809
  20
-19.72033496218358
  0
HATCH
  5
2965
  100
AcDbEntity
  8
Multi-Layer
  100
AcDbHatch
  10
0
  20
0
  30
0
  210
0
  220
0
  230
1
  2
SOLID
  70
1
  71
0
  91
1
  92
7
  72
1
  73
1
  93
2
  10
16.320191609764084
  20
-18.379741233910327
  42
1
  10
18.220115409611683
  20
-18.379741233910327
  42
1
  97
1
  330
2964
  75
0
  76
1
  47
0.8681437583925616
  98
1
  10
3.629517071192367
  20
33.92795499968543
  450
0
  451
0
  460
0
  461
0
  452
1
  462
1
  453
2
  463
0
  63
5
  421
255
  463
1
  63
7
  421
16777215
  470
LINEAR
  1001
ACAD
  1010
0
  1020
0
  1030
0
  0
LWPOLYLINE
  5
2966
  100
AcDbEntity
  8
Multi-Layer
  100
AcDbPolyline
  90
4
  70
0
  43
0.645162580647742
  10
16.320191609764084
  20
-18.379741233039145
  42
1
  10
18.220115409611683
  20
-18.37974123405547
  10
18.220115409611683
  20
-18.379741234781505
  42
1
  10
16.320191609764084
  20
-18.37974123376518
  0
HATCH
  5
2978
  100
AcDbEntity
  8
Multi-Layer
  100
AcDbHatch
  10
0
  20
0
  30
0
  210
0
  220
0
  230
1
  2
SOLID
  70
1
  71
0
  91
1
  92
7
  72
1
  73
1
  93
2
  10
12.39700279400559
  20
-37.46507493014987
  42
1
  10
15.79705359410719
  20
-37.46507493014987
  42
1
  97
1
  330
2977
  75
0
  76
1
  47
0.8681437583925616
  98
1
  10
3.629517071192367
  20
33.92795499968543
  450
0
  451
0
  460
0
  461
0
  452
1
  462
1
  453
2
  463
0
  63
5
  421
255
  463
1
  63
7
  421
16777215
  470
LINEAR
  1001
ACAD
  1010
0
  1020
0
  1030
0
  0
LWPOLYLINE
  5
2979
  100
AcDbEntity
  8
Multi-Layer
  100
AcDbPolyline
  90
4
  70
0
  43
0.645162580647742
  10
12.39700279400559
  20
-37.46507492652641
  42
1
  10
15.79705359410719
  20
-37.46507493561817
  10
15.79705359410719
  20
-37.465074933773316
  42
1
  10
12.39700279400559
  20
-37.46507492468156
  0
HATCH
  5
2981
  100
AcDbEntity
  8
Multi-Layer
  100
AcDbHatch
  10
0
  20
0
  30
0
  210
0
  220
0
  230
1
  2
SOLID
  70
1
  71
0
  91
1
  92
7
  72
1
  73
1
  93
2
  10
7.687936406491952
  20
-38.135371796315745
  42
1
  10
9.58786020633955
  20
-38.135371796315745
  42
1
  97
1
  330
2980
  75
0
  76
1
  47
0.8681437583925616
  98
1
  10
3.629517071192367
  20
33.92795499968543
  450
0
  451
0
  460
0
  461
0
  452
1
  462
1
  453
2
  463
0
  63
5
  421
255
  463
1
  63
7
  421
16777215
  470
LINEAR
  1001
ACAD
  1010
0
  1020
0
  1030
0
  0
LWPOLYLINE
  5
2982
  100
AcDbEntity
  8
Multi-Layer
  100
AcDbPolyline
  90
2
  70
1
  43
0.645162580647742
  10
7.687936406491953
  20
-38.135371796315745
  42
1
  10
9.587860206339553
  20
-38.135371796315745
  42
1
  0
HATCH
  5
2984
  100
AcDbEntity
  8
Multi-Layer
  100
AcDbHatch
  10
0
  20
0
  30
0
  210
0
  220
0
  230
1
  2
SOLID
  70
1
  71
0
  91
1
  92
7
  72
1
  73
1
  93
2
  10
18.606196181773228
  20
-36.79477806398399
  42
1
  10
20.506119981620827
  20
-36.79477806398399
  42
1
  97
1
  330
2983
  75
0
  76
1
  47
0.8681437583925616
  98
1
  10
3.629517071192367
  20
33.92795499968543
  450
0
  451
0
  460
0
  461
0
  452
1
  462
1
  453
2
  463
0
  63
5
  421
255
  463
1
  63
7
  421
16777215
  470
LINEAR
  1001
ACAD
  1010
0
  1020
0
  1030
0
  0
LWPOLYLINE
  5
2985
  100
AcDbEntity
  8
Multi-Layer
  100
AcDbPolyline
  90
4
  70
0
  43
0.645162580647742
  10
18.606196181773228
  20
-36.79477806311281
  42
1
  10
20.506119981620827
  20
-36.794778064129126
  10
20.506119981620827
  20
-36.79477806485517
  42
1
  10
18.606196181773228
  20
-36.79477806383885
  0
HATCH
  5
2997
  100
AcDbEntity
  8
Multi-Layer
  100
AcDbHatch
  10
0
  20
0
  30
0
  210
0
  220
0
  230
1
  2
SOLID
  70
1
  71
0
  91
1
  92
7
  72
1
  73
1
  93
2
  10
14.683007366014733
  20
-55.88011176022353
  42
1
  10
18.083058166116334
  20
-55.88011176022353
  42
1
  97
1
  330
2996
  75
0
  76
1
  47
0.8681437583925616
  98
1
  10
3.629517071192367
  20
33.92795499968543
  450
0
  451
0
  460
0
  461
0
  452
1
  462
1
  453
2
  463
0
  63
5
  421
255
  463
1
  63
7
  421
16777215
  470
LINEAR
  1001
ACAD
  1010
0
  1020
0
  1030
0
  0
LWPOLYLINE
  5
2998
  100
AcDbEntity
  8
Multi-Layer
  100
AcDbPolyline
  90
4
  70
0
  43
0.645162580647742
  10
14.683007366014735
  20
-55.88011175660007
  42
1
  10
18.083058166116334
  20
-55.88011176569183
  10
18.083058166116334
  20
-55.88011176384698
  42
1
  10
14.683007366014735
  20
-55.88011175475523
  0
HATCH
  5
3000
  100
AcDbEntity
  8
Multi-Layer
  100
AcDbHatch
  10
0
  20
0
  30
0
  210
0
  220
0
  230
1
  2
SOLID
  70
1
  71
0
  91
1
  92
7
  72
1
  73
1
  93
2
  10
9.973940978501096
  20
-56.550408626389405
  42
1
  10
11.873864778348695
  20
-56.550408626389405
  42
1
  97
1
  330
2999
  75
0
  76
1
  47
0.8681437583925616
  98
1
  10
3.629517071192367
  20
33.92795499968543
  450
0
  451
0
  460
0
  461
0
  452
1
  462
1
  453
2
  463
0
  63
5
  421
255
  463
1
  63
7
  421
16777215
  470
LINEAR
  1001
ACAD
  1010
0
  1020
0
  1030
0
  0
LWPOLYLINE
  5
3001
  100
AcDbEntity
  8
Multi-Layer
  100
AcDbPolyline
  90
2
  70
1
  43
0.645162580647742
  10
9.973940978501096
  20
-56.550408626389405
  42
1
  10
11.873864778348697
  20
-56.550408626389405
  42
1
  0
HATCH
  5
3003
  100
AcDbEntity
  8
Multi-Layer
  100
AcDbHatch
  10
0
  20
0
  30
0
  210
0
  220
0
  230
1
  2
SOLID
  70
1
  71
0
  91
1
  92
7
  72
1
  73
1
  93
2
  10
20.892200753782372
  20
-55.20981489405765
  42
1
  10
22.79212455362997
  20
-55.20981489405765
  42
1
  97
1
  330
3002
  75
0
  76
1
  47
0.8681437583925616
  98
1
  10
3.629517071192367
  20
33.92795499968543
  450
0
  451
0
  460
0
  461
0
  452
1
  462
1
  453
2
  463
0
  63
5
  421
255
  463
1
  63
7
  421
16777215
  470
LINEAR
  1001
ACAD
  1010
0
  1020
0
  1030
0
  0
LWPOLYLINE
  5
3004
  100
AcDbEntity
  8
Multi-Layer
  100
AcDbPolyline
  90
4
  70
0
  43
0.645162580647742
  10
20.892200753782372
  20
-55.20981489318647
  42
1
  10
22.79212455362997
  20
-55.20981489420279
  10
22.79212455362997
  20
-55.20981489492883
  42
1
  10
20.892200753782372
  20
-55.20981489391251
  0
HATCH
  5
3016
  100
AcDbEntity
  8
Multi-Layer
  100
AcDbHatch
  10
0
  20
0
  30
0
  210
0
  220
0
  230
1
  2
SOLID
  70
1
  71
0
  91
1
  92
7
  72
1
  73
1
  93
2
  10
16.969011938023876
  20
-74.16814833629668
  42
1
  10
20.36906273812548
  20
-74.16814833629668
  42
1
  97
1
  330
3015
  75
0
  76
1
  47
0.8681437583925616
  98
1
  10
3.629517071192367
  20
33.92795499968543
  450
0
  451
0
  460
0
  461
0
  452
1
  462
1
  453
2
  463
0
  63
5
  421
255
  463
1
  63
7
  421
16777215
  470
LINEAR
  1001
ACAD
  1010
0
  1020
0
  1030
0
  0
LWPOLYLINE
  5
3017
  100
AcDbEntity
  8
Multi-Layer
  100
AcDbPolyline
  90
4
  70
0
  43
0.645162580647742
  10
16.96901193802388
  20
-74.16814833267323
  42
1
  10
20.36906273812548
  20
-74.16814834176498
  10
20.36906273812548
  20
-74.16814833992014
  42
1
  10
16.96901193802388
  20
-74.16814833082839
  0
HATCH
  5
3019
  100
AcDbEntity
  8
Multi-Layer
  100
AcDbHatch
  10
0
  20
0
  30
0
  210
0
  220
0
  230
1
  2
SOLID
  70
1
  71
0
  91
1
  92
7
  72
1
  73
1
  93
2
  10
12.259842690761733
  20
-74.83845783205162
  42
1
  10
14.159766490609332
  20
-74.83845783205162
  42
1
  97
1
  330
3018
  75
0
  76
1
  47
0.8681437583925616
  98
1
  10
3.629517071192367
  20
33.92795499968543
  450
0
  451
0
  460
0
  461
0
  452
1
  462
1
  453
2
  463
0
  63
5
  421
255
  463
1
  63
7
  421
16777215
  470
LINEAR
  1001
ACAD
  1010
0
  1020
0
  1030
0
  0
LWPOLYLINE
  5
3020
  100
AcDbEntity
  8
Multi-Layer
  100
AcDbPolyline
  90
2
  70
1
  43
0.645162580647742
  10
12.259842690761733
  20
-74.83845783205162
  42
1
  10
14.159766490609334
  20
-74.83845783205162
  42
1
  0
HATCH
  5
3022
  100
AcDbEntity
  8
Multi-Layer
  100
AcDbHatch
  10
0
  20
0
  30
0
  210
0
  220
0
  230
1
  2
SOLID
  70
1
  71
0
  91
1
  92
7
  72
1
  73
1
  93
2
  10
23.178308185540022
  20
-73.49783884054176
  42
1
  10
25.07823198538762
  20
-73.49783884054176
  42
1
  97
1
  330
3021
  75
0
  76
1
  47
0.8681437583925616
  98
1
  10
3.629517071192367
  20
33.92795499968543
  450
0
  451
0
  460
0
  461
0
  452
1
  462
1
  453
2
  463
0
  63
5
  421
255
  463
1
  63
7
  421
16777215
  470
LINEAR
  1001
ACAD
  1010
0
  1020
0
  1030
0
  0
LWPOLYLINE
  5
3023
  100
AcDbEntity
  8
Multi-Layer
  100
AcDbPolyline
  90
4
  70
0
  43
0.645162580647742
  10
23.178308185540022
  20
-73.49783883967059
  42
1
  10
25.07823198538762
  20
-73.4978388406869
  10
25.07823198538762
  20
-73.49783884141294
  42
1
  10
23.178308185540022
  20
-73.49783884039664
  0
HATCH
  5
3035
  100
AcDbEntity
  8
Multi-Layer
  100
AcDbHatch
  10
0
  20
0
  30
0
  210
0
  220
0
  230
1
  2
SOLID
  70
1
  71
0
  91
1
  92
7
  72
1
  73
1
  93
2
  10
34.622047244094496
  20
-68.1991363982728
  42
1
  10
38.02209804419609
  20
-68.1991363982728
  42
1
  97
1
  330
3034
  75
0
  76
1
  47
0.8681437583925616
  98
1
  10
3.629517071192367
  20
33.92795499968543
  450
0
  451
0
  460
0
  461
0
  452
1
  462
1
  453
2
  463
0
  63
5
  421
255
  463
1
  63
7
  421
16777215
  470
LINEAR
  1001
ACAD
  1010
0
  1020
0
  1030
0
  0
LWPOLYLINE
  5
3036
  100
AcDbEntity
  8
Multi-Layer
  100
AcDbPolyline
  90
2
  70
1
  43
0.645162580647742
  10
34.62204724409449
  20
-68.1991363982728
  42
1
  10
38.0220980441961
  20
-68.1991363982728
  42
1
  0
HATCH
  5
3038
  100
AcDbEntity
  8
Multi-Layer
  100
AcDbHatch
  10
0
  20
0
  30
0
  210
0
  220
0
  230
1
  2
SOLID
  70
1
  71
0
  91
1
  92
7
  72
1
  73
1
  93
2
  10
29.912980856580855
  20
-68.86943326443868
  42
1
  10
31.812904656428454
  20
-68.86943326443868
  42
1
  97
1
  330
3037
  75
0
  76
1
  47
0.8681437583925616
  98
1
  10
3.629517071192367
  20
33.92795499968543
  450
0
  451
0
  460
0
  461
0
  452
1
  462
1
  453
2
  463
0
  63
5
  421
255
  463
1
  63
7
  421
16777215
  470
LINEAR
  1001
ACAD
  1010
0
  1020
0
  1030
0
  0
LWPOLYLINE
  5
3039
  100
AcDbEntity
  8
Multi-Layer
  100
AcDbPolyline
  90
4
  70
0
  43
0.645162580647742
  10
29.912980856580855
  20
-68.8694332635675
  42
1
  10
31.812904656428454
  20
-68.86943326458382
  10
31.812904656428454
  20
-68.86943326530985
  42
1
  10
29.912980856580855
  20
-68.86943326429355
  0
HATCH
  5
3041
  100
AcDbEntity
  8
Multi-Layer
  100
AcDbHatch
  10
0
  20
0
  30
0
  210
0
  220
0
  230
1
  2
SOLID
  70
1
  71
0
  91
1
  92
7
  72
1
  73
1
  93
2
  10
40.83124063186213
  20
-67.52883953210693
  42
1
  10
42.73116443170973
  20
-67.52883953210693
  42
1
  97
1
  330
3040
  75
0
  76
1
  47
0.8681437583925616
  98
1
  10
3.629517071192367
  20
33.92795499968543
  450
0
  451
0
  460
0
  461
0
  452
1
  462
1
  453
2
  463
0
  63
5
  421
255
  463
1
  63
7
  421
16777215
  470
LINEAR
  1001
ACAD
  1010
0
  1020
0
  1030
0
  0
LWPOLYLINE
  5
3042
  100
AcDbEntity
  8
Multi-Layer
  100
AcDbPolyline
  90
2
  70
1
  43
0.645162580647742
  10
40.83124063186212
  20
-67.52883953210693
  42
1
  10
42.73116443170973
  20
-67.52883953210693
  42
1
  0
HATCH
  5
3054
  100
AcDbEntity
  8
Multi-Layer
  100
AcDbHatch
  10
0
  20
0
  30
0
  210
0
  220
0
  230
1
  2
SOLID
  70
1
  71
0
  91
1
  92
7
  72
1
  73
1
  93
2
  10
32.46304292608586
  20
-49.91109982219965
  42
1
  10
35.86309372618746
  20
-49.91109982219965
  42
1
  97
1
  330
3053
  75
0
  76
1
  47
0.8681437583925616
  98
1
  10
3.629517071192367
  20
33.92795499968543
  450
0
  451
0
  460
0
  461
0
  452
1
  462
1
  453
2
  463
0
  63
5
  421
255
  463
1
  63
7
  421
16777215
  470
LINEAR
  1001
ACAD
  1010
0
  1020
0
  1030
0
  0
LWPOLYLINE
  5
3055
  100
AcDbEntity
  8
Multi-Layer
  100
AcDbPolyline
  90
2
  70
1
  43
0.645162580647742
  10
32.463042926085855
  20
-49.91109982219965
  42
1
  10
35.86309372618746
  20
-49.91109982219965
  42
1
  0
HATCH
  5
3057
  100
AcDbEntity
  8
Multi-Layer
  100
AcDbHatch
  10
0
  20
0
  30
0
  210
0
  220
0
  230
1
  2
SOLID
  70
1
  71
0
  91
1
  92
7
  72
1
  73
1
  93
2
  10
27.753976538572218
  20
-50.58139668836553
  42
1
  10
29.653900338419817
  20
-50.58139668836553
  42
1
  97
1
  330
3056
  75
0
  76
1
  47
0.8681437583925616
  98
1
  10
3.629517071192367
  20
33.92795499968543
  450
0
  451
0
  460
0
  461
0
  452
1
  462
1
  453
2
  463
0
  63
5
  421
255
  463
1
  63
7
  421
16777215
  470
LINEAR
  1001
ACAD
  1010
0
  1020
0
  1030
0
  0
LWPOLYLINE
  5
3058
  100
AcDbEntity
  8
Multi-Layer
  100
AcDbPolyline
  90
4
  70
0
  43
0.645162580647742
  10
27.75397653857222
  20
-50.58139668749435
  42
1
  10
29.653900338419817
  20
-50.581396688510665
  10
29.653900338419817
  20
-50.58139668923671
  42
1
  10
27.75397653857222
  20
-50.58139668822039
  0
HATCH
  5
3060
  100
AcDbEntity
  8
Multi-Layer
  100
AcDbHatch
  10
0
  20
0
  30
0
  210
0
  220
0
  230
1
  2
SOLID
  70
1
  71
0
  91
1
  92
7
  72
1
  73
1
  93
2
  10
38.67223631385349
  20
-49.240802956033775
  42
1
  10
40.57216011370109
  20
-49.240802956033775
  42
1
  97
1
  330
3059
  75
0
  76
1
  47
0.8681437583925616
  98
1
  10
3.629517071192367
  20
33.92795499968543
  450
0
  451
0
  460
0
  461
0
  452
1
  462
1
  453
2
  463
0
  63
5
  421
255
  463
1
  63
7
  421
16777215
  470
LINEAR
  1001
ACAD
  1010
0
  1020
0
  1030
0
  0
LWPOLYLINE
  5
3061
  100
AcDbEntity
  8
Multi-Layer
  100
AcDbPolyline
  90
2
  70
1
  43
0.645162580647742
  10
38.67223631385349
  20
-49.240802956033775
  42
1
  10
40.572160113701095
  20
-49.240802956033775
  42
1
  0
HATCH
  5
3073
  100
AcDbEntity
  8
Multi-Layer
  100
AcDbHatch
  10
0
  20
0
  30
0
  210
0
  220
0
  230
1
  2
SOLID
  70
1
  71
0
  91
1
  92
7
  72
1
  73
1
  93
2
  10
30.304038608077217
  20
-31.623063246126495
  42
1
  10
33.70408940817882
  20
-31.623063246126495
  42
1
  97
1
  330
3072
  75
0
  76
1
  47
0.8681437583925616
  98
1
  10
3.629517071192367
  20
33.92795499968543
  450
0
  451
0
  460
0
  461
0
  452
1
  462
1
  453
2
  463
0
  63
5
  421
255
  463
1
  63
7
  421
16777215
  470
LINEAR
  1001
ACAD
  1010
0
  1020
0
  1030
0
  0
LWPOLYLINE
  5
3074
  100
AcDbEntity
  8
Multi-Layer
  100
AcDbPolyline
  90
2
  70
1
  43
0.645162580647742
  10
30.304038608077217
  20
-31.623063246126495
  42
1
  10
33.704089408178824
  20
-31.623063246126495
  42
1
  0
HATCH
  5
3076
  100
AcDbEntity
  8
Multi-Layer
  100
AcDbHatch
  10
0
  20
0
  30
0
  210
0
  220
0
  230
1
  2
SOLID
  70
1
  71
0
  91
1
  92
7
  72
1
  73
1
  93
2
  10
25.594972220563584
  20
-32.293360112292376
  42
1
  10
27.494896020411183
  20
-32.293360112292376
  42
1
  97
1
  330
3075
  75
0
  76
1
  47
0.8681437583925616
  98
1
  10
3.629517071192367
  20
33.92795499968543
  450
0
  451
0
  460
0
  461
0
  452
1
  462
1
  453
2
  463
0
  63
5
  421
255
  463
1
  63
7
  421
16777215
  470
LINEAR
  1001
ACAD
  1010
0
  1020
0
  1030
0
  0
LWPOLYLINE
  5
3077
  100
AcDbEntity
  8
Multi-Layer
  100
AcDbPolyline
  90
4
  70
0
  43
0.645162580647742
  10
25.594972220563584
  20
-32.293360111421194
  42
1
  10
27.494896020411183
  20
-32.29336011243752
  10
27.494896020411183
  20
-32.29336011316355
  42
1
  10
25.594972220563584
  20
-32.29336011214723
  0
HATCH
  5
3079
  100
AcDbEntity
  8
Multi-Layer
  100
AcDbHatch
  10
0
  20
0
  30
0
  210
0
  220
0
  230
1
  2
SOLID
  70
1
  71
0
  91
1
  92
7
  72
1
  73
1
  93
2
  10
36.513231995844855
  20
-30.952766379960618
  42
1
  10
38.413155795692454
  20
-30.952766379960618
  42
1
  97
1
  330
3078
  75
0
  76
1
  47
0.8681437583925616
  98
1
  10
3.629517071192367
  20
33.92795499968543
  450
0
  451
0
  460
0
  461
0
  452
1
  462
1
  453
2
  463
0
  63
5
  421
255
  463
1
  63
7
  421
16777215
  470
LINEAR
  1001
ACAD
  1010
0
  1020
0
  1030
0
  0
LWPOLYLINE
  5
3080
  100
AcDbEntity
  8
Multi-Layer
  100
AcDbPolyline
  90
2
  70
1
  43
0.645162580647742
  10
36.513231995844855
  20
-30.952766379960618
  42
1
  10
38.413155795692454
  20
-30.952766379960618
  42
1
  0
HATCH
  5
3092
  100
AcDbEntity
  8
Multi-Layer
  100
AcDbHatch
  10
0
  20
0
  30
0
  210
0
  220
0
  230
1
  2
SOLID
  70
1
  71
0
  91
1
  92
7
  72
1
  73
1
  93
2
  10
28.018034036068073
  20
-13.335026670053342
  42
1
  10
31.418084836169676
  20
-13.335026670053342
  42
1
  97
1
  330
3091
  75
0
  76
1
  47
0.8681437583925616
  98
1
  10
3.629517071192367
  20
33.92795499968543
  450
0
  451
0
  460
0
  461
0
  452
1
  462
1
  453
2
  463
0
  63
5
  421
255
  463
1
  63
7
  421
16777215
  470
LINEAR
  1001
ACAD
  1010
0
  1020
0
  1030
0
  0
LWPOLYLINE
  5
3093
  100
AcDbEntity
  8
Multi-Layer
  100
AcDbPolyline
  90
4
  70
0
  43
0.645162580647742
  10
28.018034036068077
  20
-13.33502666642989
  42
1
  10
31.418084836169676
  20
-13.335026675521645
  10
31.418084836169676
  20
-13.335026673676794
  42
1
  10
28.018034036068077
  20
-13.335026664585042
  0
HATCH
  5
3095
  100
AcDbEntity
  8
Multi-Layer
  100
AcDbHatch
  10
0
  20
0
  30
0
  210
0
  220
0
  230
1
  2
SOLID
  70
1
  71
0
  91
1
  92
7
  72
1
  73
1
  93
2
  10
23.30896764855444
  20
-14.00532353621922
  42
1
  10
25.20889144840204
  20
-14.00532353621922
  42
1
  97
1
  330
3094
  75
0
  76
1
  47
0.8681437583925616
  98
1
  10
3.629517071192367
  20
33.92795499968543
  450
0
  451
0
  460
0
  461
0
  452
1
  462
1
  453
2
  463
0
  63
5
  421
255
  463
1
  63
7
  421
16777215
  470
LINEAR
  1001
ACAD
  1010
0
  1020
0
  1030
0
  0
LWPOLYLINE
  5
3096
  100
AcDbEntity
  8
Multi-Layer
  100
AcDbPolyline
  90
4
  70
0
  43
0.645162580647742
  10
23.30896764855444
  20
-14.005323535348042
  42
1
  10
25.208891448402035
  20
-14.005323536364363
  10
25.208891448402035
  20
-14.0053235370904
  42
1
  10
23.30896764855444
  20
-14.005323536074078
  0
HATCH
  5
3098
  100
AcDbEntity
  8
Multi-Layer
  100
AcDbHatch
  10
0
  20
0
  30
0
  210
0
  220
0
  230
1
  2
SOLID
  70
1
  71
0
  91
1
  92
7
  72
1
  73
1
  93
2
  10
34.227227423835714
  20
-12.664729803887463
  42
1
  10
36.12715122368331
  20
-12.664729803887463
  42
1
  97
1
  330
3097
  75
0
  76
1
  47
0.8681437583925616
  98
1
  10
3.629517071192367
  20
33.92795499968543
  450
0
  451
0
  460
0
  461
0
  452
1
  462
1
  453
2
  463
0
  63
5
  421
255
  463
1
  63
7
  421
16777215
  470
LINEAR
  1001
ACAD
  1010
0
  1020
0
  1030
0
  0
LWPOLYLINE
  5
3099
  100
AcDbEntity
  8
Multi-Layer
  100
AcDbPolyline
  90
2
  70
1
  43
0.645162580647742
  10
34.22722742383571
  20
-12.664729803887463
  42
1
  10
36.12715122368331
  20
-12.664729803887463
  42
1
  0
HATCH
  5
3111
  100
AcDbEntity
  8
Multi-Layer
  100
AcDbHatch
  10
0
  20
0
  30
0
  210
0
  220
0
  230
1
  2
SOLID
  70
1
  71
0
  91
1
  92
7
  72
1
  73
1
  93
2
  10
49.227076454152915
  20
-11.430022860045721
  42
1
  10
52.62712725425451
  20
-11.430022860045721
  42
1
  97
1
  330
3110
  75
0
  76
1
  47
0.8681437583925616
  98
1
  10
3.629517071192367
  20
33.92795499968543
  450
0
  451
0
  460
0
  461
0
  452
1
  462
1
  453
2
  463
0
  63
5
  421
255
  463
1
  63
7
  421
16777215
  470
LINEAR
  1001
ACAD
  1010
0
  1020
0
  1030
0
  0
LWPOLYLINE
  5
3112
  100
AcDbEntity
  8
Multi-Layer
  100
AcDbPolyline
  90
2
  70
1
  43
0.645162580647742
  10
49.227076454152915
  20
-11.430022860045721
  42
1
  10
52.62712725425452
  20
-11.430022860045721
  42
1
  0
HATCH
  5
3114
  100
AcDbEntity
  8
Multi-Layer
  100
AcDbHatch
  10
0
  20
0
  30
0
  210
0
  220
0
  230
1
  2
SOLID
  70
1
  71
0
  91
1
  92
7
  72
1
  73
1
  93
2
  10
44.49041098696311
  20
-11.813692324728294
  42
1
  10
46.39033478681071
  20
-11.813692324728294
  42
1
  97
1
  330
3113
  75
0
  76
1
  47
0.8681437583925616
  98
1
  10
3.629517071192367
  20
33.92795499968543
  450
0
  451
0
  460
0
  461
0
  452
1
  462
1
  453
2
  463
0
  63
5
  421
255
  463
1
  63
7
  421
16777215
  470
LINEAR
  1001
ACAD
  1010
0
  1020
0
  1030
0
  0
LWPOLYLINE
  5
3115
  100
AcDbEntity
  8
Multi-Layer
  100
AcDbPolyline
  90
2
  70
1
  43
0.645162580647742
  10
44.49041098696311
  20
-11.813692324728294
  42
1
  10
46.39033478681072
  20
-11.813692324728294
  42
1
  0
HATCH
  5
3117
  100
AcDbEntity
  8
Multi-Layer
  100
AcDbHatch
  10
0
  20
0
  30
0
  210
0
  220
0
  230
1
  2
SOLID
  70
1
  71
0
  91
1
  92
7
  72
1
  73
1
  93
2
  10
55.46386892159671
  20
-11.04635339536315
  42
1
  10
57.36379272144431
  20
-11.04635339536315
  42
1
  97
1
  330
3116
  75
0
  76
1
  47
0.8681437583925616
  98
1
  10
3.629517071192367
  20
33.92795499968543
  450
0
  451
0
  460
0
  461
0
  452
1
  462
1
  453
2
  463
0
  63
5
  421
255
  463
1
  63
7
  421
16777215
  470
LINEAR
  1001
ACAD
  1010
0
  1020
0
  1030
0
  0
LWPOLYLINE
  5
3118
  100
AcDbEntity
  8
Multi-Layer
  100
AcDbPolyline
  90
2
  70
1
  43
0.645162580647742
  10
55.46386892159671
  20
-11.04635339536315
  42
1
  10
57.36379272144432
  20
-11.04635339536315
  42
1
  0
HATCH
  5
3130
  100
AcDbEntity
  8
Multi-Layer
  100
AcDbHatch
  10
0
  20
0
  30
0
  210
0
  220
0
  230
1
  2
SOLID
  70
1
  71
0
  91
1
  92
7
  72
1
  73
1
  93
2
  10
50.497078994157995
  20
-29.845059690119385
  42
1
  10
53.89712979425959
  20
-29.845059690119385
  42
1
  97
1
  330
3129
  75
0
  76
1
  47
0.8681437583925616
  98
1
  10
3.629517071192367
  20
33.92795499968543
  450
0
  451
0
  460
0
  461
0
  452
1
  462
1
  453
2
  463
0
  63
5
  421
255
  463
1
  63
7
  421
16777215
  470
LINEAR
  1001
ACAD
  1010
0
  1020
0
  1030
0
  0
LWPOLYLINE
  5
3131
  100
AcDbEntity
  8
Multi-Layer
  100
AcDbPolyline
  90
2
  70
1
  43
0.645162580647742
  10
50.497078994157995
  20
-29.845059690119385
  42
1
  10
53.8971297942596
  20
-29.845059690119385
  42
1
  0
HATCH
  5
3133
  100
AcDbEntity
  8
Multi-Layer
  100
AcDbHatch
  10
0
  20
0
  30
0
  210
0
  220
0
  230
1
  2
SOLID
  70
1
  71
0
  91
1
  92
7
  72
1
  73
1
  93
2
  10
45.76041352696819
  20
-30.228729154801957
  42
1
  10
47.66033732681579
  20
-30.228729154801957
  42
1
  97
1
  330
3132
  75
0
  76
1
  47
0.8681437583925616
  98
1
  10
3.629517071192367
  20
33.92795499968543
  450
0
  451
0
  460
0
  461
0
  452
1
  462
1
  453
2
  463
0
  63
5
  421
255
  463
1
  63
7
  421
16777215
  470
LINEAR
  1001
ACAD
  1010
0
  1020
0
  1030
0
  0
LWPOLYLINE
  5
3134
  100
AcDbEntity
  8
Multi-Layer
  100
AcDbPolyline
  90
2
  70
1
  43
0.645162580647742
  10
45.76041352696819
  20
-30.228729154801957
  42
1
  10
47.6603373268158
  20
-30.228729154801957
  42
1
  0
HATCH
  5
3136
  100
AcDbEntity
  8
Multi-Layer
  100
AcDbHatch
  10
0
  20
0
  30
0
  210
0
  220
0
  230
1
  2
SOLID
  70
1
  71
0
  91
1
  92
7
  72
1
  73
1
  93
2
  10
56.733871461601794
  20
-29.461390225436812
  42
1
  10
58.63379526144939
  20
-29.461390225436812
  42
1
  97
1
  330
3135
  75
0
  76
1
  47
0.8681437583925616
  98
1
  10
3.629517071192367
  20
33.92795499968543
  450
0
  451
0
  460
0
  461
0
  452
1
  462
1
  453
2
  463
0
  63
5
  421
255
  463
1
  63
7
  421
16777215
  470
LINEAR
  1001
ACAD
  1010
0
  1020
0
  1030
0
  0
LWPOLYLINE
  5
3137
  100
AcDbEntity
  8
Multi-Layer
  100
AcDbPolyline
  90
2
  70
1
  43
0.645162580647742
  10
56.733871461601794
  20
-29.461390225436812
  42
1
  10
58.6337952614494
  20
-29.461390225436812
  42
1
  0
HATCH
  5
3149
  100
AcDbEntity
  8
Multi-Layer
  100
AcDbHatch
  10
0
  20
0
  30
0
  210
0
  220
0
  230
1
  2
SOLID
  70
1
  71
0
  91
1
  92
7
  72
1
  73
1
  93
2
  10
51.767081534163076
  20
-48.13309626619254
  42
1
  10
55.16713233426467
  20
-48.13309626619254
  42
1
  97
1
  330
3148
  75
0
  76
1
  47
0.8681437583925616
  98
1
  10
3.629517071192367
  20
33.92795499968543
  450
0
  451
0
  460
0
  461
0
  452
1
  462
1
  453
2
  463
0
  63
5
  421
255
  463
1
  63
7
  421
16777215
  470
LINEAR
  1001
ACAD
  1010
0
  1020
0
  1030
0
  0
LWPOLYLINE
  5
3150
  100
AcDbEntity
  8
Multi-Layer
  100
AcDbPolyline
  90
2
  70
1
  43
0.645162580647742
  10
51.76708153416307
  20
-48.13309626619254
  42
1
  10
55.16713233426468
  20
-48.13309626619254
  42
1
  0
HATCH
  5
3152
  100
AcDbEntity
  8
Multi-Layer
  100
AcDbHatch
  10
0
  20
0
  30
0
  210
0
  220
0
  230
1
  2
SOLID
  70
1
  71
0
  91
1
  92
7
  72
1
  73
1
  93
2
  10
47.030416066973274
  20
-48.51676573087511
  42
1
  10
48.93033986682087
  20
-48.51676573087511
  42
1
  97
1
  330
3151
  75
0
  76
1
  47
0.8681437583925616
  98
1
  10
3.629517071192367
  20
33.92795499968543
  450
0
  451
0
  460
0
  461
0
  452
1
  462
1
  453
2
  463
0
  63
5
  421
255
  463
1
  63
7
  421
16777215
  470
LINEAR
  1001
ACAD
  1010
0
  1020
0
  1030
0
  0
LWPOLYLINE
  5
3153
  100
AcDbEntity
  8
Multi-Layer
  100
AcDbPolyline
  90
2
  70
1
  43
0.645162580647742
  10
47.030416066973274
  20
-48.51676573087511
  42
1
  10
48.93033986682088
  20
-48.51676573087511
  42
1
  0
HATCH
  5
3155
  100
AcDbEntity
  8
Multi-Layer
  100
AcDbHatch
  10
0
  20
0
  30
0
  210
0
  220
0
  230
1
  2
SOLID
  70
1
  71
0
  91
1
  92
7
  72
1
  73
1
  93
2
  10
58.003874001606874
  20
-47.74942680150997
  42
1
  10
59.90379780145447
  20
-47.74942680150997
  42
1
  97
1
  330
3154
  75
0
  76
1
  47
0.8681437583925616
  98
1
  10
3.629517071192367
  20
33.92795499968543
  450
0
  451
0
  460
0
  461
0
  452
1
  462
1
  453
2
  463
0
  63
5
  421
255
  463
1
  63
7
  421
16777215
  470
LINEAR
  1001
ACAD
  1010
0
  1020
0
  1030
0
  0
LWPOLYLINE
  5
3156
  100
AcDbEntity
  8
Multi-Layer
  100
AcDbPolyline
  90
2
  70
1
  43
0.645162580647742
  10
58.003874001606874
  20
-47.74942680150997
  42
1
  10
59.90379780145447
  20
-47.74942680150997
  42
1
  0
HATCH
  5
3168
  100
AcDbEntity
  8
Multi-Layer
  100
AcDbHatch
  10
0
  20
0
  30
0
  210
0
  220
0
  230
1
  2
SOLID
  70
1
  71
0
  91
1
  92
7
  72
1
  73
1
  93
2
  10
53.037084074168156
  20
-66.42113284226569
  42
1
  10
56.43713487426975
  20
-66.42113284226569
  42
1
  97
1
  330
3167
  75
0
  76
1
  47
0.8681437583925616
  98
1
  10
3.629517071192367
  20
33.92795499968543
  450
0
  451
0
  460
0
  461
0
  452
1
  462
1
  453
2
  463
0
  63
5
  421
255
  463
1
  63
7
  421
16777215
  470
LINEAR
  1001
ACAD
  1010
0
  1020
0
  1030
0
  0
LWPOLYLINE
  5
3169
  100
AcDbEntity
  8
Multi-Layer
  100
AcDbPolyline
  90
2
  70
1
  43
0.645162580647742
  10
53.03708407416815
  20
-66.42113284226569
  42
1
  10
56.43713487426976
  20
-66.42113284226569
  42
1
  0
HATCH
  5
3171
  100
AcDbEntity
  8
Multi-Layer
  100
AcDbHatch
  10
0
  20
0
  30
0
  210
0
  220
0
  230
1
  2
SOLID
  70
1
  71
0
  91
1
  92
7
  72
1
  73
1
  93
2
  10
48.300418606978354
  20
-66.80480230694826
  42
1
  10
50.20034240682595
  20
-66.80480230694826
  42
1
  97
1
  330
3170
  75
0
  76
1
  47
0.8681437583925616
  98
1
  10
3.629517071192367
  20
33.92795499968543
  450
0
  451
0
  460
0
  461
0
  452
1
  462
1
  453
2
  463
0
  63
5
  421
255
  463
1
  63
7
  421
16777215
  470
LINEAR
  1001
ACAD
  1010
0
  1020
0
  1030
0
  0
LWPOLYLINE
  5
3172
  100
AcDbEntity
  8
Multi-Layer
  100
AcDbPolyline
  90
2
  70
1
  43
0.645162580647742
  10
48.300418606978354
  20
-66.80480230694826
  42
1
  10
50.20034240682596
  20
-66.80480230694826
  42
1
  0
HATCH
  5
3174
  100
AcDbEntity
  8
Multi-Layer
  100
AcDbHatch
  10
0
  20
0
  30
0
  210
0
  220
0
  230
1
  2
SOLID
  70
1
  71
0
  91
1
  92
7
  72
1
  73
1
  93
2
  10
59.273876541611955
  20
-66.03746337758312
  42
1
  10
61.173800341459554
  20
-66.03746337758312
  42
1
  97
1
  330
3173
  75
0
  76
1
  47
0.8681437583925616
  98
1
  10
3.629517071192367
  20
33.92795499968543
  450
0
  451
0
  460
0
  461
0
  452
1
  462
1
  453
2
  463
0
  63
5
  421
255
  463
1
  63
7
  421
16777215
  470
LINEAR
  1001
ACAD
  1010
0
  1020
0
  1030
0
  0
LWPOLYLINE
  5
3175
  100
AcDbEntity
  8
Multi-Layer
  100
AcDbPolyline
  90
2
  70
1
  43
0.645162580647742
  10
59.273876541611955
  20
-66.03746337758312
  42
1
  10
61.173800341459554
  20
-66.03746337758312
  42
1
  0
HATCH
  5
3187
  100
AcDbEntity
  8
Multi-Layer
  100
AcDbHatch
  10
0
  20
0
  30
0
  210
0
  220
0
  230
1
  2
SOLID
  70
1
  71
0
  91
1
  92
7
  72
1
  73
1
  93
2
  10
71.45212090424181
  20
-65.40513081026162
  42
1
  10
74.85217170434342
  20
-65.40513081026162
  42
1
  97
1
  330
3186
  75
0
  76
1
  47
0.8681437583925616
  98
1
  10
3.629517071192367
  20
33.92795499968543
  450
0
  451
0
  460
0
  461
0
  452
1
  462
1
  453
2
  463
0
  63
5
  421
255
  463
1
  63
7
  421
16777215
  470
LINEAR
  1001
ACAD
  1010
0
  1020
0
  1030
0
  0
LWPOLYLINE
  5
3188
  100
AcDbEntity
  8
Multi-Layer
  100
AcDbPolyline
  90
4
  70
0
  43
0.645162580647742
  10
71.45212090424182
  20
-65.40513081035931
  42
1
  10
74.85217170434342
  20
-65.40513081035931
  10
74.85217170434342
  20
-65.40513081016395
  42
1
  10
71.45212090424182
  20
-65.40513081016395
  0
HATCH
  5
3190
  100
AcDbEntity
  8
Multi-Layer
  100
AcDbHatch
  10
0
  20
0
  30
0
  210
0
  220
0
  230
1
  2
SOLID
  70
1
  71
0
  91
1
  92
7
  72
1
  73
1
  93
2
  10
66.70540793287492
  20
-65.59708247437032
  42
1
  10
68.60533173272253
  20
-65.59708247437032
  42
1
  97
1
  330
3189
  75
0
  76
1
  47
0.8681437583925616
  98
1
  10
3.629517071192367
  20
33.92795499968543
  450
0
  451
0
  460
0
  461
0
  452
1
  462
1
  453
2
  463
0
  63
5
  421
255
  463
1
  63
7
  421
16777215
  470
LINEAR
  1001
ACAD
  1010
0
  1020
0
  1030
0
  0
LWPOLYLINE
  5
3191
  100
AcDbEntity
  8
Multi-Layer
  100
AcDbPolyline
  90
2
  70
1
  43
0.645162580647742
  10
66.70540793287492
  20
-65.59708247437032
  42
1
  10
68.60533173272252
  20
-65.59708247437032
  42
1
  0
HATCH
  5
3193
  100
AcDbEntity
  8
Multi-Layer
  100
AcDbHatch
  10
0
  20
0
  30
0
  210
0
  220
0
  230
1
  2
SOLID
  70
1
  71
0
  91
1
  92
7
  72
1
  73
1
  93
2
  10
77.69896087586271
  20
-65.21317914615294
  42
1
  10
79.59888467571032
  20
-65.21317914615294
  42
1
  97
1
  330
3192
  75
0
  76
1
  47
0.8681437583925616
  98
1
  10
3.629517071192367
  20
33.92795499968543
  450
0
  451
0
  460
0
  461
0
  452
1
  462
1
  453
2
  463
0
  63
5
  421
255
  463
1
  63
7
  421
16777215
  470
LINEAR
  1001
ACAD
  1010
0
  1020
0
  1030
0
  0
LWPOLYLINE
  5
3194
  100
AcDbEntity
  8
Multi-Layer
  100
AcDbPolyline
  90
2
  70
1
  43
0.645162580647742
  10
77.69896087586271
  20
-65.21317914615294
  42
1
  10
79.59888467571032
  20
-65.21317914615294
  42
1
  0
HATCH
  5
3206
  100
AcDbEntity
  8
Multi-Layer
  100
AcDbHatch
  10
0
  20
0
  30
0
  210
0
  220
0
  230
1
  2
SOLID
  70
1
  71
0
  91
1
  92
7
  72
1
  73
1
  93
2
  10
70.81711963423928
  20
-47.11709423418847
  42
1
  10
74.21717043434089
  20
-47.11709423418847
  42
1
  97
1
  330
3205
  75
0
  76
1
  47
0.8681437583925616
  98
1
  10
3.629517071192367
  20
33.92795499968543
  450
0
  451
0
  460
0
  461
0
  452
1
  462
1
  453
2
  463
0
  63
5
  421
255
  463
1
  63
7
  421
16777215
  470
LINEAR
  1001
ACAD
  1010
0
  1020
0
  1030
0
  0
LWPOLYLINE
  5
3207
  100
AcDbEntity
  8
Multi-Layer
  100
AcDbPolyline
  90
4
  70
0
  43
0.645162580647742
  10
70.81711963423928
  20
-47.11709423428616
  42
1
  10
74.21717043434087
  20
-47.117094234286164
  10
74.21717043434087
  20
-47.117094234090786
  42
1
  10
70.81711963423928
  20
-47.117094234090786
  0
HATCH
  5
3209
  100
AcDbEntity
  8
Multi-Layer
  100
AcDbHatch
  10
0
  20
0
  30
0
  210
0
  220
0
  230
1
  2
SOLID
  70
1
  71
0
  91
1
  92
7
  72
1
  73
1
  93
2
  10
66.07040666287237
  20
-47.30904589829718
  42
1
  10
67.97033046271999
  20
-47.30904589829718
  42
1
  97
1
  330
3208
  75
0
  76
1
  47
0.8681437583925616
  98
1
  10
3.629517071192367
  20
33.92795499968543
  450
0
  451
0
  460
0
  461
0
  452
1
  462
1
  453
2
  463
0
  63
5
  421
255
  463
1
  63
7
  421
16777215
  470
LINEAR
  1001
ACAD
  1010
0
  1020
0
  1030
0
  0
LWPOLYLINE
  5
3210
  100
AcDbEntity
  8
Multi-Layer
  100
AcDbPolyline
  90
2
  70
1
  43
0.645162580647742
  10
66.07040666287237
  20
-47.30904589829718
  42
1
  10
67.97033046271999
  20
-47.30904589829718
  42
1
  0
HATCH
  5
3212
  100
AcDbEntity
  8
Multi-Layer
  100
AcDbHatch
  10
0
  20
0
  30
0
  210
0
  220
0
  230
1
  2
SOLID
  70
1
  71
0
  91
1
  92
7
  72
1
  73
1
  93
2
  10
77.06395960586016
  20
-46.92514257007977
  42
1
  10
78.96388340570778
  20
-46.92514257007977
  42
1
  97
1
  330
3211
  75
0
  76
1
  47
0.8681437583925616
  98
1
  10
3.629517071192367
  20
33.92795499968543
  450
0
  451
0
  460
0
  461
0
  452
1
  462
1
  453
2
  463
0
  63
5
  421
255
  463
1
  63
7
  421
16777215
  470
LINEAR
  1001
ACAD
  1010
0
  1020
0
  1030
0
  0
LWPOLYLINE
  5
3213
  100
AcDbEntity
  8
Multi-Layer
  100
AcDbPolyline
  90
2
  70
1
  43
0.645162580647742
  10
77.06395960586018
  20
-46.92514257007977
  42
1
  10
78.96388340570778
  20
-46.92514257007977
  42
1
  0
HATCH
  5
3225
  100
AcDbEntity
  8
Multi-Layer
  100
AcDbHatch
  10
0
  20
0
  30
0
  210
0
  220
0
  230
1
  2
SOLID
  70
1
  71
0
  91
1
  92
7
  72
1
  73
1
  93
2
  10
70.18211836423673
  20
-28.70205740411481
  42
1
  10
73.58216916433834
  20
-28.70205740411481
  42
1
  97
1
  330
3224
  75
0
  76
1
  47
0.8681437583925616
  98
1
  10
3.629517071192367
  20
33.92795499968543
  450
0
  451
0
  460
0
  461
0
  452
1
  462
1
  453
2
  463
0
  63
5
  421
255
  463
1
  63
7
  421
16777215
  470
LINEAR
  1001
ACAD
  1010
0
  1020
0
  1030
0
  0
LWPOLYLINE
  5
3226
  100
AcDbEntity
  8
Multi-Layer
  100
AcDbPolyline
  90
4
  70
0
  43
0.645162580647742
  10
70.18211836423674
  20
-28.702057404212493
  42
1
  10
73.58216916433834
  20
-28.702057404212496
  10
73.58216916433834
  20
-28.70205740401713
  42
1
  10
70.18211836423674
  20
-28.70205740401713
  0
HATCH
  5
3228
  100
AcDbEntity
  8
Multi-Layer
  100
AcDbHatch
  10
0
  20
0
  30
0
  210
0
  220
0
  230
1
  2
SOLID
  70
1
  71
0
  91
1
  92
7
  72
1
  73
1
  93
2
  10
65.43540539286984
  20
-28.89400906822351
  42
1
  10
67.33532919271745
  20
-28.89400906822351
  42
1
  97
1
  330
3227
  75
0
  76
1
  47
0.8681437583925616
  98
1
  10
3.629517071192367
  20
33.92795499968543
  450
0
  451
0
  460
0
  461
0
  452
1
  462
1
  453
2
  463
0
  63
5
  421
255
  463
1
  63
7
  421
16777215
  470
LINEAR
  1001
ACAD
  1010
0
  1020
0
  1030
0
  0
LWPOLYLINE
  5
3229
  100
AcDbEntity
  8
Multi-Layer
  100
AcDbPolyline
  90
2
  70
1
  43
0.645162580647742
  10
65.43540539286984
  20
-28.89400906822351
  42
1
  10
67.33532919271744
  20
-28.89400906822351
  42
1
  0
HATCH
  5
3231
  100
AcDbEntity
  8
Multi-Layer
  100
AcDbHatch
  10
0
  20
0
  30
0
  210
0
  220
0
  230
1
  2
SOLID
  70
1
  71
0
  91
1
  92
7
  72
1
  73
1
  93
2
  10
76.42895833585763
  20
-28.51010574000611
  42
1
  10
78.32888213570524
  20
-28.51010574000611
  42
1
  97
1
  330
3230
  75
0
  76
1
  47
0.8681437583925616
  98
1
  10
3.629517071192367
  20
33.92795499968543
  450
0
  451
0
  460
0
  461
0
  452
1
  462
1
  453
2
  463
0
  63
5
  421
255
  463
1
  63
7
  421
16777215
  470
LINEAR
  1001
ACAD
  1010
0
  1020
0
  1030
0
  0
LWPOLYLINE
  5
3232
  100
AcDbEntity
  8
Multi-Layer
  100
AcDbPolyline
  90
2
  70
1
  43
0.645162580647742
  10
76.42895833585763
  20
-28.51010574000611
  42
1
  10
78.32888213570524
  20
-28.51010574000611
  42
1
  0
HATCH
  5
3244
  100
AcDbEntity
  8
Multi-Layer
  100
AcDbHatch
  10
0
  20
0
  30
0
  210
0
  220
0
  230
1
  2
SOLID
  70
1
  71
0
  91
1
  92
7
  72
1
  73
1
  93
2
  10
69.5471170942342
  20
-10.287020574041149
  42
1
  10
72.9471678943358
  20
-10.287020574041149
  42
1
  97
1
  330
3243
  75
0
  76
1
  47
0.8681437583925616
  98
1
  10
3.629517071192367
  20
33.92795499968543
  450
0
  451
0
  460
0
  461
0
  452
1
  462
1
  453
2
  463
0
  63
5
  421
255
  463
1
  63
7
  421
16777215
  470
LINEAR
  1001
ACAD
  1010
0
  1020
0
  1030
0
  0
LWPOLYLINE
  5
3245
  100
AcDbEntity
  8
Multi-Layer
  100
AcDbPolyline
  90
4
  70
0
  43
0.645162580647742
  10
69.5471170942342
  20
-10.28702057413883
  42
1
  10
72.94716789433579
  20
-10.287020574138833
  10
72.94716789433579
  20
-10.287020573943467
  42
1
  10
69.5471170942342
  20
-10.287020573943467
  0
HATCH
  5
3247
  100
AcDbEntity
  8
Multi-Layer
  100
AcDbHatch
  10
0
  20
0
  30
0
  210
0
  220
0
  230
1
  2
SOLID
  70
1
  71
0
  91
1
  92
7
  72
1
  73
1
  93
2
  10
64.80040412286729
  20
-10.47897223814985
  42
1
  10
66.7003279227149
  20
-10.47897223814985
  42
1
  97
1
  330
3246
  75
0
  76
1
  47
0.8681437583925616
  98
1
  10
3.629517071192367
  20
33.92795499968543
  450
0
  451
0
  460
0
  461
0
  452
1
  462
1
  453
2
  463
0
  63
5
  421
255
  463
1
  63
7
  421
16777215
  470
LINEAR
  1001
ACAD
  1010
0
  1020
0
  1030
0
  0
LWPOLYLINE
  5
3248
  100
AcDbEntity
  8
Multi-Layer
  100
AcDbPolyline
  90
2
  70
1
  43
0.645162580647742
  10
64.80040412286729
  20
-10.47897223814985
  42
1
  10
66.7003279227149
  20
-10.47897223814985
  42
1
  0
HATCH
  5
3250
  100
AcDbEntity
  8
Multi-Layer
  100
AcDbHatch
  10
0
  20
0
  30
0
  210
0
  220
0
  230
1
  2
SOLID
  70
1
  71
0
  91
1
  92
7
  72
1
  73
1
  93
2
  10
75.79395706585508
  20
-10.095068909932447
  42
1
  10
77.6938808657027
  20
-10.095068909932447
  42
1
  97
1
  330
3249
  75
0
  76
1
  47
0.8681437583925616
  98
1
  10
3.629517071192367
  20
33.92795499968543
  450
0
  451
0
  460
0
  461
0
  452
1
  462
1
  453
2
  463
0
  63
5
  421
255
  463
1
  63
7
  421
16777215
  470
LINEAR
  1001
ACAD
  1010
0
  1020
0
  1030
0
  0
LWPOLYLINE
  5
3251
  100
AcDbEntity
  8
Multi-Layer
  100
AcDbPolyline
  90
2
  70
1
  43
0.645162580647742
  10
75.7939570658551
  20
-10.095068909932447
  42
1
  10
77.6938808657027
  20
-10.095068909932447
  42
1
  0
HATCH
  5
1468
  100
AcDbEntity
  8
Hole-Layer
  100
AcDbHatch
  10
0
  20
0
  30
0
  210
0
  220
0
  230
1
  2
SOLID
  70
1
  71
0
  91
1
  92
7
  72
1
  73
1
  93
2
  10
102.28600457200916
  20
-80.6450342900686
  42
1
  10
103.20040640081281
  20
-80.6450342900686
  42
1
  97
1
  330
1467
  75
0
  76
1
  47
0.8681437583925616
  98
1
  10
3.629517071192367
  20
33.92795499968543
  450
0
  451
0
  460
0
  461
0
  452
1
  462
1
  453
2
  463
0
  63
5
  421
255
  463
1
  63
7
  421
16777215
  470
LINEAR
  1001
ACAD
  1010
0
  1020
0
  1030
0
  0
LWPOLYLINE
  5
1469
  100
AcDbEntity
  8
Hole-Layer
  100
AcDbPolyline
  90
2
  70
1
  43
0
  10
102.28600457200915
  20
-80.6450342900686
  42
1
  10
103.20040640081282
  20
-80.6450342900686
  42
1
  0
HATCH
  5
1480
  100
AcDbEntity
  8
Hole-Layer
  100
AcDbHatch
  10
0
  20
0
  30
0
  210
0
  220
0
  230
1
  2
SOLID
  70
1
  71
0
  91
1
  92
7
  72
1
  73
1
  93
2
  10
102.28600457200916
  20
-78.10502921005843
  42
1
  10
103.20040640081281
  20
-78.10502921005843
  42
1
  97
1
  330
1479
  75
0
  76
1
  47
0.8681437583925616
  98
1
  10
3.629517071192367
  20
33.92795499968543
  450
0
  451
0
  460
0
  461
0
  452
1
  462
1
  453
2
  463
0
  63
5
  421
255
  463
1
  63
7
  421
16777215
  470
LINEAR
  1001
ACAD
  1010
0
  1020
0
  1030
0
  0
LWPOLYLINE
  5
1481
  100
AcDbEntity
  8
Hole-Layer
  100
AcDbPolyline
  90
2
  70
1
  43
0
  10
102.28600457200915
  20
-78.10502921005843
  42
1
  10
103.20040640081282
  20
-78.10502921005843
  42
1
  0
HATCH
  5
1492
  100
AcDbEntity
  8
Hole-Layer
  100
AcDbHatch
  10
0
  20
0
  30
0
  210
0
  220
0
  230
1
  2
SOLID
  70
1
  71
0
  91
1
  92
7
  72
1
  73
1
  93
2
  10
102.28600457200916
  20
-75.56502413004827
  42
1
  10
103.20040640081281
  20
-75.56502413004827
  42
1
  97
1
  330
1491
  75
0
  76
1
  47
0.8681437583925616
  98
1
  10
3.629517071192367
  20
33.92795499968543
  450
0
  451
0
  460
0
  461
0
  452
1
  462
1
  453
2
  463
0
  63
5
  421
255
  463
1
  63
7
  421
16777215
  470
LINEAR
  1001
ACAD
  1010
0
  1020
0
  1030
0
  0
LWPOLYLINE
  5
1493
  100
AcDbEntity
  8
Hole-Layer
  100
AcDbPolyline
  90
2
  70
1
  43
0
  10
102.28600457200915
  20
-75.56502413004827
  42
1
  10
103.20040640081282
  20
-75.56502413004827
  42
1
  0
HATCH
  5
1504
  100
AcDbEntity
  8
Hole-Layer
  100
AcDbHatch
  10
0
  20
0
  30
0
  210
0
  220
0
  230
1
  2
SOLID
  70
1
  71
0
  91
1
  92
7
  72
1
  73
1
  93
2
  10
103.83540767081536
  20
-73.91402082804167
  42
1
  10
104.95300990601982
  20
-73.91402082804167
  42
1
  97
1
  330
1503
  75
0
  76
1
  47
0.8681437583925616
  98
1
  10
3.629517071192367
  20
33.92795499968543
  450
0
  451
0
  460
0
  461
0
  452
1
  462
1
  453
2
  463
0
  63
5
  421
255
  463
1
  63
7
  421
16777215
  470
LINEAR
  1001
ACAD
  1010
0
  1020
0
  1030
0
  0
LWPOLYLINE
  5
1505
  100
AcDbEntity
  8
Hole-Layer
  100
AcDbPolyline
  90
4
  70
0
  43
0
  10
103.83540767081536
  20
-73.91402082796404
  42
1
  10
104.95300990601982
  20
-73.91402082796404
  10
104.95300990601982
  20
-73.9140208281193
  42
1
  10
103.83540767081536
  20
-73.9140208281193
  0
HATCH
  5
1516
  100
AcDbEntity
  8
Hole-Layer
  100
AcDbHatch
  10
0
  20
0
  30
0
  210
0
  220
0
  230
1
  2
SOLID
  70
1
  71
0
  91
1
  92
7
  72
1
  73
1
  93
2
  10
103.83540767081536
  20
-82.2960375920752
  42
1
  10
104.95300990601982
  20
-82.2960375920752
  42
1
  97
1
  330
1515
  75
0
  76
1
  47
0.8681437583925616
  98
1
  10
3.629517071192367
  20
33.92795499968543
  450
0
  451
0
  460
0
  461
0
  452
1
  462
1
  453
2
  463
0
  63
5
  421
255
  463
1
  63
7
  421
16777215
  470
LINEAR
  1001
ACAD
  1010
0
  1020
0
  1030
0
  0
LWPOLYLINE
  5
1517
  100
AcDbEntity
  8
Hole-Layer
  100
AcDbPolyline
  90
4
  70
0
  43
0
  10
103.83540767081536
  20
-82.29603759199756
  42
1
  10
104.95300990601982
  20
-82.29603759199756
  10
104.95300990601982
  20
-82.29603759215283
  42
1
  10
103.83540767081536
  20
-82.29603759215283
  0
HATCH
  5
1528
  100
AcDbEntity
  8
Hole-Layer
  100
AcDbHatch
  10
0
  20
0
  30
0
  210
0
  220
0
  230
1
  2
SOLID
  70
1
  71
0
  91
1
  92
7
  72
1
  73
1
  93
2
  10
85.16637033274068
  20
-74.93002286004574
  42
1
  10
86.28397256794514
  20
-74.93002286004574
  42
1
  97
1
  330
1527
  75
0
  76
1
  47
0.8681437583925616
  98
1
  10
3.629517071192367
  20
33.92795499968543
  450
0
  451
0
  460
0
  461
0
  452
1
  462
1
  453
2
  463
0
  63
5
  421
255
  463
1
  63
7
  421
16777215
  470
LINEAR
  1001
ACAD
  1010
0
  1020
0
  1030
0
  0
LWPOLYLINE
  5
1529
  100
AcDbEntity
  8
Hole-Layer
  100
AcDbPolyline
  90
4
  70
0
  43
0
  10
85.16637033274068
  20
-74.9300228599681
  42
1
  10
86.28397256794514
  20
-74.9300228599681
  10
86.28397256794514
  20
-74.93002286012337
  42
1
  10
85.16637033274068
  20
-74.93002286012337
  0
HATCH
  5
1540
  100
AcDbEntity
  8
Hole-Layer
  100
AcDbHatch
  10
0
  20
0
  30
0
  210
0
  220
0
  230
1
  2
SOLID
  70
1
  71
0
  91
1
  92
7
  72
1
  73
1
  93
2
  10
85.16637033274068
  20
-81.53403606807215
  42
1
  10
86.28397256794514
  20
-81.53403606807215
  42
1
  97
1
  330
1539
  75
0
  76
1
  47
0.8681437583925616
  98
1
  10
3.629517071192367
  20
33.92795499968543
  450
0
  451
0
  460
0
  461
0
  452
1
  462
1
  453
2
  463
0
  63
5
  421
255
  463
1
  63
7
  421
16777215
  470
LINEAR
  1001
ACAD
  1010
0
  1020
0
  1030
0
  0
LWPOLYLINE
  5
1541
  100
AcDbEntity
  8
Hole-Layer
  100
AcDbPolyline
  90
4
  70
0
  43
0
  10
85.16637033274068
  20
-81.53403606799452
  42
1
  10
86.28397256794514
  20
-81.53403606799452
  10
86.28397256794514
  20
-81.53403606814979
  42
1
  10
85.16637033274068
  20
-81.53403606814979
  0
HATCH
  5
1552
  100
AcDbEntity
  8
Hole-Layer
  100
AcDbHatch
  10
0
  20
0
  30
0
  210
0
  220
0
  230
1
  2
SOLID
  70
1
  71
0
  91
1
  92
7
  72
0
  73
1
  93
14
  10
90.80264160528323
  20
-41.563119126238256
  10
90.50266700533403
  20
-41.482741174432014
  10
90.28307035719105
  20
-41.26314452628906
  10
90.20269240538482
  20
-40.96316992633986
  10
90.28307035719105
  20
-40.66319532639065
  10
90.50266700533403
  20
-40.443598678247696
  10
90.80264160528323
  20
-40.363220726441455
  10
90.80772161544324
  20
-40.363220726441455
  10
91.10769621539244
  20
-40.443598678247696
  10
91.3272928635354
  20
-40.66319532639065
  10
91.40767081534165
  20
-40.96316992633986
  10
91.3272928635354
  20
-41.26314452628906
  10
91.10769621539244
  20
-41.482741174432014
  10
90.80772161544324
  20
-41.563119126238256
  97
1
  330
1551
  75
0
  76
1
  47
0.4128176842155181
  98
1
  10
34.90568961886538
  20
22.81183545379326
  450
0
  451
0
  460
0
  461
0
  452
1
  462
1
  453
2
  463
0
  63
5
  421
255
  463
1
  63
7
  421
16777215
  470
LINEAR
  1001
ACAD
  1010
0
  1020
0
  1030
0
  0
LWPOLYLINE
  5
1551
  100
AcDbEntity
  8
Hole-Layer
  100
AcDbPolyline
  90
14
  70
1
  43
0
  10
90.80264160528323
  20
-41.563119126238256
  10
90.50266700533403
  20
-41.482741174432014
  10
90.28307035719105
  20
-41.26314452628906
  10
90.20269240538482
  20
-40.96316992633986
  10
90.28307035719105
  20
-40.66319532639065
  10
90.50266700533403
  20
-40.443598678247696
  10
90.80264160528323
  20
-40.363220726441455
  10
90.80772161544324
  20
-40.363220726441455
  10
91.10769621539244
  20
-40.443598678247696
  10
91.3272928635354
  20
-40.66319532639065
  10
91.40767081534165
  20
-40.96316992633986
  10
91.3272928635354
  20
-41.26314452628906
  10
91.10769621539244
  20
-41.482741174432014
  10
90.80772161544324
  20
-41.563119126238256
  0
HATCH
  5
1563
  100
AcDbEntity
  8
Hole-Layer
  100
AcDbHatch
  10
0
  20
0
  30
0
  210
0
  220
0
  230
1
  2
SOLID
  70
1
  71
0
  91
1
  92
7
  72
0
  73
1
  93
14
  10
95.80264160528323
  20
-43.662941325882656
  10
95.50266700533403
  20
-43.582563374076415
  10
95.28307035719106
  20
-43.362966725933454
  10
95.20269240538482
  20
-43.06299212598425
  10
95.28307035719106
  20
-42.76301752603505
  10
95.50266700533403
  20
-42.543420877892096
  10
95.80264160528323
  20
-42.463042926085855
  10
95.80772161544324
  20
-42.463042926085855
  10
96.10769621539244
  20
-42.543420877892096
  10
96.3272928635354
  20
-42.76301752603505
  10
96.40767081534165
  20
-43.06299212598425
  10
96.3272928635354
  20
-43.362966725933454
  10
96.10769621539244
  20
-43.582563374076415
  10
95.80772161544324
  20
-43.662941325882656
  97
1
  330
1562
  75
0
  76
1
  47
0.4128176842155181
  98
1
  10
34.90568961886538
  20
22.81183545379326
  450
0
  451
0
  460
0
  461
0
  452
1
  462
1
  453
2
  463
0
  63
5
  421
255
  463
1
  63
7
  421
16777215
  470
LINEAR
  1001
ACAD
  1010
0
  1020
0
  1030
0
  0
LWPOLYLINE
  5
1562
  100
AcDbEntity
  8
Hole-Layer
  100
AcDbPolyline
  90
14
  70
1
  43
0
  10
95.80264160528323
  20
-43.662941325882656
  10
95.50266700533403
  20
-43.582563374076415
  10
95.28307035719106
  20
-43.362966725933454
  10
95.20269240538482
  20
-43.06299212598425
  10
95.28307035719106
  20
-42.76301752603505
  10
95.50266700533403
  20
-42.543420877892096
  10
95.80264160528323
  20
-42.463042926085855
  10
95.80772161544324
  20
-42.463042926085855
  10
96.10769621539244
  20
-42.543420877892096
  10
96.3272928635354
  20
-42.76301752603505
  10
96.40767081534165
  20
-43.06299212598425
  10
96.3272928635354
  20
-43.362966725933454
  10
96.10769621539244
  20
-43.582563374076415
  10
95.80772161544324
  20
-43.662941325882656
  0
HATCH
  5
1574
  100
AcDbEntity
  8
Hole-Layer
  100
AcDbHatch
  10
0
  20
0
  30
0
  210
0
  220
0
  230
1
  2
SOLID
  70
1
  71
0
  91
1
  92
7
  72
0
  73
1
  93
14
  10
90.80264160528323
  20
-23.148082296164592
  10
90.50266700533403
  20
-23.067704344358358
  10
90.28307035719105
  20
-22.848107696215394
  10
90.20269240538482
  20
-22.54813309626619
  10
90.28307035719105
  20
-22.248158496316993
  10
90.50266700533403
  20
-22.02856184817403
  10
90.80264160528323
  20
-21.948183896367794
  10
90.80772161544324
  20
-21.948183896367794
  10
91.10769621539244
  20
-22.02856184817403
  10
91.3272928635354
  20
-22.248158496316993
  10
91.40767081534165
  20
-22.54813309626619
  10
91.3272928635354
  20
-22.848107696215394
  10
91.10769621539244
  20
-23.067704344358358
  10
90.80772161544324
  20
-23.148082296164592
  97
1
  330
1573
  75
0
  76
1
  47
0.4128176842155181
  98
1
  10
34.90568961886538
  20
22.81183545379326
  450
0
  451
0
  460
0
  461
0
  452
1
  462
1
  453
2
  463
0
  63
5
  421
255
  463
1
  63
7
  421
16777215
  470
LINEAR
  1001
ACAD
  1010
0
  1020
0
  1030
0
  0
LWPOLYLINE
  5
1573
  100
AcDbEntity
  8
Hole-Layer
  100
AcDbPolyline
  90
14
  70
1
  43
0
  10
90.80264160528323
  20
-23.148082296164592
  10
90.50266700533403
  20
-23.067704344358358
  10
90.28307035719105
  20
-22.848107696215394
  10
90.20269240538482
  20
-22.54813309626619
  10
90.28307035719105
  20
-22.248158496316993
  10
90.50266700533403
  20
-22.02856184817403
  10
90.80264160528323
  20
-21.948183896367794
  10
90.80772161544324
  20
-21.948183896367794
  10
91.10769621539244
  20
-22.02856184817403
  10
91.3272928635354
  20
-22.248158496316993
  10
91.40767081534165
  20
-22.54813309626619
  10
91.3272928635354
  20
-22.848107696215394
  10
91.10769621539244
  20
-23.067704344358358
  10
90.80772161544324
  20
-23.148082296164592
  0
HATCH
  5
1585
  100
AcDbEntity
  8
Hole-Layer
  100
AcDbHatch
  10
0
  20
0
  30
0
  210
0
  220
0
  230
1
  2
SOLID
  70
1
  71
0
  91
1
  92
7
  72
0
  73
1
  93
14
  10
95.80264160528323
  20
-25.247904495808992
  10
95.50266700533403
  20
-25.167526544002758
  10
95.28307035719106
  20
-24.947929895859794
  10
95.20269240538482
  20
-24.647955295910595
  10
95.28307035719106
  20
-24.347980695961397
  10
95.50266700533403
  20
-24.128384047818432
  10
95.80264160528323
  20
-24.048006096012198
  10
95.80772161544324
  20
-24.048006096012198
  10
96.10769621539244
  20
-24.128384047818432
  10
96.3272928635354
  20
-24.347980695961397
  10
96.40767081534165
  20
-24.647955295910595
  10
96.3272928635354
  20
-24.947929895859794
  10
96.10769621539244
  20
-25.167526544002758
  10
95.80772161544324
  20
-25.247904495808992
  97
1
  330
1584
  75
0
  76
1
  47
0.4128176842155181
  98
1
  10
34.90568961886538
  20
22.81183545379326
  450
0
  451
0
  460
0
  461
0
  452
1
  462
1
  453
2
  463
0
  63
5
  421
255
  463
1
  63
7
  421
16777215
  470
LINEAR
  1001
ACAD
  1010
0
  1020
0
  1030
0
  0
LWPOLYLINE
  5
1584
  100
AcDbEntity
  8
Hole-Layer
  100
AcDbPolyline
  90
14
  70
1
  43
0
  10
95.80264160528323
  20
-25.247904495808992
  10
95.50266700533403
  20
-25.167526544002758
  10
95.28307035719106
  20
-24.947929895859794
  10
95.20269240538482
  20
-24.647955295910595
  10
95.28307035719106
  20
-24.347980695961397
  10
95.50266700533403
  20
-24.128384047818432
  10
95.80264160528323
  20
-24.048006096012198
  10
95.80772161544324
  20
-24.048006096012198
  10
96.10769621539244
  20
-24.128384047818432
  10
96.3272928635354
  20
-24.347980695961397
  10
96.40767081534165
  20
-24.647955295910595
  10
96.3272928635354
  20
-24.947929895859794
  10
96.10769621539244
  20
-25.167526544002758
  10
95.80772161544324
  20
-25.247904495808992
  0
HATCH
  5
1596
  100
AcDbEntity
  8
Hole-Layer
  100
AcDbHatch
  10
0
  20
0
  30
0
  210
0
  220
0
  230
1
  2
SOLID
  70
1
  71
0
  91
1
  92
7
  72
0
  73
1
  93
14
  10
90.80264160528323
  20
-4.733045466090933
  10
90.50266700533403
  20
-4.652667514284695
  10
90.28307035719105
  20
-4.433070866141732
  10
90.20269240538482
  20
-4.133096266192532
  10
90.28307035719105
  20
-3.8331216662433323
  10
90.50266700533403
  20
-3.6135250181003697
  10
90.80264160528323
  20
-3.5331470662941324
  10
90.80772161544324
  20
-3.5331470662941324
  10
91.10769621539244
  20
-3.6135250181003697
  10
91.3272928635354
  20
-3.8331216662433323
  10
91.40767081534165
  20
-4.133096266192532
  10
91.3272928635354
  20
-4.433070866141732
  10
91.10769621539244
  20
-4.652667514284695
  10
90.80772161544324
  20
-4.733045466090933
  97
1
  330
1595
  75
0
  76
1
  47
0.4128176842155181
  98
1
  10
34.90568961886538
  20
22.81183545379326
  450
0
  451
0
  460
0
  461
0
  452
1
  462
1
  453
2
  463
0
  63
5
  421
255
  463
1
  63
7
  421
16777215
  470
LINEAR
  1001
ACAD
  1010
0
  1020
0
  1030
0
  0
LWPOLYLINE
  5
1595
  100
AcDbEntity
  8
Hole-Layer
  100
AcDbPolyline
  90
14
  70
1
  43
0
  10
90.80264160528323
  20
-4.733045466090933
  10
90.50266700533403
  20
-4.652667514284695
  10
90.28307035719105
  20
-4.433070866141732
  10
90.20269240538482
  20
-4.133096266192532
  10
90.28307035719105
  20
-3.8331216662433323
  10
90.50266700533403
  20
-3.6135250181003697
  10
90.80264160528323
  20
-3.5331470662941324
  10
90.80772161544324
  20
-3.5331470662941324
  10
91.10769621539244
  20
-3.6135250181003697
  10
91.3272928635354
  20
-3.8331216662433323
  10
91.40767081534165
  20
-4.133096266192532
  10
91.3272928635354
  20
-4.433070866141732
  10
91.10769621539244
  20
-4.652667514284695
  10
90.80772161544324
  20
-4.733045466090933
  0
HATCH
  5
1607
  100
AcDbEntity
  8
Hole-Layer
  100
AcDbHatch
  10
0
  20
0
  30
0
  210
0
  220
0
  230
1
  2
SOLID
  70
1
  71
0
  91
1
  92
7
  72
0
  73
1
  93
14
  10
95.80264160528323
  20
-6.832867665735331
  10
95.50266700533403
  20
-6.752489713929095
  10
95.28307035719106
  20
-6.532893065786132
  10
95.20269240538482
  20
-6.232918465836932
  10
95.28307035719106
  20
-5.932943865887732
  10
95.50266700533403
  20
-5.7133472177447695
  10
95.80264160528323
  20
-5.632969265938533
  10
95.80772161544324
  20
-5.632969265938533
  10
96.10769621539244
  20
-5.7133472177447695
  10
96.3272928635354
  20
-5.932943865887732
  10
96.40767081534165
  20
-6.232918465836932
  10
96.3272928635354
  20
-6.532893065786132
  10
96.10769621539244
  20
-6.752489713929095
  10
95.80772161544324
  20
-6.832867665735331
  97
1
  330
1606
  75
0
  76
1
  47
0.4128176842155181
  98
1
  10
34.90568961886538
  20
22.81183545379326
  450
0
  451
0
  460
0
  461
0
  452
1
  462
1
  453
2
  463
0
  63
5
  421
255
  463
1
  63
7
  421
16777215
  470
LINEAR
  1001
ACAD
  1010
0
  1020
0
  1030
0
  0
LWPOLYLINE
  5
1606
  100
AcDbEntity
  8
Hole-Layer
  100
AcDbPolyline
  90
14
  70
1
  43
0
  10
95.80264160528323
  20
-6.832867665735331
  10
95.50266700533403
  20
-6.752489713929095
  10
95.28307035719106
  20
-6.532893065786132
  10
95.20269240538482
  20
-6.232918465836932
  10
95.28307035719106
  20
-5.932943865887732
  10
95.50266700533403
  20
-5.7133472177447695
  10
95.80264160528323
  20
-5.632969265938533
  10
95.80772161544324
  20
-5.632969265938533
  10
96.10769621539244
  20
-5.7133472177447695
  10
96.3272928635354
  20
-5.932943865887732
  10
96.40767081534165
  20
-6.232918465836932
  10
96.3272928635354
  20
-6.532893065786132
  10
96.10769621539244
  20
-6.752489713929095
  10
95.80772161544324
  20
-6.832867665735331
  0
HATCH
  5
1618
  100
AcDbEntity
  8
Hole-Layer
  100
AcDbHatch
  10
0
  20
0
  30
0
  210
0
  220
0
  230
1
  2
SOLID
  70
1
  71
0
  91
1
  92
7
  72
0
  73
1
  93
14
  10
11.162598125220164
  20
-13.789878255851217
  10
10.855063882239563
  20
-13.746657136643154
  10
10.610341974888778
  20
-13.555459427938676
  10
10.494005440612655
  20
-13.26751640137983
  10
10.53722655982072
  20
-12.959982158399228
  10
10.728424268525195
  20
-12.715260251048443
  10
11.016367295084041
  20
-12.59892371677232
  10
11.021409439618669
  20
-12.598304619269626
  10
11.328943682599268
  20
-12.64152573847769
  10
11.573665589950053
  20
-12.832723447182167
  10
11.690002124226176
  20
-13.120666473741014
  10
11.646781005018115
  20
-13.428200716721614
  10
11.455583296313636
  20
-13.672922624072399
  10
11.167640269754791
  20
-13.789259158348523
  97
1
  330
1617
  75
0
  76
1
  47
0.4128176842155181
  98
1
  10
34.90568961886538
  20
22.81183545379326
  450
0
  451
0
  460
0
  461
0
  452
1
  462
1
  453
2
  463
0
  63
5
  421
255
  463
1
  63
7
  421
16777215
  470
LINEAR
  1001
ACAD
  1010
0
  1020
0
  1030
0
  0
LWPOLYLINE
  5
1617
  100
AcDbEntity
  8
Hole-Layer
  100
AcDbPolyline
  90
14
  70
1
  43
0
  10
11.162598125220164
  20
-13.789878255851217
  10
10.855063882239563
  20
-13.746657136643154
  10
10.610341974888778
  20
-13.555459427938676
  10
10.494005440612655
  20
-13.26751640137983
  10
10.53722655982072
  20
-12.959982158399228
  10
10.728424268525195
  20
-12.715260251048443
  10
11.016367295084041
  20
-12.59892371677232
  10
11.021409439618669
  20
-12.598304619269626
  10
11.328943682599268
  20
-12.64152573847769
  10
11.573665589950053
  20
-12.832723447182167
  10
11.690002124226176
  20
-13.120666473741014
  10
11.646781005018115
  20
-13.428200716721614
  10
11.455583296313636
  20
-13.672922624072399
  10
11.167640269754791
  20
-13.789259158348523
  0
HATCH
  5
1629
  100
AcDbEntity
  8
Hole-Layer
  100
AcDbHatch
  10
0
  20
0
  30
0
  210
0
  220
0
  230
1
  2
SOLID
  70
1
  71
0
  91
1
  92
7
  72
0
  73
1
  93
14
  10
16.38123283616499
  20
-15.264701982213543
  10
16.07369859318439
  20
-15.221480863005482
  10
15.828976685833604
  20
-15.030283154301006
  10
15.71264015155748
  20
-14.74234012774216
  10
15.75586127076554
  20
-14.434805884761559
  10
15.947058979470015
  20
-14.190083977410774
  10
16.235002006028864
  20
-14.073747443134648
  10
16.24004415056349
  20
-14.073128345631956
  10
16.547578393544093
  20
-14.116349464840017
  10
16.792300300894876
  20
-14.307547173544492
  10
16.908636835171002
  20
-14.595490200103338
  10
16.86541571596294
  20
-14.903024443083938
  10
16.674218007258464
  20
-15.147746350434725
  10
16.386274980699614
  20
-15.26408288471085
  97
1
  330
1628
  75
0
  76
1
  47
0.4128176842155181
  98
1
  10
34.90568961886538
  20
22.81183545379326
  450
0
  451
0
  460
0
  461
0
  452
1
  462
1
  453
2
  463
0
  63
5
  421
255
  463
1
  63
7
  421
16777215
  470
LINEAR
  1001
ACAD
  1010
0
  1020
0
  1030
0
  0
LWPOLYLINE
  5
1628
  100
AcDbEntity
  8
Hole-Layer
  100
AcDbPolyline
  90
14
  70
1
  43
0
  10
16.38123283616499
  20
-15.264701982213543
  10
16.07369859318439
  20
-15.221480863005482
  10
15.828976685833604
  20
-15.030283154301006
  10
15.71264015155748
  20
-14.74234012774216
  10
15.75586127076554
  20
-14.434805884761559
  10
15.947058979470015
  20
-14.190083977410774
  10
16.235002006028864
  20
-14.073747443134648
  10
16.24004415056349
  20
-14.073128345631956
  10
16.547578393544093
  20
-14.116349464840017
  10
16.792300300894876
  20
-14.307547173544492
  10
16.908636835171002
  20
-14.595490200103338
  10
16.86541571596294
  20
-14.903024443083938
  10
16.674218007258464
  20
-15.147746350434725
  10
16.386274980699614
  20
-15.26408288471085
  0
HATCH
  5
1640
  100
AcDbEntity
  8
Hole-Layer
  100
AcDbHatch
  10
0
  20
0
  30
0
  210
0
  220
0
  230
1
  2
SOLID
  70
1
  71
0
  91
1
  92
7
  72
0
  73
1
  93
14
  10
13.448602697229308
  20
-32.20491508592488
  10
13.141068454248707
  20
-32.16169396671682
  10
12.896346546897922
  20
-31.970496258012336
  10
12.7800100126218
  20
-31.682553231453493
  10
12.823231131829864
  20
-31.375018988472892
  10
13.014428840534341
  20
-31.130297081122105
  10
13.302371867093186
  20
-31.013960546845983
  10
13.307414011627813
  20
-31.01334144934329
  10
13.614948254608413
  20
-31.05656256855135
  10
13.859670161959198
  20
-31.24776027725583
  10
13.97600669623532
  20
-31.535703303814678
  10
13.932785577027259
  20
-31.843237546795276
  10
13.74158786832278
  20
-32.08795945414606
  10
13.453644841763936
  20
-32.20429598842219
  97
1
  330
1639
  75
0
  76
1
  47
0.4128176842155181
  98
1
  10
34.90568961886538
  20
22.81183545379326
  450
0
  451
0
  460
0
  461
0
  452
1
  462
1
  453
2
  463
0
  63
5
  421
255
  463
1
  63
7
  421
16777215
  470
LINEAR
  1001
ACAD
  1010
0
  1020
0
  1030
0
  0
LWPOLYLINE
  5
1639
  100
AcDbEntity
  8
Hole-Layer
  100
AcDbPolyline
  90
14
  70
1
  43
0
  10
13.448602697229308
  20
-32.20491508592488
  10
13.141068454248707
  20
-32.16169396671682
  10
12.896346546897922
  20
-31.970496258012336
  10
12.7800100126218
  20
-31.682553231453493
  10
12.823231131829864
  20
-31.375018988472892
  10
13.014428840534341
  20
-31.130297081122105
  10
13.302371867093186
  20
-31.013960546845983
  10
13.307414011627813
  20
-31.01334144934329
  10
13.614948254608413
  20
-31.05656256855135
  10
13.859670161959198
  20
-31.24776027725583
  10
13.97600669623532
  20
-31.535703303814678
  10
13.932785577027259
  20
-31.843237546795276
  10
13.74158786832278
  20
-32.08795945414606
  10
13.453644841763936
  20
-32.20429598842219
  0
HATCH
  5
1651
  100
AcDbEntity
  8
Hole-Layer
  100
AcDbHatch
  10
0
  20
0
  30
0
  210
0
  220
0
  230
1
  2
SOLID
  70
1
  71
0
  91
1
  92
7
  72
0
  73
1
  93
14
  10
18.667237408174135
  20
-33.67973881228721
  10
18.359703165193533
  20
-33.63651769307915
  10
18.114981257842746
  20
-33.44531998437467
  10
17.998644723566624
  20
-33.15737695781582
  10
18.041865842774683
  20
-32.849842714835226
  10
18.233063551479162
  20
-32.60512080748443
  10
18.52100657803801
  20
-32.48878427320831
  10
18.526048722572636
  20
-32.48816517570562
  10
18.833582965553237
  20
-32.53138629491367
  10
19.07830487290402
  20
-32.72258400361815
  10
19.194641407180146
  20
-33.010527030177
  10
19.151420287972083
  20
-33.318061273157596
  10
18.960222579267608
  20
-33.56278318050839
  10
18.67227955270876
  20
-33.67911971478451
  97
1
  330
1650
  75
0
  76
1
  47
0.4128176842155181
  98
1
  10
34.90568961886538
  20
22.81183545379326
  450
0
  451
0
  460
0
  461
0
  452
1
  462
1
  453
2
  463
0
  63
5
  421
255
  463
1
  63
7
  421
16777215
  470
LINEAR
  1001
ACAD
  1010
0
  1020
0
  1030
0
  0
LWPOLYLINE
  5
1650
  100
AcDbEntity
  8
Hole-Layer
  100
AcDbPolyline
  90
14
  70
1
  43
0
  10
18.667237408174135
  20
-33.67973881228721
  10
18.359703165193533
  20
-33.63651769307915
  10
18.114981257842746
  20
-33.44531998437467
  10
17.998644723566624
  20
-33.15737695781582
  10
18.041865842774683
  20
-32.849842714835226
  10
18.233063551479162
  20
-32.60512080748443
  10
18.52100657803801
  20
-32.48878427320831
  10
18.526048722572636
  20
-32.48816517570562
  10
18.833582965553237
  20
-32.53138629491367
  10
19.07830487290402
  20
-32.72258400361815
  10
19.194641407180146
  20
-33.010527030177
  10
19.151420287972083
  20
-33.318061273157596
  10
18.960222579267608
  20
-33.56278318050839
  10
18.67227955270876
  20
-33.67911971478451
  0
HATCH
  5
1662
  100
AcDbEntity
  8
Hole-Layer
  100
AcDbHatch
  10
0
  20
0
  30
0
  210
0
  220
0
  230
1
  2
SOLID
  70
1
  71
0
  91
1
  92
7
  72
0
  73
1
  93
14
  10
15.73460726923845
  20
-50.61995191599854
  10
15.427073026257851
  20
-50.57673079679048
  10
15.182351118907066
  20
-50.385533088086
  10
15.066014584630944
  20
-50.09759006152715
  10
15.109235703839008
  20
-49.790055818546556
  10
15.300433412543486
  20
-49.54533391119577
  10
15.58837643910233
  20
-49.42899737691965
  10
15.593418583636959
  20
-49.42837827941695
  10
15.900952826617559
  20
-49.47159939862502
  10
16.14567473396834
  20
-49.66279710732949
  10
16.262011268244464
  20
-49.950740133888345
  10
16.2187901490364
  20
-50.25827437686894
  10
16.027592440331926
  20
-50.502996284219726
  10
15.73964941377308
  20
-50.61933281849585
  97
1
  330
1661
  75
0
  76
1
  47
0.4128176842155181
  98
1
  10
34.90568961886538
  20
22.81183545379326
  450
0
  451
0
  460
0
  461
0
  452
1
  462
1
  453
2
  463
0
  63
5
  421
255
  463
1
  63
7
  421
16777215
  470
LINEAR
  1001
ACAD
  1010
0
  1020
0
  1030
0
  0
LWPOLYLINE
  5
1661
  100
AcDbEntity
  8
Hole-Layer
  100
AcDbPolyline
  90
14
  70
1
  43
0
  10
15.73460726923845
  20
-50.61995191599854
  10
15.427073026257851
  20
-50.57673079679048
  10
15.182351118907066
  20
-50.385533088086
  10
15.066014584630944
  20
-50.09759006152715
  10
15.109235703839008
  20
-49.790055818546556
  10
15.300433412543486
  20
-49.54533391119577
  10
15.58837643910233
  20
-49.42899737691965
  10
15.593418583636959
  20
-49.42837827941695
  10
15.900952826617559
  20
-49.47159939862502
  10
16.14567473396834
  20
-49.66279710732949
  10
16.262011268244464
  20
-49.950740133888345
  10
16.2187901490364
  20
-50.25827437686894
  10
16.027592440331926
  20
-50.502996284219726
  10
15.73964941377308
  20
-50.61933281849585
  0
HATCH
  5
1673
  100
AcDbEntity
  8
Hole-Layer
  100
AcDbHatch
  10
0
  20
0
  30
0
  210
0
  220
0
  230
1
  2
SOLID
  70
1
  71
0
  91
1
  92
7
  72
0
  73
1
  93
14
  10
20.95324198018328
  20
-52.09477564236087
  10
20.645707737202677
  20
-52.05155452315281
  10
20.40098582985189
  20
-51.86035681444833
  10
20.28464929557577
  20
-51.57241378788949
  10
20.327870414783828
  20
-51.26487954490889
  10
20.519068123488307
  20
-51.02015763755809
  10
20.807011150047153
  20
-50.90382110328197
  10
20.81205329458178
  20
-50.90320200577928
  10
21.11958753756238
  20
-50.94642312498734
  10
21.364309444913165
  20
-51.13762083369182
  10
21.48064597918929
  20
-51.42556386025066
  10
21.437424859981228
  20
-51.733098103231264
  10
21.246227151276752
  20
-51.97782001058205
  10
20.958284124717903
  20
-52.09415654485818
  97
1
  330
1672
  75
0
  76
1
  47
0.4128176842155181
  98
1
  10
34.90568961886538
  20
22.81183545379326
  450
0
  451
0
  460
0
  461
0
  452
1
  462
1
  453
2
  463
0
  63
5
  421
255
  463
1
  63
7
  421
16777215
  470
LINEAR
  1001
ACAD
  1010
0
  1020
0
  1030
0
  0
LWPOLYLINE
  5
1672
  100
AcDbEntity
  8
Hole-Layer
  100
AcDbPolyline
  90
14
  70
1
  43
0
  10
20.95324198018328
  20
-52.09477564236087
  10
20.645707737202677
  20
-52.05155452315281
  10
20.40098582985189
  20
-51.86035681444833
  10
20.28464929557577
  20
-51.57241378788949
  10
20.327870414783828
  20
-51.26487954490889
  10
20.519068123488307
  20
-51.02015763755809
  10
20.807011150047153
  20
-50.90382110328197
  10
20.81205329458178
  20
-50.90320200577928
  10
21.11958753756238
  20
-50.94642312498734
  10
21.364309444913165
  20
-51.13762083369182
  10
21.48064597918929
  20
-51.42556386025066
  10
21.437424859981228
  20
-51.733098103231264
  10
21.246227151276752
  20
-51.97782001058205
  10
20.958284124717903
  20
-52.09415654485818
  0
HATCH
  5
1684
  100
AcDbEntity
  8
Hole-Layer
  100
AcDbHatch
  10
0
  20
0
  30
0
  210
0
  220
0
  230
1
  2
SOLID
  70
1
  71
0
  91
1
  92
7
  72
0
  73
1
  93
14
  10
17.947421995321967
  20
-68.91211571906918
  10
17.64744739537277
  20
-68.83173776726294
  10
17.427850747229805
  20
-68.61214111911995
  10
17.34747279542357
  20
-68.31216651917076
  10
17.427850747229805
  20
-68.01219191922156
  10
17.64744739537277
  20
-67.7925952710786
  10
17.947421995321967
  20
-67.71221731927236
  10
17.952502005481993
  20
-67.71221731927236
  10
18.25247660543119
  20
-67.7925952710786
  10
18.472073253574155
  20
-68.01219191922156
  10
18.55245120538039
  20
-68.31216651917076
  10
18.472073253574155
  20
-68.61214111911995
  10
18.25247660543119
  20
-68.83173776726294
  10
17.952502005481993
  20
-68.91211571906918
  97
1
  330
1683
  75
0
  76
1
  47
0.4128176842155181
  98
1
  10
34.90568961886538
  20
22.81183545379326
  450
0
  451
0
  460
0
  461
0
  452
1
  462
1
  453
2
  463
0
  63
5
  421
255
  463
1
  63
7
  421
16777215
  470
LINEAR
  1001
ACAD
  1010
0
  1020
0
  1030
0
  0
LWPOLYLINE
  5
1683
  100
AcDbEntity
  8
Hole-Layer
  100
AcDbPolyline
  90
14
  70
1
  43
0
  10
17.947421995321967
  20
-68.91211571906918
  10
17.64744739537277
  20
-68.83173776726294
  10
17.427850747229805
  20
-68.61214111911995
  10
17.34747279542357
  20
-68.31216651917076
  10
17.427850747229805
  20
-68.01219191922156
  10
17.64744739537277
  20
-67.7925952710786
  10
17.947421995321967
  20
-67.71221731927236
  10
17.952502005481993
  20
-67.71221731927236
  10
18.25247660543119
  20
-67.7925952710786
  10
18.472073253574155
  20
-68.01219191922156
  10
18.55245120538039
  20
-68.31216651917076
  10
18.472073253574155
  20
-68.61214111911995
  10
18.25247660543119
  20
-68.83173776726294
  10
17.952502005481993
  20
-68.91211571906918
  0
HATCH
  5
1695
  100
AcDbEntity
  8
Hole-Layer
  100
AcDbHatch
  10
0
  20
0
  30
0
  210
0
  220
0
  230
1
  2
SOLID
  70
1
  71
0
  91
1
  92
7
  72
0
  73
1
  93
14
  10
23.239263396435426
  20
-70.38293273015664
  10
22.931729153454825
  20
-70.33971161094857
  10
22.68700724610404
  20
-70.1485139022441
  10
22.570670711827916
  20
-69.86057087568526
  10
22.61389183103598
  20
-69.55303663270466
  10
22.80508953974045
  20
-69.30831472535387
  10
23.0930325662993
  20
-69.19197819107774
  10
23.09804950011125
  20
-69.19136218906256
  10
23.40558374309185
  20
-69.23458330827063
  10
23.650305650442636
  20
-69.4257810169751
  10
23.766642184718762
  20
-69.71372404353394
  10
23.7234210655107
  20
-70.02125828651454
  10
23.532223356806227
  20
-70.26598019386533
  10
23.244280330247378
  20
-70.38231672814146
  97
1
  330
1694
  75
0
  76
1
  47
0.4128176842155181
  98
1
  10
34.90568961886538
  20
22.81183545379326
  450
0
  451
0
  460
0
  461
0
  452
1
  462
1
  453
2
  463
0
  63
5
  421
255
  463
1
  63
7
  421
16777215
  470
LINEAR
  1001
ACAD
  1010
0
  1020
0
  1030
0
  0
LWPOLYLINE
  5
1694
  100
AcDbEntity
  8
Hole-Layer
  100
AcDbPolyline
  90
14
  70
1
  43
0
  10
23.239263396435426
  20
-70.38293273015664
  10
22.931729153454825
  20
-70.33971161094857
  10
22.68700724610404
  20
-70.1485139022441
  10
22.570670711827916
  20
-69.86057087568526
  10
22.61389183103598
  20
-69.55303663270466
  10
22.80508953974045
  20
-69.30831472535387
  10
23.0930325662993
  20
-69.19197819107774
  10
23.09804950011125
  20
-69.19136218906256
  10
23.40558374309185
  20
-69.23458330827063
  10
23.650305650442636
  20
-69.4257810169751
  10
23.766642184718762
  20
-69.71372404353394
  10
23.7234210655107
  20
-70.02125828651454
  10
23.532223356806227
  20
-70.26598019386533
  10
23.244280330247378
  20
-70.38231672814146
  0
HATCH
  5
1706
  100
AcDbEntity
  8
Hole-Layer
  100
AcDbHatch
  10
0
  20
0
  30
0
  210
0
  220
0
  230
1
  2
SOLID
  70
1
  71
0
  91
1
  92
7
  72
0
  73
1
  93
14
  10
35.673647147318206
  20
-62.93897655404782
  10
35.366112904337605
  20
-62.89575543483976
  10
35.121390996986825
  20
-62.70455772613527
  10
35.0050544627107
  20
-62.41661469957643
  10
35.048275581918766
  20
-62.109080456595834
  10
35.23947329062325
  20
-61.86435854924505
  10
35.52741631718209
  20
-61.748022014968925
  10
35.53245846171672
  20
-61.747402917466225
  10
35.83999270469733
  20
-61.790624036674295
  10
36.0847146120481
  20
-61.981821745378774
  10
36.20105114632423
  20
-62.26976477193762
  10
36.15783002711616
  20
-62.577299014918225
  10
35.96663231841168
  20
-62.822020922269004
  10
35.67868929185284
  20
-62.93835745654513
  97
1
  330
1705
  75
0
  76
1
  47
0.4128176842155181
  98
1
  10
34.90568961886538
  20
22.81183545379326
  450
0
  451
0
  460
0
  461
0
  452
1
  462
1
  453
2
  463
0
  63
5
  421
255
  463
1
  63
7
  421
16777215
  470
LINEAR
  1001
ACAD
  1010
0
  1020
0
  1030
0
  0
LWPOLYLINE
  5
1705
  100
AcDbEntity
  8
Hole-Layer
  100
AcDbPolyline
  90
14
  70
1
  43
0
  10
35.673647147318206
  20
-62.93897655404782
  10
35.366112904337605
  20
-62.89575543483976
  10
35.121390996986825
  20
-62.70455772613527
  10
35.0050544627107
  20
-62.41661469957643
  10
35.048275581918766
  20
-62.109080456595834
  10
35.23947329062325
  20
-61.86435854924505
  10
35.52741631718209
  20
-61.748022014968925
  10
35.53245846171672
  20
-61.747402917466225
  10
35.83999270469733
  20
-61.790624036674295
  10
36.0847146120481
  20
-61.981821745378774
  10
36.20105114632423
  20
-62.26976477193762
  10
36.15783002711616
  20
-62.577299014918225
  10
35.96663231841168
  20
-62.822020922269004
  10
35.67868929185284
  20
-62.93835745654513
  0
HATCH
  5
1717
  100
AcDbEntity
  8
Hole-Layer
  100
AcDbHatch
  10
0
  20
0
  30
0
  210
0
  220
0
  230
1
  2
SOLID
  70
1
  71
0
  91
1
  92
7
  72
0
  73
1
  93
14
  10
40.89228185826303
  20
-64.41380028041014
  10
40.584747615282424
  20
-64.37057916120209
  10
40.340025707931645
  20
-64.1793814524976
  10
40.22368917365552
  20
-63.89143842593876
  10
40.26691029286359
  20
-63.58390418295816
  10
40.45810800156807
  20
-63.33918227560737
  10
40.74605102812691
  20
-63.22284574133125
  10
40.75109317266155
  20
-63.222226643828556
  10
41.05862741564215
  20
-63.265447763036626
  10
41.30334932299293
  20
-63.456645471741105
  10
41.41968585726905
  20
-63.74458849829995
  10
41.37646473806098
  20
-64.05212274128056
  10
41.1852670293565
  20
-64.29684464863134
  10
40.89732400279767
  20
-64.41318118290745
  97
1
  330
1716
  75
0
  76
1
  47
0.4128176842155181
  98
1
  10
34.90568961886538
  20
22.81183545379326
  450
0
  451
0
  460
0
  461
0
  452
1
  462
1
  453
2
  463
0
  63
5
  421
255
  463
1
  63
7
  421
16777215
  470
LINEAR
  1001
ACAD
  1010
0
  1020
0
  1030
0
  0
LWPOLYLINE
  5
1716
  100
AcDbEntity
  8
Hole-Layer
  100
AcDbPolyline
  90
14
  70
1
  43
0
  10
40.89228185826303
  20
-64.41380028041014
  10
40.584747615282424
  20
-64.37057916120209
  10
40.340025707931645
  20
-64.1793814524976
  10
40.22368917365552
  20
-63.89143842593876
  10
40.26691029286359
  20
-63.58390418295816
  10
40.45810800156807
  20
-63.33918227560737
  10
40.74605102812691
  20
-63.22284574133125
  10
40.75109317266155
  20
-63.222226643828556
  10
41.05862741564215
  20
-63.265447763036626
  10
41.30334932299293
  20
-63.456645471741105
  10
41.41968585726905
  20
-63.74458849829995
  10
41.37646473806098
  20
-64.05212274128056
  10
41.1852670293565
  20
-64.29684464863134
  10
40.89732400279767
  20
-64.41318118290745
  0
HATCH
  5
1728
  100
AcDbEntity
  8
Hole-Layer
  100
AcDbHatch
  10
0
  20
0
  30
0
  210
0
  220
0
  230
1
  2
SOLID
  70
1
  71
0
  91
1
  92
7
  72
0
  73
1
  93
14
  10
33.51464282930957
  20
-44.650939977974666
  10
33.207108586328964
  20
-44.607718858766596
  10
32.96238667897819
  20
-44.41652115006212
  10
32.84605014470206
  20
-44.128578123503274
  10
32.88927126391013
  20
-43.82104388052267
  10
33.08046897261461
  20
-43.57632197317189
  10
33.36841199917345
  20
-43.45998543889577
  10
33.37345414370809
  20
-43.45936634139307
  10
33.68098838668869
  20
-43.50258746060114
  10
33.92571029403947
  20
-43.69378516930562
  10
34.04204682831559
  20
-43.98172819586446
  10
33.99882570910753
  20
-44.28926243884507
  10
33.80762800040304
  20
-44.53398434619585
  10
33.51968497384421
  20
-44.65032088047197
  97
1
  330
1727
  75
0
  76
1
  47
0.4128176842155181
  98
1
  10
34.90568961886538
  20
22.81183545379326
  450
0
  451
0
  460
0
  461
0
  452
1
  462
1
  453
2
  463
0
  63
5
  421
255
  463
1
  63
7
  421
16777215
  470
LINEAR
  1001
ACAD
  1010
0
  1020
0
  1030
0
  0
LWPOLYLINE
  5
1727
  100
AcDbEntity
  8
Hole-Layer
  100
AcDbPolyline
  90
14
  70
1
  43
0
  10
33.51464282930957
  20
-44.650939977974666
  10
33.207108586328964
  20
-44.607718858766596
  10
32.96238667897819
  20
-44.41652115006212
  10
32.84605014470206
  20
-44.128578123503274
  10
32.88927126391013
  20
-43.82104388052267
  10
33.08046897261461
  20
-43.57632197317189
  10
33.36841199917345
  20
-43.45998543889577
  10
33.37345414370809
  20
-43.45936634139307
  10
33.68098838668869
  20
-43.50258746060114
  10
33.92571029403947
  20
-43.69378516930562
  10
34.04204682831559
  20
-43.98172819586446
  10
33.99882570910753
  20
-44.28926243884507
  10
33.80762800040304
  20
-44.53398434619585
  10
33.51968497384421
  20
-44.65032088047197
  0
HATCH
  5
1739
  100
AcDbEntity
  8
Hole-Layer
  100
AcDbHatch
  10
0
  20
0
  30
0
  210
0
  220
0
  230
1
  2
SOLID
  70
1
  71
0
  91
1
  92
7
  72
0
  73
1
  93
14
  10
38.73327754025439
  20
-46.125763704337
  10
38.42574329727379
  20
-46.08254258512893
  10
38.18102138992301
  20
-45.89134487642445
  10
38.06468485564689
  20
-45.6034018498656
  10
38.10790597485495
  20
-45.295867606885004
  10
38.29910368355944
  20
-45.05114569953422
  10
38.58704671011827
  20
-44.934809165258095
  10
38.59208885465291
  20
-44.9341900677554
  10
38.899623097633516
  20
-44.977411186963465
  10
39.14434500498429
  20
-45.16860889566795
  10
39.26068153926042
  20
-45.456551922226794
  10
39.21746042005235
  20
-45.764086165207395
  10
39.02626271134787
  20
-46.008808072558175
  10
38.738319684789026
  20
-46.1251446068343
  97
1
  330
1738
  75
0
  76
1
  47
0.4128176842155181
  98
1
  10
34.90568961886538
  20
22.81183545379326
  450
0
  451
0
  460
0
  461
0
  452
1
  462
1
  453
2
  463
0
  63
5
  421
255
  463
1
  63
7
  421
16777215
  470
LINEAR
  1001
ACAD
  1010
0
  1020
0
  1030
0
  0
LWPOLYLINE
  5
1738
  100
AcDbEntity
  8
Hole-Layer
  100
AcDbPolyline
  90
14
  70
1
  43
0
  10
38.73327754025439
  20
-46.125763704337
  10
38.42574329727379
  20
-46.08254258512893
  10
38.18102138992301
  20
-45.89134487642445
  10
38.06468485564689
  20
-45.6034018498656
  10
38.10790597485495
  20
-45.295867606885004
  10
38.29910368355944
  20
-45.05114569953422
  10
38.58704671011827
  20
-44.934809165258095
  10
38.59208885465291
  20
-44.9341900677554
  10
38.899623097633516
  20
-44.977411186963465
  10
39.14434500498429
  20
-45.16860889566795
  10
39.26068153926042
  20
-45.456551922226794
  10
39.21746042005235
  20
-45.764086165207395
  10
39.02626271134787
  20
-46.008808072558175
  10
38.738319684789026
  20
-46.1251446068343
  0
HATCH
  5
1750
  100
AcDbEntity
  8
Hole-Layer
  100
AcDbHatch
  10
0
  20
0
  30
0
  210
0
  220
0
  230
1
  2
SOLID
  70
1
  71
0
  91
1
  92
7
  72
0
  73
1
  93
14
  10
31.35563851130094
  20
-26.36290340190151
  10
31.048104268320337
  20
-26.31968228269345
  10
30.803382360969554
  20
-26.12848457398897
  10
30.687045826693428
  20
-25.840541547430128
  10
30.730266945901487
  20
-25.533007304449526
  10
30.921464654605966
  20
-25.28828539709874
  10
31.209407681164816
  20
-25.171948862822614
  10
31.21444982569944
  20
-25.17132976531992
  10
31.52198406868004
  20
-25.21455088452798
  10
31.766705976030824
  20
-25.40574859323246
  10
31.88304251030695
  20
-25.693691619791306
  10
31.839821391098887
  20
-26.001225862771907
  10
31.648623682394412
  20
-26.24594777012269
  10
31.360680655835562
  20
-26.362284304398816
  97
1
  330
1749
  75
0
  76
1
  47
0.4128176842155181
  98
1
  10
34.90568961886538
  20
22.81183545379326
  450
0
  451
0
  460
0
  461
0
  452
1
  462
1
  453
2
  463
0
  63
5
  421
255
  463
1
  63
7
  421
16777215
  470
LINEAR
  1001
ACAD
  1010
0
  1020
0
  1030
0
  0
LWPOLYLINE
  5
1749
  100
AcDbEntity
  8
Hole-Layer
  100
AcDbPolyline
  90
14
  70
1
  43
0
  10
31.35563851130094
  20
-26.36290340190151
  10
31.048104268320337
  20
-26.31968228269345
  10
30.803382360969554
  20
-26.12848457398897
  10
30.687045826693428
  20
-25.840541547430128
  10
30.730266945901487
  20
-25.533007304449526
  10
30.921464654605966
  20
-25.28828539709874
  10
31.209407681164816
  20
-25.171948862822614
  10
31.21444982569944
  20
-25.17132976531992
  10
31.52198406868004
  20
-25.21455088452798
  10
31.766705976030824
  20
-25.40574859323246
  10
31.88304251030695
  20
-25.693691619791306
  10
31.839821391098887
  20
-26.001225862771907
  10
31.648623682394412
  20
-26.24594777012269
  10
31.360680655835562
  20
-26.362284304398816
  0
HATCH
  5
1761
  100
AcDbEntity
  8
Hole-Layer
  100
AcDbHatch
  10
0
  20
0
  30
0
  210
0
  220
0
  230
1
  2
SOLID
  70
1
  71
0
  91
1
  92
7
  72
0
  73
1
  93
14
  10
36.57427322224576
  20
-27.837727128263836
  10
36.266738979265156
  20
-27.794506009055773
  10
36.02201707191438
  20
-27.603308300351294
  10
35.90568053763825
  20
-27.315365273792448
  10
35.94890165684632
  20
-27.007831030811847
  10
36.140099365550796
  20
-26.76310912346106
  10
36.42804239210964
  20
-26.64677258918494
  10
36.43308453664427
  20
-26.64615349168225
  10
36.74061877962487
  20
-26.689374610890315
  10
36.985340686975654
  20
-26.88057231959479
  10
37.10167722125178
  20
-27.16851534615364
  10
37.05845610204371
  20
-27.47604958913424
  10
36.86725839333923
  20
-27.720771496485025
  10
36.57931536678039
  20
-27.837108030761144
  97
1
  330
1760
  75
0
  76
1
  47
0.4128176842155181
  98
1
  10
34.90568961886538
  20
22.81183545379326
  450
0
  451
0
  460
0
  461
0
  452
1
  462
1
  453
2
  463
0
  63
5
  421
255
  463
1
  63
7
  421
16777215
  470
LINEAR
  1001
ACAD
  1010
0
  1020
0
  1030
0
  0
LWPOLYLINE
  5
1760
  100
AcDbEntity
  8
Hole-Layer
  100
AcDbPolyline
  90
14
  70
1
  43
0
  10
36.57427322224576
  20
-27.837727128263836
  10
36.266738979265156
  20
-27.794506009055773
  10
36.02201707191438
  20
-27.603308300351294
  10
35.90568053763825
  20
-27.315365273792448
  10
35.94890165684632
  20
-27.007831030811847
  10
36.140099365550796
  20
-26.76310912346106
  10
36.42804239210964
  20
-26.64677258918494
  10
36.43308453664427
  20
-26.64615349168225
  10
36.74061877962487
  20
-26.689374610890315
  10
36.985340686975654
  20
-26.88057231959479
  10
37.10167722125178
  20
-27.16851534615364
  10
37.05845610204371
  20
-27.47604958913424
  10
36.86725839333923
  20
-27.720771496485025
  10
36.57931536678039
  20
-27.837108030761144
  0
HATCH
  5
1772
  100
AcDbEntity
  8
Hole-Layer
  100
AcDbHatch
  10
0
  20
0
  30
0
  210
0
  220
0
  230
1
  2
SOLID
  70
1
  71
0
  91
1
  92
7
  72
0
  73
1
  93
14
  10
29.069633939291794
  20
-8.074866825828353
  10
28.762099696311193
  20
-8.031645706620292
  10
28.51737778896041
  20
-7.840447997915816
  10
28.401041254684284
  20
-7.552504971356971
  10
28.444262373892343
  20
-7.24497072837637
  10
28.635460082596822
  20
-7.0002488210255835
  10
28.92340310915567
  20
-6.883912286749459
  10
28.928445253690295
  20
-6.883293189246768
  10
29.235979496670897
  20
-6.926514308454827
  10
29.48070140402168
  20
-7.1177120171593025
  10
29.597037938297806
  20
-7.405655043718149
  10
29.553816819089743
  20
-7.71318928669875
  10
29.362619110385268
  20
-7.957911194049537
  10
29.074676083826418
  20
-8.07424772832566
  97
1
  330
1771
  75
0
  76
1
  47
0.4128176842155181
  98
1
  10
34.90568961886538
  20
22.81183545379326
  450
0
  451
0
  460
0
  461
0
  452
1
  462
1
  453
2
  463
0
  63
5
  421
255
  463
1
  63
7
  421
16777215
  470
LINEAR
  1001
ACAD
  1010
0
  1020
0
  1030
0
  0
LWPOLYLINE
  5
1771
  100
AcDbEntity
  8
Hole-Layer
  100
AcDbPolyline
  90
14
  70
1
  43
0
  10
29.069633939291794
  20
-8.074866825828353
  10
28.762099696311193
  20
-8.031645706620292
  10
28.51737778896041
  20
-7.840447997915816
  10
28.401041254684284
  20
-7.552504971356971
  10
28.444262373892343
  20
-7.24497072837637
  10
28.635460082596822
  20
-7.0002488210255835
  10
28.92340310915567
  20
-6.883912286749459
  10
28.928445253690295
  20
-6.883293189246768
  10
29.235979496670897
  20
-6.926514308454827
  10
29.48070140402168
  20
-7.1177120171593025
  10
29.597037938297806
  20
-7.405655043718149
  10
29.553816819089743
  20
-7.71318928669875
  10
29.362619110385268
  20
-7.957911194049537
  10
29.074676083826418
  20
-8.07424772832566
  0
HATCH
  5
1783
  100
AcDbEntity
  8
Hole-Layer
  100
AcDbHatch
  10
0
  20
0
  30
0
  210
0
  220
0
  230
1
  2
SOLID
  70
1
  71
0
  91
1
  92
7
  72
0
  73
1
  93
14
  10
34.28826865023661
  20
-9.549690552190684
  10
33.980734407256016
  20
-9.50646943298262
  10
33.73601249990523
  20
-9.315271724278139
  10
33.619675965629106
  20
-9.027328697719291
  10
33.66289708483718
  20
-8.719794454738691
  10
33.854094793541655
  20
-8.475072547387908
  10
34.14203782010049
  20
-8.358736013111788
  10
34.147079964635125
  20
-8.358116915609093
  10
34.45461420761573
  20
-8.401338034817158
  10
34.69933611496651
  20
-8.592535743521637
  10
34.815672649242636
  20
-8.880478770080485
  10
34.772451530034566
  20
-9.188013013061086
  10
34.58125382133009
  20
-9.432734920411868
  10
34.29331079477125
  20
-9.549071454687988
  97
1
  330
1782
  75
0
  76
1
  47
0.4128176842155181
  98
1
  10
34.90568961886538
  20
22.81183545379326
  450
0
  451
0
  460
0
  461
0
  452
1
  462
1
  453
2
  463
0
  63
5
  421
255
  463
1
  63
7
  421
16777215
  470
LINEAR
  1001
ACAD
  1010
0
  1020
0
  1030
0
  0
LWPOLYLINE
  5
1782
  100
AcDbEntity
  8
Hole-Layer
  100
AcDbPolyline
  90
14
  70
1
  43
0
  10
34.28826865023661
  20
-9.549690552190684
  10
33.980734407256016
  20
-9.50646943298262
  10
33.73601249990523
  20
-9.315271724278139
  10
33.619675965629106
  20
-9.027328697719291
  10
33.66289708483718
  20
-8.719794454738691
  10
33.854094793541655
  20
-8.475072547387908
  10
34.14203782010049
  20
-8.358736013111788
  10
34.147079964635125
  20
-8.358116915609093
  10
34.45461420761573
  20
-8.401338034817158
  10
34.69933611496651
  20
-8.592535743521637
  10
34.815672649242636
  20
-8.880478770080485
  10
34.772451530034566
  20
-9.188013013061086
  10
34.58125382133009
  20
-9.432734920411868
  10
34.29331079477125
  20
-9.549071454687988
  0
HATCH
  5
1794
  100
AcDbEntity
  8
Hole-Layer
  100
AcDbHatch
  10
0
  20
0
  30
0
  210
0
  220
0
  230
1
  2
SOLID
  70
1
  71
0
  91
1
  92
7
  72
0
  73
1
  93
14
  10
50.554860497422524
  20
-6.143135913643879
  10
50.250009738037356
  20
-6.08387892879372
  10
50.01562972847189
  20
-5.880135494869225
  10
49.91452240301122
  20
-5.586498500453609
  10
49.97377938786138
  20
-5.281647741068437
  10
50.17752282178587
  20
-5.04726773150298
  10
50.47115981620149
  20
-4.946160406042302
  10
50.476227451712084
  20
-4.9458060424469545
  10
50.78107821109725
  20
-5.005063027297114
  10
51.015458220662715
  20
-5.208806461221608
  10
51.11656554612339
  20
-5.502443455637224
  10
51.05730856127323
  20
-5.807294215022396
  10
50.85356512734874
  20
-6.041674224587854
  10
50.559928132933116
  20
-6.142781550048531
  97
1
  330
1793
  75
0
  76
1
  47
0.4128176842155181
  98
1
  10
34.90568961886538
  20
22.81183545379326
  450
0
  451
0
  460
0
  461
0
  452
1
  462
1
  453
2
  463
0
  63
5
  421
255
  463
1
  63
7
  421
16777215
  470
LINEAR
  1001
ACAD
  1010
0
  1020
0
  1030
0
  0
LWPOLYLINE
  5
1793
  100
AcDbEntity
  8
Hole-Layer
  100
AcDbPolyline
  90
14
  70
1
  43
0
  10
50.554860497422524
  20
-6.143135913643879
  10
50.250009738037356
  20
-6.08387892879372
  10
50.01562972847189
  20
-5.880135494869225
  10
49.91452240301122
  20
-5.586498500453609
  10
49.97377938786138
  20
-5.281647741068437
  10
50.17752282178587
  20
-5.04726773150298
  10
50.47115981620149
  20
-4.946160406042302
  10
50.476227451712084
  20
-4.9458060424469545
  10
50.78107821109725
  20
-5.005063027297114
  10
51.015458220662715
  20
-5.208806461221608
  10
51.11656554612339
  20
-5.502443455637224
  10
51.05730856127323
  20
-5.807294215022396
  10
50.85356512734874
  20
-6.041674224587854
  10
50.559928132933116
  20
-6.142781550048531
  0
HATCH
  5
1805
  100
AcDbEntity
  8
Hole-Layer
  100
AcDbHatch
  10
0
  20
0
  30
0
  210
0
  220
0
  230
1
  2
SOLID
  70
1
  71
0
  91
1
  92
7
  72
0
  73
1
  93
14
  10
55.689156940858474
  20
-7.889060683226012
  10
55.384306181473306
  20
-7.829803698375852
  10
55.14992617190784
  20
-7.626060264451358
  10
55.04881884644717
  20
-7.332423270035743
  10
55.10807583129733
  20
-7.02757251065057
  10
55.31181926522182
  20
-6.793192501085113
  10
55.605456259637435
  20
-6.6920851756244355
  10
55.610523895148035
  20
-6.691730812029088
  10
55.9153746545332
  20
-6.750987796879247
  10
56.14975466409866
  20
-6.95473123080374
  10
56.25086198955934
  20
-7.248368225219357
  10
56.19160500470918
  20
-7.55321898460453
  10
55.98786157078469
  20
-7.787598994169986
  10
55.694224576369066
  20
-7.888706319630665
  97
1
  330
1804
  75
0
  76
1
  47
0.4128176842155181
  98
1
  10
34.90568961886538
  20
22.81183545379326
  450
0
  451
0
  460
0
  461
0
  452
1
  462
1
  453
2
  463
0
  63
5
  421
255
  463
1
  63
7
  421
16777215
  470
LINEAR
  1001
ACAD
  1010
0
  1020
0
  1030
0
  0
LWPOLYLINE
  5
1804
  100
AcDbEntity
  8
Hole-Layer
  100
AcDbPolyline
  90
14
  70
1
  43
0
  10
55.689156940858474
  20
-7.889060683226012
  10
55.384306181473306
  20
-7.829803698375852
  10
55.14992617190784
  20
-7.626060264451358
  10
55.04881884644717
  20
-7.332423270035743
  10
55.10807583129733
  20
-7.02757251065057
  10
55.31181926522182
  20
-6.793192501085113
  10
55.605456259637435
  20
-6.6920851756244355
  10
55.610523895148035
  20
-6.691730812029088
  10
55.9153746545332
  20
-6.750987796879247
  10
56.14975466409866
  20
-6.95473123080374
  10
56.25086198955934
  20
-7.248368225219357
  10
56.19160500470918
  20
-7.55321898460453
  10
55.98786157078469
  20
-7.787598994169986
  10
55.694224576369066
  20
-7.888706319630665
  0
HATCH
  5
1816
  100
AcDbEntity
  8
Hole-Layer
  100
AcDbHatch
  10
0
  20
0
  30
0
  210
0
  220
0
  230
1
  2
SOLID
  70
1
  71
0
  91
1
  92
7
  72
0
  73
1
  93
14
  10
51.824863037427605
  20
-24.558172743717538
  10
51.52001227804244
  20
-24.49891575886738
  10
51.285632268476974
  20
-24.295172324942886
  10
51.1845249430163
  20
-24.00153533052727
  10
51.24378192786646
  20
-23.696684571142097
  10
51.44752536179095
  20
-23.462304561576637
  10
51.74116235620657
  20
-23.361197236115963
  10
51.746229991717165
  20
-23.360842872520617
  10
52.05108075110233
  20
-23.420099857370776
  10
52.285460760667796
  20
-23.62384329129527
  10
52.38656808612847
  20
-23.917480285710887
  10
52.32731110127831
  20
-24.22233104509606
  10
52.12356766735382
  20
-24.45671105466152
  10
51.8299306729382
  20
-24.557818380122193
  97
1
  330
1815
  75
0
  76
1
  47
0.4128176842155181
  98
1
  10
34.90568961886538
  20
22.81183545379326
  450
0
  451
0
  460
0
  461
0
  452
1
  462
1
  453
2
  463
0
  63
5
  421
255
  463
1
  63
7
  421
16777215
  470
LINEAR
  1001
ACAD
  1010
0
  1020
0
  1030
0
  0
LWPOLYLINE
  5
1815
  100
AcDbEntity
  8
Hole-Layer
  100
AcDbPolyline
  90
14
  70
1
  43
0
  10
51.824863037427605
  20
-24.558172743717538
  10
51.52001227804244
  20
-24.49891575886738
  10
51.285632268476974
  20
-24.295172324942886
  10
51.1845249430163
  20
-24.00153533052727
  10
51.24378192786646
  20
-23.696684571142097
  10
51.44752536179095
  20
-23.462304561576637
  10
51.74116235620657
  20
-23.361197236115963
  10
51.746229991717165
  20
-23.360842872520617
  10
52.05108075110233
  20
-23.420099857370776
  10
52.285460760667796
  20
-23.62384329129527
  10
52.38656808612847
  20
-23.917480285710887
  10
52.32731110127831
  20
-24.22233104509606
  10
52.12356766735382
  20
-24.45671105466152
  10
51.8299306729382
  20
-24.557818380122193
  0
HATCH
  5
1827
  100
AcDbEntity
  8
Hole-Layer
  100
AcDbHatch
  10
0
  20
0
  30
0
  210
0
  220
0
  230
1
  2
SOLID
  70
1
  71
0
  91
1
  92
7
  72
0
  73
1
  93
14
  10
56.959159480863555
  20
-26.304097513299673
  10
56.65430872147838
  20
-26.244840528449515
  10
56.419928711912924
  20
-26.04109709452502
  10
56.31882138645225
  20
-25.747460100109404
  10
56.37807837130241
  20
-25.442609340724232
  10
56.5818218052269
  20
-25.208229331158773
  10
56.875458799642516
  20
-25.1071220056981
  10
56.880526435153115
  20
-25.106767642102753
  10
57.18537719453828
  20
-25.16602462695291
  10
57.41975720410374
  20
-25.369768060877405
  10
57.52086452956442
  20
-25.663405055293023
  10
57.46160754471426
  20
-25.968255814678194
  10
57.25786411078977
  20
-26.202635824243654
  10
56.96422711637415
  20
-26.303743149704328
  97
1
  330
1826
  75
0
  76
1
  47
0.4128176842155181
  98
1
  10
34.90568961886538
  20
22.81183545379326
  450
0
  451
0
  460
0
  461
0
  452
1
  462
1
  453
2
  463
0
  63
5
  421
255
  463
1
  63
7
  421
16777215
  470
LINEAR
  1001
ACAD
  1010
0
  1020
0
  1030
0
  0
LWPOLYLINE
  5
1826
  100
AcDbEntity
  8
Hole-Layer
  100
AcDbPolyline
  90
14
  70
1
  43
0
  10
56.959159480863555
  20
-26.304097513299673
  10
56.65430872147838
  20
-26.244840528449515
  10
56.419928711912924
  20
-26.04109709452502
  10
56.31882138645225
  20
-25.747460100109404
  10
56.37807837130241
  20
-25.442609340724232
  10
56.5818218052269
  20
-25.208229331158773
  10
56.875458799642516
  20
-25.1071220056981
  10
56.880526435153115
  20
-25.106767642102753
  10
57.18537719453828
  20
-25.16602462695291
  10
57.41975720410374
  20
-25.369768060877405
  10
57.52086452956442
  20
-25.663405055293023
  10
57.46160754471426
  20
-25.968255814678194
  10
57.25786411078977
  20
-26.202635824243654
  10
56.96422711637415
  20
-26.303743149704328
  0
HATCH
  5
1838
  100
AcDbEntity
  8
Hole-Layer
  100
AcDbHatch
  10
0
  20
0
  30
0
  210
0
  220
0
  230
1
  2
SOLID
  70
1
  71
0
  91
1
  92
7
  72
0
  73
1
  93
14
  10
53.094865577432685
  20
-42.846209319790695
  10
52.79001481804752
  20
-42.78695233494054
  10
52.555634808482054
  20
-42.58320890101604
  10
52.45452748302138
  20
-42.28957190660042
  10
52.51378446787154
  20
-41.984721147215254
  10
52.71752790179603
  20
-41.75034113764979
  10
53.01116489621165
  20
-41.64923381218912
  10
53.016232531722245
  20
-41.64887944859377
  10
53.32108329110741
  20
-41.70813643344393
  10
53.555463300672876
  20
-41.91187986736843
  10
53.65657062613355
  20
-42.20551686178404
  10
53.59731364128339
  20
-42.510367621169216
  10
53.3935702073589
  20
-42.74474763073467
  10
53.09993321294328
  20
-42.84585495619535
  97
1
  330
1837
  75
0
  76
1
  47
0.4128176842155181
  98
1
  10
34.90568961886538
  20
22.81183545379326
  450
0
  451
0
  460
0
  461
0
  452
1
  462
1
  453
2
  463
0
  63
5
  421
255
  463
1
  63
7
  421
16777215
  470
LINEAR
  1001
ACAD
  1010
0
  1020
0
  1030
0
  0
LWPOLYLINE
  5
1837
  100
AcDbEntity
  8
Hole-Layer
  100
AcDbPolyline
  90
14
  70
1
  43
0
  10
53.094865577432685
  20
-42.846209319790695
  10
52.79001481804752
  20
-42.78695233494054
  10
52.555634808482054
  20
-42.58320890101604
  10
52.45452748302138
  20
-42.28957190660042
  10
52.51378446787154
  20
-41.984721147215254
  10
52.71752790179603
  20
-41.75034113764979
  10
53.01116489621165
  20
-41.64923381218912
  10
53.016232531722245
  20
-41.64887944859377
  10
53.32108329110741
  20
-41.70813643344393
  10
53.555463300672876
  20
-41.91187986736843
  10
53.65657062613355
  20
-42.20551686178404
  10
53.59731364128339
  20
-42.510367621169216
  10
53.3935702073589
  20
-42.74474763073467
  10
53.09993321294328
  20
-42.84585495619535
  0
HATCH
  5
1849
  100
AcDbEntity
  8
Hole-Layer
  100
AcDbHatch
  10
0
  20
0
  30
0
  210
0
  220
0
  230
1
  2
SOLID
  70
1
  71
0
  91
1
  92
7
  72
0
  73
1
  93
14
  10
58.229162020868635
  20
-44.592134089372834
  10
57.92431126148346
  20
-44.53287710452267
  10
57.689931251918004
  20
-44.329133670598175
  10
57.58882392645732
  20
-44.03549667618256
  10
57.64808091130749
  20
-43.730645916797386
  10
57.85182434523198
  20
-43.49626590723193
  10
58.145461339647596
  20
-43.39515858177125
  10
58.15052897515819
  20
-43.394804218175906
  10
58.455379734543364
  20
-43.454061203026065
  10
58.68975974410882
  20
-43.65780463695056
  10
58.7908670695695
  20
-43.95144163136618
  10
58.73161008471934
  20
-44.25629239075135
  10
58.52786665079485
  20
-44.49067240031681
  10
58.23422965637923
  20
-44.591779725777485
  97
1
  330
1848
  75
0
  76
1
  47
0.4128176842155181
  98
1
  10
34.90568961886538
  20
22.81183545379326
  450
0
  451
0
  460
0
  461
0
  452
1
  462
1
  453
2
  463
0
  63
5
  421
255
  463
1
  63
7
  421
16777215
  470
LINEAR
  1001
ACAD
  1010
0
  1020
0
  1030
0
  0
LWPOLYLINE
  5
1848
  100
AcDbEntity
  8
Hole-Layer
  100
AcDbPolyline
  90
14
  70
1
  43
0
  10
58.229162020868635
  20
-44.592134089372834
  10
57.92431126148346
  20
-44.53287710452267
  10
57.689931251918004
  20
-44.329133670598175
  10
57.58882392645732
  20
-44.03549667618256
  10
57.64808091130749
  20
-43.730645916797386
  10
57.85182434523198
  20
-43.49626590723193
  10
58.145461339647596
  20
-43.39515858177125
  10
58.15052897515819
  20
-43.394804218175906
  10
58.455379734543364
  20
-43.454061203026065
  10
58.68975974410882
  20
-43.65780463695056
  10
58.7908670695695
  20
-43.95144163136618
  10
58.73161008471934
  20
-44.25629239075135
  10
58.52786665079485
  20
-44.49067240031681
  10
58.23422965637923
  20
-44.591779725777485
  0
HATCH
  5
1860
  100
AcDbEntity
  8
Hole-Layer
  100
AcDbHatch
  10
0
  20
0
  30
0
  210
0
  220
0
  230
1
  2
SOLID
  70
1
  71
0
  91
1
  92
7
  72
0
  73
1
  93
14
  10
54.364868117437766
  20
-61.13424589586385
  10
54.0600173580526
  20
-61.07498891101369
  10
53.825637348487135
  20
-60.8712454770892
  10
53.72453002302646
  20
-60.577608482673575
  10
53.78378700787662
  20
-60.27275772328841
  10
53.98753044180111
  20
-60.038377713722944
  10
54.28116743621673
  20
-59.93727038826227
  10
54.286235071727326
  20
-59.93691602466692
  10
54.591085831112494
  20
-59.996173009517086
  10
54.82546584067796
  20
-60.19991644344158
  10
54.92657316613863
  20
-60.493553437857194
  10
54.86731618128847
  20
-60.79840419724237
  10
54.66357274736398
  20
-61.032784206807825
  10
54.36993575294836
  20
-61.13389153226851
  97
1
  330
1859
  75
0
  76
1
  47
0.4128176842155181
  98
1
  10
34.90568961886538
  20
22.81183545379326
  450
0
  451
0
  460
0
  461
0
  452
1
  462
1
  453
2
  463
0
  63
5
  421
255
  463
1
  63
7
  421
16777215
  470
LINEAR
  1001
ACAD
  1010
0
  1020
0
  1030
0
  0
LWPOLYLINE
  5
1859
  100
AcDbEntity
  8
Hole-Layer
  100
AcDbPolyline
  90
14
  70
1
  43
0
  10
54.364868117437766
  20
-61.13424589586385
  10
54.0600173580526
  20
-61.07498891101369
  10
53.825637348487135
  20
-60.8712454770892
  10
53.72453002302646
  20
-60.577608482673575
  10
53.78378700787662
  20
-60.27275772328841
  10
53.98753044180111
  20
-60.038377713722944
  10
54.28116743621673
  20
-59.93727038826227
  10
54.286235071727326
  20
-59.93691602466692
  10
54.591085831112494
  20
-59.996173009517086
  10
54.82546584067796
  20
-60.19991644344158
  10
54.92657316613863
  20
-60.493553437857194
  10
54.86731618128847
  20
-60.79840419724237
  10
54.66357274736398
  20
-61.032784206807825
  10
54.36993575294836
  20
-61.13389153226851
  0
HATCH
  5
1871
  100
AcDbEntity
  8
Hole-Layer
  100
AcDbHatch
  10
0
  20
0
  30
0
  210
0
  220
0
  230
1
  2
SOLID
  70
1
  71
0
  91
1
  92
7
  72
0
  73
1
  93
14
  10
59.499164560873716
  20
-62.88017066544599
  10
59.19431380148854
  20
-62.82091368059582
  10
58.959933791923085
  20
-62.61717024667133
  10
58.8588264664624
  20
-62.323533252255714
  10
58.91808345131257
  20
-62.01868249287054
  10
59.12182688523706
  20
-61.78430248330508
  10
59.41546387965268
  20
-61.6831951578444
  10
59.42053151516327
  20
-61.68284079424906
  10
59.725382274548444
  20
-61.74209777909922
  10
59.9597622841139
  20
-61.94584121302371
  10
60.06086960957458
  20
-62.23947820743933
  10
60.00161262472442
  20
-62.5443289668245
  10
59.79786919079993
  20
-62.778708976389964
  10
59.50423219638431
  20
-62.87981630185064
  97
1
  330
1870
  75
0
  76
1
  47
0.4128176842155181
  98
1
  10
34.90568961886538
  20
22.81183545379326
  450
0
  451
0
  460
0
  461
0
  452
1
  462
1
  453
2
  463
0
  63
5
  421
255
  463
1
  63
7
  421
16777215
  470
LINEAR
  1001
ACAD
  1010
0
  1020
0
  1030
0
  0
LWPOLYLINE
  5
1870
  100
AcDbEntity
  8
Hole-Layer
  100
AcDbPolyline
  90
14
  70
1
  43
0
  10
59.499164560873716
  20
-62.88017066544599
  10
59.19431380148854
  20
-62.82091368059582
  10
58.959933791923085
  20
-62.61717024667133
  10
58.8588264664624
  20
-62.323533252255714
  10
58.91808345131257
  20
-62.01868249287054
  10
59.12182688523706
  20
-61.78430248330508
  10
59.41546387965268
  20
-61.6831951578444
  10
59.42053151516327
  20
-61.68284079424906
  10
59.725382274548444
  20
-61.74209777909922
  10
59.9597622841139
  20
-61.94584121302371
  10
60.06086960957458
  20
-62.23947820743933
  10
60.00161262472442
  20
-62.5443289668245
  10
59.79786919079993
  20
-62.778708976389964
  10
59.50423219638431
  20
-62.87981630185064
  0
HATCH
  5
1882
  100
AcDbEntity
  8
Hole-Layer
  100
AcDbHatch
  10
0
  20
0
  30
0
  210
0
  220
0
  230
1
  2
SOLID
  70
1
  71
0
  91
1
  92
7
  72
0
  73
1
  93
14
  10
72.96464140044083
  20
-60.10847345653711
  10
72.66204438684885
  20
-60.038613431369136
  10
72.4349176985529
  20
-59.82681436806866
  10
72.34411974826139
  20
-59.52982765460472
  10
72.41397977342936
  20
-59.22723064101275
  10
72.62577883672982
  20
-59.00010395271679
  10
72.92276555019377
  20
-58.90930600242529
  10
72.92784246574885
  20
-58.909128712627464
  10
73.23043947934082
  20
-58.97898873779544
  10
73.45756616763678
  20
-59.19078780109591
  10
73.54836411792827
  20
-59.487774514559845
  10
73.47850409276032
  20
-59.790371528151816
  10
73.26670502945984
  20
-60.017498216447784
  10
72.96971831599589
  20
-60.10829616673928
  97
1
  330
1881
  75
0
  76
1
  47
0.4128176842155181
  98
1
  10
34.90568961886538
  20
22.81183545379326
  450
0
  451
0
  460
0
  461
0
  452
1
  462
1
  453
2
  463
0
  63
5
  421
255
  463
1
  63
7
  421
16777215
  470
LINEAR
  1001
ACAD
  1010
0
  1020
0
  1030
0
  0
LWPOLYLINE
  5
1881
  100
AcDbEntity
  8
Hole-Layer
  100
AcDbPolyline
  90
14
  70
1
  43
0
  10
72.96464140044083
  20
-60.10847345653711
  10
72.66204438684885
  20
-60.038613431369136
  10
72.4349176985529
  20
-59.82681436806866
  10
72.34411974826139
  20
-59.52982765460472
  10
72.41397977342936
  20
-59.22723064101275
  10
72.62577883672982
  20
-59.00010395271679
  10
72.92276555019377
  20
-58.90930600242529
  10
72.92784246574885
  20
-58.909128712627464
  10
73.23043947934082
  20
-58.97898873779544
  10
73.45756616763678
  20
-59.19078780109591
  10
73.54836411792827
  20
-59.487774514559845
  10
73.47850409276032
  20
-59.790371528151816
  10
73.26670502945984
  20
-60.017498216447784
  10
72.96971831599589
  20
-60.10829616673928
  0
HATCH
  5
1893
  100
AcDbEntity
  8
Hole-Layer
  100
AcDbHatch
  10
0
  20
0
  30
0
  210
0
  220
0
  230
1
  2
SOLID
  70
1
  71
0
  91
1
  92
7
  72
0
  73
1
  93
14
  10
78.03487827346862
  20
-62.03251901772028
  10
77.73228125987666
  20
-61.96265899255231
  10
77.50515457158069
  20
-61.75085992925184
  10
77.41435662128919
  20
-61.4538732157879
  10
77.48421664645716
  20
-61.15127620219593
  10
77.69601570975763
  20
-60.92414951389997
  10
77.99300242322158
  20
-60.83335156360847
  10
77.99807933877665
  20
-60.83317427381064
  10
78.30067635236861
  20
-60.90303429897861
  10
78.52780304066458
  20
-61.114833362279086
  10
78.61860099095608
  20
-61.41182007574302
  10
78.54874096578811
  20
-61.714417089334994
  10
78.33694190248764
  20
-61.941543777630955
  10
78.0399551890237
  20
-62.03234172792246
  97
1
  330
1892
  75
0
  76
1
  47
0.4128176842155181
  98
1
  10
34.90568961886538
  20
22.81183545379326
  450
0
  451
0
  460
0
  461
0
  452
1
  462
1
  453
2
  463
0
  63
5
  421
255
  463
1
  63
7
  421
16777215
  470
LINEAR
  1001
ACAD
  1010
0
  1020
0
  1030
0
  0
LWPOLYLINE
  5
1892
  100
AcDbEntity
  8
Hole-Layer
  100
AcDbPolyline
  90
14
  70
1
  43
0
  10
78.03487827346862
  20
-62.03251901772028
  10
77.73228125987666
  20
-61.96265899255231
  10
77.50515457158069
  20
-61.75085992925184
  10
77.41435662128919
  20
-61.4538732157879
  10
77.48421664645716
  20
-61.15127620219593
  10
77.69601570975763
  20
-60.92414951389997
  10
77.99300242322158
  20
-60.83335156360847
  10
77.99807933877665
  20
-60.83317427381064
  10
78.30067635236861
  20
-60.90303429897861
  10
78.52780304066458
  20
-61.114833362279086
  10
78.61860099095608
  20
-61.41182007574302
  10
78.54874096578811
  20
-61.714417089334994
  10
78.33694190248764
  20
-61.941543777630955
  10
78.0399551890237
  20
-62.03234172792246
  0
HATCH
  5
1904
  100
AcDbEntity
  8
Hole-Layer
  100
AcDbHatch
  10
0
  20
0
  30
0
  210
0
  220
0
  230
1
  2
SOLID
  70
1
  71
0
  91
1
  92
7
  72
0
  73
1
  93
14
  10
72.32964013043828
  20
-41.82043688046395
  10
72.02704311684631
  20
-41.75057685529598
  10
71.79991642855035
  20
-41.53877779199551
  10
71.70911847825884
  20
-41.24179107853157
  10
71.77897850342681
  20
-40.9391940649396
  10
71.99077756672729
  20
-40.71206737664364
  10
72.28776428019123
  20
-40.621269426352136
  10
72.2928411957463
  20
-40.62109213655431
  10
72.59543820933827
  20
-40.69095216172228
  10
72.82256489763424
  20
-40.902751225022755
  10
72.91336284792574
  20
-41.19973793848669
  10
72.84350282275777
  20
-41.50233495207866
  10
72.6317037594573
  20
-41.72946164037462
  10
72.33471704599336
  20
-41.820259590666126
  97
1
  330
1903
  75
0
  76
1
  47
0.4128176842155181
  98
1
  10
34.90568961886538
  20
22.81183545379326
  450
0
  451
0
  460
0
  461
0
  452
1
  462
1
  453
2
  463
0
  63
5
  421
255
  463
1
  63
7
  421
16777215
  470
LINEAR
  1001
ACAD
  1010
0
  1020
0
  1030
0
  0
LWPOLYLINE
  5
1903
  100
AcDbEntity
  8
Hole-Layer
  100
AcDbPolyline
  90
14
  70
1
  43
0
  10
72.32964013043828
  20
-41.82043688046395
  10
72.02704311684631
  20
-41.75057685529598
  10
71.79991642855035
  20
-41.53877779199551
  10
71.70911847825884
  20
-41.24179107853157
  10
71.77897850342681
  20
-40.9391940649396
  10
71.99077756672729
  20
-40.71206737664364
  10
72.28776428019123
  20
-40.621269426352136
  10
72.2928411957463
  20
-40.62109213655431
  10
72.59543820933827
  20
-40.69095216172228
  10
72.82256489763424
  20
-40.902751225022755
  10
72.91336284792574
  20
-41.19973793848669
  10
72.84350282275777
  20
-41.50233495207866
  10
72.6317037594573
  20
-41.72946164037462
  10
72.33471704599336
  20
-41.820259590666126
  0
HATCH
  5
1915
  100
AcDbEntity
  8
Hole-Layer
  100
AcDbHatch
  10
0
  20
0
  30
0
  210
0
  220
0
  230
1
  2
SOLID
  70
1
  71
0
  91
1
  92
7
  72
0
  73
1
  93
14
  10
77.39987700346609
  20
-43.74448244164713
  10
77.09727998987411
  20
-43.67462241647915
  10
76.87015330157816
  20
-43.462823353178685
  10
76.77935535128665
  20
-43.16583663971475
  10
76.84921537645462
  20
-42.86323962612278
  10
77.06101443975508
  20
-42.63611293782681
  10
77.35800115321904
  20
-42.54531498753531
  10
77.36307806877412
  20
-42.54513769773748
  10
77.66567508236608
  20
-42.61499772290546
  10
77.89280177066205
  20
-42.82679678620593
  10
77.98359972095353
  20
-43.12378349966987
  10
77.91373969578558
  20
-43.42638051326184
  10
77.7019406324851
  20
-43.6535072015578
  10
77.40495391902115
  20
-43.744305151849304
  97
1
  330
1914
  75
0
  76
1
  47
0.4128176842155181
  98
1
  10
34.90568961886538
  20
22.81183545379326
  450
0
  451
0
  460
0
  461
0
  452
1
  462
1
  453
2
  463
0
  63
5
  421
255
  463
1
  63
7
  421
16777215
  470
LINEAR
  1001
ACAD
  1010
0
  1020
0
  1030
0
  0
LWPOLYLINE
  5
1914
  100
AcDbEntity
  8
Hole-Layer
  100
AcDbPolyline
  90
14
  70
1
  43
0
  10
77.39987700346609
  20
-43.74448244164713
  10
77.09727998987411
  20
-43.67462241647915
  10
76.87015330157816
  20
-43.462823353178685
  10
76.77935535128665
  20
-43.16583663971475
  10
76.84921537645462
  20
-42.86323962612278
  10
77.06101443975508
  20
-42.63611293782681
  10
77.35800115321904
  20
-42.54531498753531
  10
77.36307806877412
  20
-42.54513769773748
  10
77.66567508236608
  20
-42.61499772290546
  10
77.89280177066205
  20
-42.82679678620593
  10
77.98359972095353
  20
-43.12378349966987
  10
77.91373969578558
  20
-43.42638051326184
  10
77.7019406324851
  20
-43.6535072015578
  10
77.40495391902115
  20
-43.744305151849304
  0
HATCH
  5
1926
  100
AcDbEntity
  8
Hole-Layer
  100
AcDbHatch
  10
0
  20
0
  30
0
  210
0
  220
0
  230
1
  2
SOLID
  70
1
  71
0
  91
1
  92
7
  72
0
  73
1
  93
14
  10
71.69463886043575
  20
-23.40540005039029
  10
71.39204184684377
  20
-23.335540025222322
  10
71.16491515854781
  20
-23.12374096192185
  10
71.07411720825631
  20
-22.826754248457913
  10
71.14397723342428
  20
-22.524157234865946
  10
71.35577629672474
  20
-22.29703054656998
  10
71.65276301018869
  20
-22.20623259627848
  10
71.65783992574377
  20
-22.206055306480653
  10
71.96043693933574
  20
-22.275915331648623
  10
72.1875636276317
  20
-22.487714394949094
  10
72.27836157792319
  20
-22.78470110841303
  10
72.20850155275524
  20
-23.087298122005
  10
71.99670248945476
  20
-23.314424810300963
  10
71.69971577599081
  20
-23.405222760592466
  97
1
  330
1925
  75
0
  76
1
  47
0.4128176842155181
  98
1
  10
34.90568961886538
  20
22.81183545379326
  450
0
  451
0
  460
0
  461
0
  452
1
  462
1
  453
2
  463
0
  63
5
  421
255
  463
1
  63
7
  421
16777215
  470
LINEAR
  1001
ACAD
  1010
0
  1020
0
  1030
0
  0
LWPOLYLINE
  5
1925
  100
AcDbEntity
  8
Hole-Layer
  100
AcDbPolyline
  90
14
  70
1
  43
0
  10
71.69463886043575
  20
-23.40540005039029
  10
71.39204184684377
  20
-23.335540025222322
  10
71.16491515854781
  20
-23.12374096192185
  10
71.07411720825631
  20
-22.826754248457913
  10
71.14397723342428
  20
-22.524157234865946
  10
71.35577629672474
  20
-22.29703054656998
  10
71.65276301018869
  20
-22.20623259627848
  10
71.65783992574377
  20
-22.206055306480653
  10
71.96043693933574
  20
-22.275915331648623
  10
72.1875636276317
  20
-22.487714394949094
  10
72.27836157792319
  20
-22.78470110841303
  10
72.20850155275524
  20
-23.087298122005
  10
71.99670248945476
  20
-23.314424810300963
  10
71.69971577599081
  20
-23.405222760592466
  0
HATCH
  5
1937
  100
AcDbEntity
  8
Hole-Layer
  100
AcDbHatch
  10
0
  20
0
  30
0
  210
0
  220
0
  230
1
  2
SOLID
  70
1
  71
0
  91
1
  92
7
  72
0
  73
1
  93
14
  10
76.76487573346354
  20
-25.329445611573462
  10
76.46227871987158
  20
-25.25958558640549
  10
76.23515203157561
  20
-25.047786523105017
  10
76.1443540812841
  20
-24.75079980964108
  10
76.21421410645208
  20
-24.448202796049113
  10
76.42601316975255
  20
-24.22107610775315
  10
76.7229998832165
  20
-24.130278157461646
  10
76.72807679877157
  20
-24.13010086766382
  10
77.03067381236355
  20
-24.199960892831793
  10
77.2578005006595
  20
-24.411759956132265
  10
77.348598450951
  20
-24.708746669596202
  10
77.27873842578303
  20
-25.01134368318817
  10
77.06693936248256
  20
-25.238470371484134
  10
76.76995264901862
  20
-25.329268321775636
  97
1
  330
1936
  75
0
  76
1
  47
0.4128176842155181
  98
1
  10
34.90568961886538
  20
22.81183545379326
  450
0
  451
0
  460
0
  461
0
  452
1
  462
1
  453
2
  463
0
  63
5
  421
255
  463
1
  63
7
  421
16777215
  470
LINEAR
  1001
ACAD
  1010
0
  1020
0
  1030
0
  0
LWPOLYLINE
  5
1936
  100
AcDbEntity
  8
Hole-Layer
  100
AcDbPolyline
  90
14
  70
1
  43
0
  10
76.76487573346354
  20
-25.329445611573462
  10
76.46227871987158
  20
-25.25958558640549
  10
76.23515203157561
  20
-25.047786523105017
  10
76.1443540812841
  20
-24.75079980964108
  10
76.21421410645208
  20
-24.448202796049113
  10
76.42601316975255
  20
-24.22107610775315
  10
76.7229998832165
  20
-24.130278157461646
  10
76.72807679877157
  20
-24.13010086766382
  10
77.03067381236355
  20
-24.199960892831793
  10
77.2578005006595
  20
-24.411759956132265
  10
77.348598450951
  20
-24.708746669596202
  10
77.27873842578303
  20
-25.01134368318817
  10
77.06693936248256
  20
-25.238470371484134
  10
76.76995264901862
  20
-25.329268321775636
  0
HATCH
  5
1948
  100
AcDbEntity
  8
Hole-Layer
  100
AcDbHatch
  10
0
  20
0
  30
0
  210
0
  220
0
  230
1
  2
SOLID
  70
1
  71
0
  91
1
  92
7
  72
0
  73
1
  93
14
  10
71.0596375904332
  20
-4.99036322031663
  10
70.75704057684123
  20
-4.920503195148657
  10
70.52991388854527
  20
-4.7087041318481875
  10
70.43911593825376
  20
-4.41171741838425
  10
70.50897596342173
  20
-4.1091204047922805
  10
70.72077502672221
  20
-3.8819937164963165
  10
71.01776174018616
  20
-3.7911957662048175
  10
71.02283865574123
  20
-3.7910184764069896
  10
71.3254356693332
  20
-3.860878501574963
  10
71.55256235762916
  20
-4.072677564875432
  10
71.64336030792066
  20
-4.3696642783393695
  10
71.57350028275269
  20
-4.672261291931339
  10
71.36170121945221
  20
-4.899387980227303
  10
71.06471450598828
  20
-4.990185930518803
  97
1
  330
1947
  75
0
  76
1
  47
0.4128176842155181
  98
1
  10
34.90568961886538
  20
22.81183545379326
  450
0
  451
0
  460
0
  461
0
  452
1
  462
1
  453
2
  463
0
  63
5
  421
255
  463
1
  63
7
  421
16777215
  470
LINEAR
  1001
ACAD
  1010
0
  1020
0
  1030
0
  0
LWPOLYLINE
  5
1947
  100
AcDbEntity
  8
Hole-Layer
  100
AcDbPolyline
  90
14
  70
1
  43
0
  10
71.0596375904332
  20
-4.99036322031663
  10
70.75704057684123
  20
-4.920503195148657
  10
70.52991388854527
  20
-4.7087041318481875
  10
70.43911593825376
  20
-4.41171741838425
  10
70.50897596342173
  20
-4.1091204047922805
  10
70.72077502672221
  20
-3.8819937164963165
  10
71.01776174018616
  20
-3.7911957662048175
  10
71.02283865574123
  20
-3.7910184764069896
  10
71.3254356693332
  20
-3.860878501574963
  10
71.55256235762916
  20
-4.072677564875432
  10
71.64336030792066
  20
-4.3696642783393695
  10
71.57350028275269
  20
-4.672261291931339
  10
71.36170121945221
  20
-4.899387980227303
  10
71.06471450598828
  20
-4.990185930518803
  0
HATCH
  5
1959
  100
AcDbEntity
  8
Hole-Layer
  100
AcDbHatch
  10
0
  20
0
  30
0
  210
0
  220
0
  230
1
  2
SOLID
  70
1
  71
0
  91
1
  92
7
  72
0
  73
1
  93
14
  10
76.12987446346101
  20
-6.914408781499798
  10
75.82727744986903
  20
-6.844548756331825
  10
75.60015076157308
  20
-6.632749693031355
  10
75.50935281128157
  20
-6.335762979567418
  10
75.57921283644954
  20
-6.033165965975449
  10
75.79101189975
  20
-5.806039277679485
  10
76.08799861321395
  20
-5.715241327387985
  10
76.09307552876903
  20
-5.715064037590158
  10
76.395672542361
  20
-5.784924062758131
  10
76.62279923065697
  20
-5.9967231260586
  10
76.71359718094845
  20
-6.293709839522538
  10
76.6437371557805
  20
-6.596306853114508
  10
76.43193809248002
  20
-6.823433541410472
  10
76.13495137901607
  20
-6.914231491701971
  97
1
  330
1958
  75
0
  76
1
  47
0.4128176842155181
  98
1
  10
34.90568961886538
  20
22.81183545379326
  450
0
  451
0
  460
0
  461
0
  452
1
  462
1
  453
2
  463
0
  63
5
  421
255
  463
1
  63
7
  421
16777215
  470
LINEAR
  1001
ACAD
  1010
0
  1020
0
  1030
0
  0
LWPOLYLINE
  5
1958
  100
AcDbEntity
  8
Hole-Layer
  100
AcDbPolyline
  90
14
  70
1
  43
0
  10
76.12987446346101
  20
-6.914408781499798
  10
75.82727744986903
  20
-6.844548756331825
  10
75.60015076157308
  20
-6.632749693031355
  10
75.50935281128157
  20
-6.335762979567418
  10
75.57921283644954
  20
-6.033165965975449
  10
75.79101189975
  20
-5.806039277679485
  10
76.08799861321395
  20
-5.715241327387985
  10
76.09307552876903
  20
-5.715064037590158
  10
76.395672542361
  20
-5.784924062758131
  10
76.62279923065697
  20
-5.9967231260586
  10
76.71359718094845
  20
-6.293709839522538
  10
76.6437371557805
  20
-6.596306853114508
  10
76.43193809248002
  20
-6.823433541410472
  10
76.13495137901607
  20
-6.914231491701971
  0
HATCH
  5
1970
  100
AcDbEntity
  8
Hole-Layer
  100
AcDbHatch
  10
0
  20
0
  30
0
  210
0
  220
0
  230
1
  2
SOLID
  70
1
  71
0
  91
1
  92
7
  72
1
  73
1
  93
2
  10
92.88798577597157
  20
-96.6471932943866
  42
1
  10
93.80238760477522
  20
-96.6471932943866
  42
1
  97
1
  330
1969
  75
0
  76
1
  47
0.8681437583925616
  98
1
  10
3.629517071192367
  20
33.92795499968543
  450
0
  451
0
  460
0
  461
0
  452
1
  462
1
  453
2
  463
0
  63
5
  421
255
  463
1
  63
7
  421
16777215
  470
LINEAR
  1001
ACAD
  1010
0
  1020
0
  1030
0
  0
LWPOLYLINE
  5
1971
  100
AcDbEntity
  8
Hole-Layer
  100
AcDbPolyline
  90
2
  70
1
  43
0
  10
92.88798577597156
  20
-96.6471932943866
  42
1
  10
93.80238760477522
  20
-96.6471932943866
  42
1
  0
HATCH
  5
1982
  100
AcDbEntity
  8
Hole-Layer
  100
AcDbHatch
  10
0
  20
0
  30
0
  210
0
  220
0
  230
1
  2
SOLID
  70
1
  71
0
  91
1
  92
7
  72
1
  73
1
  93
2
  10
90.34798069596141
  20
-96.6471932943866
  42
1
  10
91.26238252476506
  20
-96.6471932943866
  42
1
  97
1
  330
1981
  75
0
  76
1
  47
0.8681437583925616
  98
1
  10
3.629517071192367
  20
33.92795499968543
  450
0
  451
0
  460
0
  461
0
  452
1
  462
1
  453
2
  463
0
  63
5
  421
255
  463
1
  63
7
  421
16777215
  470
LINEAR
  1001
ACAD
  1010
0
  1020
0
  1030
0
  0
LWPOLYLINE
  5
1983
  100
AcDbEntity
  8
Hole-Layer
  100
AcDbPolyline
  90
2
  70
1
  43
0
  10
90.3479806959614
  20
-96.6471932943866
  42
1
  10
91.26238252476506
  20
-96.6471932943866
  42
1
  0
HATCH
  5
1994
  100
AcDbEntity
  8
Hole-Layer
  100
AcDbHatch
  10
0
  20
0
  30
0
  210
0
  220
0
  230
1
  2
SOLID
  70
1
  71
0
  91
1
  92
7
  72
1
  73
1
  93
2
  10
87.80797561595125
  20
-96.6471932943866
  42
1
  10
88.7223774447549
  20
-96.6471932943866
  42
1
  97
1
  330
1993
  75
0
  76
1
  47
0.8681437583925616
  98
1
  10
3.629517071192367
  20
33.92795499968543
  450
0
  451
0
  460
0
  461
0
  452
1
  462
1
  453
2
  463
0
  63
5
  421
255
  463
1
  63
7
  421
16777215
  470
LINEAR
  1001
ACAD
  1010
0
  1020
0
  1030
0
  0
LWPOLYLINE
  5
1995
  100
AcDbEntity
  8
Hole-Layer
  100
AcDbPolyline
  90
2
  70
1
  43
0
  10
87.80797561595124
  20
-96.6471932943866
  42
1
  10
88.7223774447549
  20
-96.6471932943866
  42
1
  0
HATCH
  5
2006
  100
AcDbEntity
  8
Hole-Layer
  100
AcDbHatch
  10
0
  20
0
  30
0
  210
0
  220
0
  230
1
  2
SOLID
  70
1
  71
0
  91
1
  92
7
  72
1
  73
1
  93
2
  10
85.26797053594109
  20
-96.6471932943866
  42
1
  10
86.18237236474474
  20
-96.6471932943866
  42
1
  97
1
  330
2005
  75
0
  76
1
  47
0.8681437583925616
  98
1
  10
3.629517071192367
  20
33.92795499968543
  450
0
  451
0
  460
0
  461
0
  452
1
  462
1
  453
2
  463
0
  63
5
  421
255
  463
1
  63
7
  421
16777215
  470
LINEAR
  1001
ACAD
  1010
0
  1020
0
  1030
0
  0
LWPOLYLINE
  5
2007
  100
AcDbEntity
  8
Hole-Layer
  100
AcDbPolyline
  90
2
  70
1
  43
0
  10
85.26797053594107
  20
-96.6471932943866
  42
1
  10
86.18237236474474
  20
-96.6471932943866
  42
1
  0
HATCH
  5
2018
  100
AcDbEntity
  8
Hole-Layer
  100
AcDbHatch
  10
0
  20
0
  30
0
  210
0
  220
0
  230
1
  2
SOLID
  70
1
  71
0
  91
1
  92
7
  72
1
  73
1
  93
2
  10
82.72796545593093
  20
-96.6471932943866
  42
1
  10
83.64236728473458
  20
-96.6471932943866
  42
1
  97
1
  330
2017
  75
0
  76
1
  47
0.8681437583925616
  98
1
  10
3.629517071192367
  20
33.92795499968543
  450
0
  451
0
  460
0
  461
0
  452
1
  462
1
  453
2
  463
0
  63
5
  421
255
  463
1
  63
7
  421
16777215
  470
LINEAR
  1001
ACAD
  1010
0
  1020
0
  1030
0
  0
LWPOLYLINE
  5
2019
  100
AcDbEntity
  8
Hole-Layer
  100
AcDbPolyline
  90
2
  70
1
  43
0
  10
82.72796545593091
  20
-96.6471932943866
  42
1
  10
83.64236728473459
  20
-96.6471932943866
  42
1
  0
HATCH
  5
2030
  100
AcDbEntity
  8
Hole-Layer
  100
AcDbHatch
  10
0
  20
0
  30
0
  210
0
  220
0
  230
1
  2
SOLID
  70
1
  71
0
  91
1
  92
7
  72
1
  73
1
  93
2
  10
80.18796037592077
  20
-96.6471932943866
  42
1
  10
81.10236220472441
  20
-96.6471932943866
  42
1
  97
1
  330
2029
  75
0
  76
1
  47
0.8681437583925616
  98
1
  10
3.629517071192367
  20
33.92795499968543
  450
0
  451
0
  460
0
  461
0
  452
1
  462
1
  453
2
  463
0
  63
5
  421
255
  463
1
  63
7
  421
16777215
  470
LINEAR
  1001
ACAD
  1010
0
  1020
0
  1030
0
  0
LWPOLYLINE
  5
2031
  100
AcDbEntity
  8
Hole-Layer
  100
AcDbPolyline
  90
2
  70
1
  43
0
  10
80.18796037592075
  20
-96.6471932943866
  42
1
  10
81.10236220472443
  20
-96.6471932943866
  42
1
  0
HATCH
  5
2042
  100
AcDbEntity
  8
Hole-Layer
  100
AcDbHatch
  10
0
  20
0
  30
0
  210
0
  220
0
  230
1
  2
SOLID
  70
1
  71
0
  91
1
  92
7
  72
1
  73
1
  93
2
  10
77.6479552959106
  20
-96.6471932943866
  42
1
  10
78.56235712471425
  20
-96.6471932943866
  42
1
  97
1
  330
2041
  75
0
  76
1
  47
0.8681437583925616
  98
1
  10
3.629517071192367
  20
33.92795499968543
  450
0
  451
0
  460
0
  461
0
  452
1
  462
1
  453
2
  463
0
  63
5
  421
255
  463
1
  63
7
  421
16777215
  470
LINEAR
  1001
ACAD
  1010
0
  1020
0
  1030
0
  0
LWPOLYLINE
  5
2043
  100
AcDbEntity
  8
Hole-Layer
  100
AcDbPolyline
  90
2
  70
1
  43
0
  10
77.6479552959106
  20
-96.6471932943866
  42
1
  10
78.56235712471427
  20
-96.6471932943866
  42
1
  0
HATCH
  5
2054
  100
AcDbEntity
  8
Hole-Layer
  100
AcDbHatch
  10
0
  20
0
  30
0
  210
0
  220
0
  230
1
  2
SOLID
  70
1
  71
0
  91
1
  92
7
  72
1
  73
1
  93
2
  10
75.10795021590044
  20
-96.6471932943866
  42
1
  10
76.02235204470409
  20
-96.6471932943866
  42
1
  97
1
  330
2053
  75
0
  76
1
  47
0.8681437583925616
  98
1
  10
3.629517071192367
  20
33.92795499968543
  450
0
  451
0
  460
0
  461
0
  452
1
  462
1
  453
2
  463
0
  63
5
  421
255
  463
1
  63
7
  421
16777215
  470
LINEAR
  1001
ACAD
  1010
0
  1020
0
  1030
0
  0
LWPOLYLINE
  5
2055
  100
AcDbEntity
  8
Hole-Layer
  100
AcDbPolyline
  90
2
  70
1
  43
0
  10
75.10795021590044
  20
-96.6471932943866
  42
1
  10
76.0223520447041
  20
-96.6471932943866
  42
1
  0
HATCH
  5
2066
  100
AcDbEntity
  8
Hole-Layer
  100
AcDbHatch
  10
0
  20
0
  30
0
  210
0
  220
0
  230
1
  2
SOLID
  70
1
  71
0
  91
1
  92
7
  72
1
  73
1
  93
2
  10
72.56794513589028
  20
-96.64719329438658
  42
1
  10
73.48234696469393
  20
-96.64719329438658
  42
1
  97
1
  330
2065
  75
0
  76
1
  47
0.8681437583925616
  98
1
  10
3.629517071192367
  20
33.92795499968543
  450
0
  451
0
  460
0
  461
0
  452
1
  462
1
  453
2
  463
0
  63
5
  421
255
  463
1
  63
7
  421
16777215
  470
LINEAR
  1001
ACAD
  1010
0
  1020
0
  1030
0
  0
LWPOLYLINE
  5
2067
  100
AcDbEntity
  8
Hole-Layer
  100
AcDbPolyline
  90
2
  70
1
  43
0
  10
72.56794513589028
  20
-96.64719329438658
  42
1
  10
73.48234696469395
  20
-96.64719329438658
  42
1
  0
HATCH
  5
2078
  100
AcDbEntity
  8
Hole-Layer
  100
AcDbHatch
  10
0
  20
0
  30
0
  210
0
  220
0
  230
1
  2
SOLID
  70
1
  71
0
  91
1
  92
7
  72
1
  73
1
  93
2
  10
70.02794005588012
  20
-96.64719329438658
  42
1
  10
70.94234188468377
  20
-96.64719329438658
  42
1
  97
1
  330
2077
  75
0
  76
1
  47
0.8681437583925616
  98
1
  10
3.629517071192367
  20
33.92795499968543
  450
0
  451
0
  460
0
  461
0
  452
1
  462
1
  453
2
  463
0
  63
5
  421
255
  463
1
  63
7
  421
16777215
  470
LINEAR
  1001
ACAD
  1010
0
  1020
0
  1030
0
  0
LWPOLYLINE
  5
2079
  100
AcDbEntity
  8
Hole-Layer
  100
AcDbPolyline
  90
2
  70
1
  43
0
  10
70.02794005588012
  20
-96.64719329438658
  42
1
  10
70.94234188468378
  20
-96.64719329438658
  42
1
  0
HATCH
  5
2090
  100
AcDbEntity
  8
Hole-Layer
  100
AcDbHatch
  10
0
  20
0
  30
0
  210
0
  220
0
  230
1
  2
SOLID
  70
1
  71
0
  91
1
  92
7
  72
1
  73
1
  93
2
  10
67.48793497586996
  20
-96.64719329438658
  42
1
  10
68.40233680467361
  20
-96.64719329438658
  42
1
  97
1
  330
2089
  75
0
  76
1
  47
0.8681437583925616
  98
1
  10
3.629517071192367
  20
33.92795499968543
  450
0
  451
0
  460
0
  461
0
  452
1
  462
1
  453
2
  463
0
  63
5
  421
255
  463
1
  63
7
  421
16777215
  470
LINEAR
  1001
ACAD
  1010
0
  1020
0
  1030
0
  0
LWPOLYLINE
  5
2091
  100
AcDbEntity
  8
Hole-Layer
  100
AcDbPolyline
  90
2
  70
1
  43
0
  10
67.48793497586996
  20
-96.64719329438658
  42
1
  10
68.40233680467362
  20
-96.64719329438658
  42
1
  0
HATCH
  5
2102
  100
AcDbEntity
  8
Hole-Layer
  100
AcDbHatch
  10
0
  20
0
  30
0
  210
0
  220
0
  230
1
  2
SOLID
  70
1
  71
0
  91
1
  92
7
  72
1
  73
1
  93
2
  10
64.9479298958598
  20
-96.64719329438658
  42
1
  10
65.86233172466345
  20
-96.64719329438658
  42
1
  97
1
  330
2101
  75
0
  76
1
  47
0.8681437583925616
  98
1
  10
3.629517071192367
  20
33.92795499968543
  450
0
  451
0
  460
0
  461
0
  452
1
  462
1
  453
2
  463
0
  63
5
  421
255
  463
1
  63
7
  421
16777215
  470
LINEAR
  1001
ACAD
  1010
0
  1020
0
  1030
0
  0
LWPOLYLINE
  5
2103
  100
AcDbEntity
  8
Hole-Layer
  100
AcDbPolyline
  90
2
  70
1
  43
0
  10
64.9479298958598
  20
-96.64719329438658
  42
1
  10
65.86233172466346
  20
-96.64719329438658
  42
1
  0
HATCH
  5
2114
  100
AcDbEntity
  8
Hole-Layer
  100
AcDbHatch
  10
0
  20
0
  30
0
  210
0
  220
0
  230
1
  2
SOLID
  70
1
  71
0
  91
1
  92
7
  72
1
  73
1
  93
2
  10
62.40792481584963
  20
-96.64719329438658
  42
1
  10
63.322326644653295
  20
-96.64719329438658
  42
1
  97
1
  330
2113
  75
0
  76
1
  47
0.8681437583925616
  98
1
  10
3.629517071192367
  20
33.92795499968543
  450
0
  451
0
  460
0
  461
0
  452
1
  462
1
  453
2
  463
0
  63
5
  421
255
  463
1
  63
7
  421
16777215
  470
LINEAR
  1001
ACAD
  1010
0
  1020
0
  1030
0
  0
LWPOLYLINE
  5
2115
  100
AcDbEntity
  8
Hole-Layer
  100
AcDbPolyline
  90
2
  70
1
  43
0
  10
62.40792481584963
  20
-96.64719329438658
  42
1
  10
63.322326644653295
  20
-96.64719329438658
  42
1
  0
HATCH
  5
2126
  100
AcDbEntity
  8
Hole-Layer
  100
AcDbHatch
  10
0
  20
0
  30
0
  210
0
  220
0
  230
1
  2
SOLID
  70
1
  71
0
  91
1
  92
7
  72
1
  73
1
  93
2
  10
59.86791973583947
  20
-96.64719329438658
  42
1
  10
60.782321564643134
  20
-96.64719329438658
  42
1
  97
1
  330
2125
  75
0
  76
1
  47
0.8681437583925616
  98
1
  10
3.629517071192367
  20
33.92795499968543
  450
0
  451
0
  460
0
  461
0
  452
1
  462
1
  453
2
  463
0
  63
5
  421
255
  463
1
  63
7
  421
16777215
  470
LINEAR
  1001
ACAD
  1010
0
  1020
0
  1030
0
  0
LWPOLYLINE
  5
2127
  100
AcDbEntity
  8
Hole-Layer
  100
AcDbPolyline
  90
2
  70
1
  43
0
  10
59.86791973583947
  20
-96.64719329438658
  42
1
  10
60.782321564643134
  20
-96.64719329438658
  42
1
  0
HATCH
  5
2138
  100
AcDbEntity
  8
Hole-Layer
  100
AcDbHatch
  10
0
  20
0
  30
0
  210
0
  220
0
  230
1
  2
SOLID
  70
1
  71
0
  91
1
  92
7
  72
1
  73
1
  93
2
  10
57.32791465582931
  20
-96.64719329438658
  42
1
  10
58.24231648463297
  20
-96.64719329438658
  42
1
  97
1
  330
2137
  75
0
  76
1
  47
0.8681437583925616
  98
1
  10
3.629517071192367
  20
33.92795499968543
  450
0
  451
0
  460
0
  461
0
  452
1
  462
1
  453
2
  463
0
  63
5
  421
255
  463
1
  63
7
  421
16777215
  470
LINEAR
  1001
ACAD
  1010
0
  1020
0
  1030
0
  0
LWPOLYLINE
  5
2139
  100
AcDbEntity
  8
Hole-Layer
  100
AcDbPolyline
  90
2
  70
1
  43
0
  10
57.32791465582931
  20
-96.64719329438658
  42
1
  10
58.24231648463297
  20
-96.64719329438658
  42
1
  0
HATCH
  5
2150
  100
AcDbEntity
  8
Hole-Layer
  100
AcDbHatch
  10
0
  20
0
  30
0
  210
0
  220
0
  230
1
  2
SOLID
  70
1
  71
0
  91
1
  92
7
  72
1
  73
1
  93
2
  10
54.78790957581915
  20
-96.6471932943866
  42
1
  10
55.70231140462281
  20
-96.6471932943866
  42
1
  97
1
  330
2149
  75
0
  76
1
  47
0.8681437583925616
  98
1
  10
3.629517071192367
  20
33.92795499968543
  450
0
  451
0
  460
0
  461
0
  452
1
  462
1
  453
2
  463
0
  63
5
  421
255
  463
1
  63
7
  421
16777215
  470
LINEAR
  1001
ACAD
  1010
0
  1020
0
  1030
0
  0
LWPOLYLINE
  5
2151
  100
AcDbEntity
  8
Hole-Layer
  100
AcDbPolyline
  90
2
  70
1
  43
0
  10
54.78790957581915
  20
-96.6471932943866
  42
1
  10
55.70231140462281
  20
-96.6471932943866
  42
1
  0
HATCH
  5
2162
  100
AcDbEntity
  8
Hole-Layer
  100
AcDbHatch
  10
0
  20
0
  30
0
  210
0
  220
0
  230
1
  2
SOLID
  70
1
  71
0
  91
1
  92
7
  72
1
  73
1
  93
2
  10
52.24790449580899
  20
-96.64719329438658
  42
1
  10
53.16230632461265
  20
-96.64719329438658
  42
1
  97
1
  330
2161
  75
0
  76
1
  47
0.8681437583925616
  98
1
  10
3.629517071192367
  20
33.92795499968543
  450
0
  451
0
  460
0
  461
0
  452
1
  462
1
  453
2
  463
0
  63
5
  421
255
  463
1
  63
7
  421
16777215
  470
LINEAR
  1001
ACAD
  1010
0
  1020
0
  1030
0
  0
LWPOLYLINE
  5
2163
  100
AcDbEntity
  8
Hole-Layer
  100
AcDbPolyline
  90
2
  70
1
  43
0
  10
52.24790449580899
  20
-96.64719329438658
  42
1
  10
53.16230632461265
  20
-96.64719329438658
  42
1
  0
HATCH
  5
2174
  100
AcDbEntity
  8
Hole-Layer
  100
AcDbHatch
  10
0
  20
0
  30
0
  210
0
  220
0
  230
1
  2
SOLID
  70
1
  71
0
  91
1
  92
7
  72
1
  73
1
  93
2
  10
49.70789941579883
  20
-96.64719329438658
  42
1
  10
50.62230124460249
  20
-96.64719329438658
  42
1
  97
1
  330
2173
  75
0
  76
1
  47
0.8681437583925616
  98
1
  10
3.629517071192367
  20
33.92795499968543
  450
0
  451
0
  460
0
  461
0
  452
1
  462
1
  453
2
  463
0
  63
5
  421
255
  463
1
  63
7
  421
16777215
  470
LINEAR
  1001
ACAD
  1010
0
  1020
0
  1030
0
  0
LWPOLYLINE
  5
2175
  100
AcDbEntity
  8
Hole-Layer
  100
AcDbPolyline
  90
2
  70
1
  43
0
  10
49.70789941579883
  20
-96.64719329438658
  42
1
  10
50.62230124460249
  20
-96.64719329438658
  42
1
  0
HATCH
  5
2186
  100
AcDbEntity
  8
Hole-Layer
  100
AcDbHatch
  10
0
  20
0
  30
0
  210
0
  220
0
  230
1
  2
SOLID
  70
1
  71
0
  91
1
  92
7
  72
1
  73
1
  93
2
  10
47.16789433578867
  20
-96.64719329438658
  42
1
  10
48.08229616459233
  20
-96.64719329438658
  42
1
  97
1
  330
2185
  75
0
  76
1
  47
0.8681437583925616
  98
1
  10
3.629517071192367
  20
33.92795499968543
  450
0
  451
0
  460
0
  461
0
  452
1
  462
1
  453
2
  463
0
  63
5
  421
255
  463
1
  63
7
  421
16777215
  470
LINEAR
  1001
ACAD
  1010
0
  1020
0
  1030
0
  0
LWPOLYLINE
  5
2187
  100
AcDbEntity
  8
Hole-Layer
  100
AcDbPolyline
  90
2
  70
1
  43
0
  10
47.16789433578867
  20
-96.64719329438658
  42
1
  10
48.08229616459233
  20
-96.64719329438658
  42
1
  0
HATCH
  5
2198
  100
AcDbEntity
  8
Hole-Layer
  100
AcDbHatch
  10
0
  20
0
  30
0
  210
0
  220
0
  230
1
  2
SOLID
  70
1
  71
0
  91
1
  92
7
  72
1
  73
1
  93
2
  10
44.627889255778506
  20
-96.64719329438658
  42
1
  10
45.54229108458217
  20
-96.64719329438658
  42
1
  97
1
  330
2197
  75
0
  76
1
  47
0.8681437583925616
  98
1
  10
3.629517071192367
  20
33.92795499968543
  450
0
  451
0
  460
0
  461
0
  452
1
  462
1
  453
2
  463
0
  63
5
  421
255
  463
1
  63
7
  421
16777215
  470
LINEAR
  1001
ACAD
  1010
0
  1020
0
  1030
0
  0
LWPOLYLINE
  5
2199
  100
AcDbEntity
  8
Hole-Layer
  100
AcDbPolyline
  90
2
  70
1
  43
0
  10
44.627889255778506
  20
-96.64719329438658
  42
1
  10
45.54229108458217
  20
-96.64719329438658
  42
1
  0
HATCH
  5
2210
  100
AcDbEntity
  8
Hole-Layer
  100
AcDbHatch
  10
0
  20
0
  30
0
  210
0
  220
0
  230
1
  2
SOLID
  70
1
  71
0
  91
1
  92
7
  72
1
  73
1
  93
2
  10
42.087884175768345
  20
-96.64719329438658
  42
1
  10
43.00228600457201
  20
-96.64719329438658
  42
1
  97
1
  330
2209
  75
0
  76
1
  47
0.8681437583925616
  98
1
  10
3.629517071192367
  20
33.92795499968543
  450
0
  451
0
  460
0
  461
0
  452
1
  462
1
  453
2
  463
0
  63
5
  421
255
  463
1
  63
7
  421
16777215
  470
LINEAR
  1001
ACAD
  1010
0
  1020
0
  1030
0
  0
LWPOLYLINE
  5
2211
  100
AcDbEntity
  8
Hole-Layer
  100
AcDbPolyline
  90
2
  70
1
  43
0
  10
42.087884175768345
  20
-96.64719329438658
  42
1
  10
43.002286004572014
  20
-96.64719329438658
  42
1
  0
HATCH
  5
2222
  100
AcDbEntity
  8
Hole-Layer
  100
AcDbHatch
  10
0
  20
0
  30
0
  210
0
  220
0
  230
1
  2
SOLID
  70
1
  71
0
  91
1
  92
7
  72
1
  73
1
  93
2
  10
39.54787909575819
  20
-96.64719329438658
  42
1
  10
40.46228092456185
  20
-96.64719329438658
  42
1
  97
1
  330
2221
  75
0
  76
1
  47
0.8681437583925616
  98
1
  10
3.629517071192367
  20
33.92795499968543
  450
0
  451
0
  460
0
  461
0
  452
1
  462
1
  453
2
  463
0
  63
5
  421
255
  463
1
  63
7
  421
16777215
  470
LINEAR
  1001
ACAD
  1010
0
  1020
0
  1030
0
  0
LWPOLYLINE
  5
2223
  100
AcDbEntity
  8
Hole-Layer
  100
AcDbPolyline
  90
2
  70
1
  43
0
  10
39.547879095758184
  20
-96.64719329438658
  42
1
  10
40.46228092456185
  20
-96.64719329438658
  42
1
  0
HATCH
  5
2234
  100
AcDbEntity
  8
Hole-Layer
  100
AcDbHatch
  10
0
  20
0
  30
0
  210
0
  220
0
  230
1
  2
SOLID
  70
1
  71
0
  91
1
  92
7
  72
1
  73
1
  93
2
  10
37.00787401574803
  20
-96.64719329438658
  42
1
  10
37.92227584455169
  20
-96.64719329438658
  42
1
  97
1
  330
2233
  75
0
  76
1
  47
0.8681437583925616
  98
1
  10
3.629517071192367
  20
33.92795499968543
  450
0
  451
0
  460
0
  461
0
  452
1
  462
1
  453
2
  463
0
  63
5
  421
255
  463
1
  63
7
  421
16777215
  470
LINEAR
  1001
ACAD
  1010
0
  1020
0
  1030
0
  0
LWPOLYLINE
  5
2235
  100
AcDbEntity
  8
Hole-Layer
  100
AcDbPolyline
  90
2
  70
1
  43
0
  10
37.00787401574802
  20
-96.64719329438658
  42
1
  10
37.92227584455169
  20
-96.64719329438658
  42
1
  0
HATCH
  5
2246
  100
AcDbEntity
  8
Hole-Layer
  100
AcDbHatch
  10
0
  20
0
  30
0
  210
0
  220
0
  230
1
  2
SOLID
  70
1
  71
0
  91
1
  92
7
  72
1
  73
1
  93
2
  10
34.46786893573787
  20
-96.64719329438657
  42
1
  10
35.38227076454153
  20
-96.64719329438657
  42
1
  97
1
  330
2245
  75
0
  76
1
  47
0.8681437583925616
  98
1
  10
3.629517071192367
  20
33.92795499968543
  450
0
  451
0
  460
0
  461
0
  452
1
  462
1
  453
2
  463
0
  63
5
  421
255
  463
1
  63
7
  421
16777215
  470
LINEAR
  1001
ACAD
  1010
0
  1020
0
  1030
0
  0
LWPOLYLINE
  5
2247
  100
AcDbEntity
  8
Hole-Layer
  100
AcDbPolyline
  90
2
  70
1
  43
0
  10
34.46786893573787
  20
-96.64719329438657
  42
1
  10
35.38227076454153
  20
-96.64719329438657
  42
1
  0
HATCH
  5
2258
  100
AcDbEntity
  8
Hole-Layer
  100
AcDbHatch
  10
0
  20
0
  30
0
  210
0
  220
0
  230
1
  2
SOLID
  70
1
  71
0
  91
1
  92
7
  72
1
  73
1
  93
2
  10
34.46786893573787
  20
-111.88722377444753
  42
1
  10
35.38227076454153
  20
-111.88722377444753
  42
1
  97
1
  330
2257
  75
0
  76
1
  47
0.8681437583925616
  98
1
  10
3.629517071192367
  20
33.92795499968543
  450
0
  451
0
  460
0
  461
0
  452
1
  462
1
  453
2
  463
0
  63
5
  421
255
  463
1
  63
7
  421
16777215
  470
LINEAR
  1001
ACAD
  1010
0
  1020
0
  1030
0
  0
LWPOLYLINE
  5
2259
  100
AcDbEntity
  8
Hole-Layer
  100
AcDbPolyline
  90
2
  70
1
  43
0
  10
34.46786893573787
  20
-111.88722377444753
  42
1
  10
35.38227076454153
  20
-111.88722377444753
  42
1
  0
HATCH
  5
2270
  100
AcDbEntity
  8
Hole-Layer
  100
AcDbHatch
  10
0
  20
0
  30
0
  210
0
  220
0
  230
1
  2
SOLID
  70
1
  71
0
  91
1
  92
7
  72
1
  73
1
  93
2
  10
37.00787401574803
  20
-111.88722377444753
  42
1
  10
37.92227584455169
  20
-111.88722377444753
  42
1
  97
1
  330
2269
  75
0
  76
1
  47
0.8681437583925616
  98
1
  10
3.629517071192367
  20
33.92795499968543
  450
0
  451
0
  460
0
  461
0
  452
1
  462
1
  453
2
  463
0
  63
5
  421
255
  463
1
  63
7
  421
16777215
  470
LINEAR
  1001
ACAD
  1010
0
  1020
0
  1030
0
  0
LWPOLYLINE
  5
2271
  100
AcDbEntity
  8
Hole-Layer
  100
AcDbPolyline
  90
2
  70
1
  43
0
  10
37.00787401574802
  20
-111.88722377444753
  42
1
  10
37.92227584455169
  20
-111.88722377444753
  42
1
  0
HATCH
  5
2282
  100
AcDbEntity
  8
Hole-Layer
  100
AcDbHatch
  10
0
  20
0
  30
0
  210
0
  220
0
  230
1
  2
SOLID
  70
1
  71
0
  91
1
  92
7
  72
1
  73
1
  93
2
  10
39.54787909575819
  20
-111.88722377444755
  42
1
  10
40.46228092456185
  20
-111.88722377444755
  42
1
  97
1
  330
2281
  75
0
  76
1
  47
0.8681437583925616
  98
1
  10
3.629517071192367
  20
33.92795499968543
  450
0
  451
0
  460
0
  461
0
  452
1
  462
1
  453
2
  463
0
  63
5
  421
255
  463
1
  63
7
  421
16777215
  470
LINEAR
  1001
ACAD
  1010
0
  1020
0
  1030
0
  0
LWPOLYLINE
  5
2283
  100
AcDbEntity
  8
Hole-Layer
  100
AcDbPolyline
  90
2
  70
1
  43
0
  10
39.547879095758184
  20
-111.88722377444755
  42
1
  10
40.46228092456185
  20
-111.88722377444755
  42
1
  0
HATCH
  5
2294
  100
AcDbEntity
  8
Hole-Layer
  100
AcDbHatch
  10
0
  20
0
  30
0
  210
0
  220
0
  230
1
  2
SOLID
  70
1
  71
0
  91
1
  92
7
  72
1
  73
1
  93
2
  10
42.087884175768345
  20
-111.88722377444755
  42
1
  10
43.00228600457201
  20
-111.88722377444755
  42
1
  97
1
  330
2293
  75
0
  76
1
  47
0.8681437583925616
  98
1
  10
3.629517071192367
  20
33.92795499968543
  450
0
  451
0
  460
0
  461
0
  452
1
  462
1
  453
2
  463
0
  63
5
  421
255
  463
1
  63
7
  421
16777215
  470
LINEAR
  1001
ACAD
  1010
0
  1020
0
  1030
0
  0
LWPOLYLINE
  5
2295
  100
AcDbEntity
  8
Hole-Layer
  100
AcDbPolyline
  90
2
  70
1
  43
0
  10
42.087884175768345
  20
-111.88722377444755
  42
1
  10
43.002286004572014
  20
-111.88722377444755
  42
1
  0
HATCH
  5
2306
  100
AcDbEntity
  8
Hole-Layer
  100
AcDbHatch
  10
0
  20
0
  30
0
  210
0
  220
0
  230
1
  2
SOLID
  70
1
  71
0
  91
1
  92
7
  72
1
  73
1
  93
2
  10
44.627889255778506
  20
-111.88722377444755
  42
1
  10
45.54229108458217
  20
-111.88722377444755
  42
1
  97
1
  330
2305
  75
0
  76
1
  47
0.8681437583925616
  98
1
  10
3.629517071192367
  20
33.92795499968543
  450
0
  451
0
  460
0
  461
0
  452
1
  462
1
  453
2
  463
0
  63
5
  421
255
  463
1
  63
7
  421
16777215
  470
LINEAR
  1001
ACAD
  1010
0
  1020
0
  1030
0
  0
LWPOLYLINE
  5
2307
  100
AcDbEntity
  8
Hole-Layer
  100
AcDbPolyline
  90
2
  70
1
  43
0
  10
44.627889255778506
  20
-111.88722377444755
  42
1
  10
45.54229108458217
  20
-111.88722377444755
  42
1
  0
HATCH
  5
2318
  100
AcDbEntity
  8
Hole-Layer
  100
AcDbHatch
  10
0
  20
0
  30
0
  210
0
  220
0
  230
1
  2
SOLID
  70
1
  71
0
  91
1
  92
7
  72
1
  73
1
  93
2
  10
47.16789433578867
  20
-111.88722377444755
  42
1
  10
48.08229616459233
  20
-111.88722377444755
  42
1
  97
1
  330
2317
  75
0
  76
1
  47
0.8681437583925616
  98
1
  10
3.629517071192367
  20
33.92795499968543
  450
0
  451
0
  460
0
  461
0
  452
1
  462
1
  453
2
  463
0
  63
5
  421
255
  463
1
  63
7
  421
16777215
  470
LINEAR
  1001
ACAD
  1010
0
  1020
0
  1030
0
  0
LWPOLYLINE
  5
2319
  100
AcDbEntity
  8
Hole-Layer
  100
AcDbPolyline
  90
2
  70
1
  43
0
  10
47.16789433578867
  20
-111.88722377444755
  42
1
  10
48.08229616459233
  20
-111.88722377444755
  42
1
  0
HATCH
  5
2330
  100
AcDbEntity
  8
Hole-Layer
  100
AcDbHatch
  10
0
  20
0
  30
0
  210
0
  220
0
  230
1
  2
SOLID
  70
1
  71
0
  91
1
  92
7
  72
1
  73
1
  93
2
  10
49.70789941579883
  20
-111.88722377444756
  42
1
  10
50.62230124460249
  20
-111.88722377444756
  42
1
  97
1
  330
2329
  75
0
  76
1
  47
0.8681437583925616
  98
1
  10
3.629517071192367
  20
33.92795499968543
  450
0
  451
0
  460
0
  461
0
  452
1
  462
1
  453
2
  463
0
  63
5
  421
255
  463
1
  63
7
  421
16777215
  470
LINEAR
  1001
ACAD
  1010
0
  1020
0
  1030
0
  0
LWPOLYLINE
  5
2331
  100
AcDbEntity
  8
Hole-Layer
  100
AcDbPolyline
  90
2
  70
1
  43
0
  10
49.70789941579883
  20
-111.88722377444756
  42
1
  10
50.62230124460249
  20
-111.88722377444756
  42
1
  0
HATCH
  5
2342
  100
AcDbEntity
  8
Hole-Layer
  100
AcDbHatch
  10
0
  20
0
  30
0
  210
0
  220
0
  230
1
  2
SOLID
  70
1
  71
0
  91
1
  92
7
  72
1
  73
1
  93
2
  10
52.24790449580899
  20
-111.88722377444756
  42
1
  10
53.16230632461265
  20
-111.88722377444756
  42
1
  97
1
  330
2341
  75
0
  76
1
  47
0.8681437583925616
  98
1
  10
3.629517071192367
  20
33.92795499968543
  450
0
  451
0
  460
0
  461
0
  452
1
  462
1
  453
2
  463
0
  63
5
  421
255
  463
1
  63
7
  421
16777215
  470
LINEAR
  1001
ACAD
  1010
0
  1020
0
  1030
0
  0
LWPOLYLINE
  5
2343
  100
AcDbEntity
  8
Hole-Layer
  100
AcDbPolyline
  90
2
  70
1
  43
0
  10
52.24790449580899
  20
-111.88722377444756
  42
1
  10
53.16230632461265
  20
-111.88722377444756
  42
1
  0
HATCH
  5
2354
  100
AcDbEntity
  8
Hole-Layer
  100
AcDbHatch
  10
0
  20
0
  30
0
  210
0
  220
0
  230
1
  2
SOLID
  70
1
  71
0
  91
1
  92
7
  72
1
  73
1
  93
2
  10
54.78790957581915
  20
-111.88722377444756
  42
1
  10
55.70231140462281
  20
-111.88722377444756
  42
1
  97
1
  330
2353
  75
0
  76
1
  47
0.8681437583925616
  98
1
  10
3.629517071192367
  20
33.92795499968543
  450
0
  451
0
  460
0
  461
0
  452
1
  462
1
  453
2
  463
0
  63
5
  421
255
  463
1
  63
7
  421
16777215
  470
LINEAR
  1001
ACAD
  1010
0
  1020
0
  1030
0
  0
LWPOLYLINE
  5
2355
  100
AcDbEntity
  8
Hole-Layer
  100
AcDbPolyline
  90
2
  70
1
  43
0
  10
54.78790957581915
  20
-111.88722377444756
  42
1
  10
55.70231140462281
  20
-111.88722377444756
  42
1
  0
HATCH
  5
2366
  100
AcDbEntity
  8
Hole-Layer
  100
AcDbHatch
  10
0
  20
0
  30
0
  210
0
  220
0
  230
1
  2
SOLID
  70
1
  71
0
  91
1
  92
7
  72
1
  73
1
  93
2
  10
57.32791465582931
  20
-111.88722377444755
  42
1
  10
58.24231648463297
  20
-111.88722377444755
  42
1
  97
1
  330
2365
  75
0
  76
1
  47
0.8681437583925616
  98
1
  10
3.629517071192367
  20
33.92795499968543
  450
0
  451
0
  460
0
  461
0
  452
1
  462
1
  453
2
  463
0
  63
5
  421
255
  463
1
  63
7
  421
16777215
  470
LINEAR
  1001
ACAD
  1010
0
  1020
0
  1030
0
  0
LWPOLYLINE
  5
2367
  100
AcDbEntity
  8
Hole-Layer
  100
AcDbPolyline
  90
2
  70
1
  43
0
  10
57.32791465582931
  20
-111.88722377444755
  42
1
  10
58.24231648463297
  20
-111.88722377444755
  42
1
  0
HATCH
  5
2378
  100
AcDbEntity
  8
Hole-Layer
  100
AcDbHatch
  10
0
  20
0
  30
0
  210
0
  220
0
  230
1
  2
SOLID
  70
1
  71
0
  91
1
  92
7
  72
1
  73
1
  93
2
  10
59.86791973583947
  20
-111.88722377444755
  42
1
  10
60.782321564643134
  20
-111.88722377444755
  42
1
  97
1
  330
2377
  75
0
  76
1
  47
0.8681437583925616
  98
1
  10
3.629517071192367
  20
33.92795499968543
  450
0
  451
0
  460
0
  461
0
  452
1
  462
1
  453
2
  463
0
  63
5
  421
255
  463
1
  63
7
  421
16777215
  470
LINEAR
  1001
ACAD
  1010
0
  1020
0
  1030
0
  0
LWPOLYLINE
  5
2379
  100
AcDbEntity
  8
Hole-Layer
  100
AcDbPolyline
  90
2
  70
1
  43
0
  10
59.86791973583947
  20
-111.88722377444755
  42
1
  10
60.782321564643134
  20
-111.88722377444755
  42
1
  0
HATCH
  5
2390
  100
AcDbEntity
  8
Hole-Layer
  100
AcDbHatch
  10
0
  20
0
  30
0
  210
0
  220
0
  230
1
  2
SOLID
  70
1
  71
0
  91
1
  92
7
  72
1
  73
1
  93
2
  10
62.40792481584963
  20
-111.88722377444755
  42
1
  10
63.322326644653295
  20
-111.88722377444755
  42
1
  97
1
  330
2389
  75
0
  76
1
  47
0.8681437583925616
  98
1
  10
3.629517071192367
  20
33.92795499968543
  450
0
  451
0
  460
0
  461
0
  452
1
  462
1
  453
2
  463
0
  63
5
  421
255
  463
1
  63
7
  421
16777215
  470
LINEAR
  1001
ACAD
  1010
0
  1020
0
  1030
0
  0
LWPOLYLINE
  5
2391
  100
AcDbEntity
  8
Hole-Layer
  100
AcDbPolyline
  90
2
  70
1
  43
0
  10
62.40792481584963
  20
-111.88722377444755
  42
1
  10
63.322326644653295
  20
-111.88722377444755
  42
1
  0
HATCH
  5
2402
  100
AcDbEntity
  8
Hole-Layer
  100
AcDbHatch
  10
0
  20
0
  30
0
  210
0
  220
0
  230
1
  2
SOLID
  70
1
  71
0
  91
1
  92
7
  72
1
  73
1
  93
2
  10
64.9479298958598
  20
-111.88722377444755
  42
1
  10
65.86233172466345
  20
-111.88722377444755
  42
1
  97
1
  330
2401
  75
0
  76
1
  47
0.8681437583925616
  98
1
  10
3.629517071192367
  20
33.92795499968543
  450
0
  451
0
  460
0
  461
0
  452
1
  462
1
  453
2
  463
0
  63
5
  421
255
  463
1
  63
7
  421
16777215
  470
LINEAR
  1001
ACAD
  1010
0
  1020
0
  1030
0
  0
LWPOLYLINE
  5
2403
  100
AcDbEntity
  8
Hole-Layer
  100
AcDbPolyline
  90
2
  70
1
  43
0
  10
64.9479298958598
  20
-111.88722377444755
  42
1
  10
65.86233172466346
  20
-111.88722377444755
  42
1
  0
HATCH
  5
2414
  100
AcDbEntity
  8
Hole-Layer
  100
AcDbHatch
  10
0
  20
0
  30
0
  210
0
  220
0
  230
1
  2
SOLID
  70
1
  71
0
  91
1
  92
7
  72
1
  73
1
  93
2
  10
67.48793497586996
  20
-111.88722377444755
  42
1
  10
68.40233680467361
  20
-111.88722377444755
  42
1
  97
1
  330
2413
  75
0
  76
1
  47
0.8681437583925616
  98
1
  10
3.629517071192367
  20
33.92795499968543
  450
0
  451
0
  460
0
  461
0
  452
1
  462
1
  453
2
  463
0
  63
5
  421
255
  463
1
  63
7
  421
16777215
  470
LINEAR
  1001
ACAD
  1010
0
  1020
0
  1030
0
  0
LWPOLYLINE
  5
2415
  100
AcDbEntity
  8
Hole-Layer
  100
AcDbPolyline
  90
2
  70
1
  43
0
  10
67.48793497586996
  20
-111.88722377444755
  42
1
  10
68.40233680467362
  20
-111.88722377444755
  42
1
  0
HATCH
  5
2426
  100
AcDbEntity
  8
Hole-Layer
  100
AcDbHatch
  10
0
  20
0
  30
0
  210
0
  220
0
  230
1
  2
SOLID
  70
1
  71
0
  91
1
  92
7
  72
1
  73
1
  93
2
  10
70.02794005588012
  20
-111.88722377444755
  42
1
  10
70.94234188468377
  20
-111.88722377444755
  42
1
  97
1
  330
2425
  75
0
  76
1
  47
0.8681437583925616
  98
1
  10
3.629517071192367
  20
33.92795499968543
  450
0
  451
0
  460
0
  461
0
  452
1
  462
1
  453
2
  463
0
  63
5
  421
255
  463
1
  63
7
  421
16777215
  470
LINEAR
  1001
ACAD
  1010
0
  1020
0
  1030
0
  0
LWPOLYLINE
  5
2427
  100
AcDbEntity
  8
Hole-Layer
  100
AcDbPolyline
  90
2
  70
1
  43
0
  10
70.02794005588012
  20
-111.88722377444755
  42
1
  10
70.94234188468378
  20
-111.88722377444755
  42
1
  0
HATCH
  5
2438
  100
AcDbEntity
  8
Hole-Layer
  100
AcDbHatch
  10
0
  20
0
  30
0
  210
0
  220
0
  230
1
  2
SOLID
  70
1
  71
0
  91
1
  92
7
  72
1
  73
1
  93
2
  10
72.56794513589028
  20
-111.88722377444756
  42
1
  10
73.48234696469393
  20
-111.88722377444756
  42
1
  97
1
  330
2437
  75
0
  76
1
  47
0.8681437583925616
  98
1
  10
3.629517071192367
  20
33.92795499968543
  450
0
  451
0
  460
0
  461
0
  452
1
  462
1
  453
2
  463
0
  63
5
  421
255
  463
1
  63
7
  421
16777215
  470
LINEAR
  1001
ACAD
  1010
0
  1020
0
  1030
0
  0
LWPOLYLINE
  5
2439
  100
AcDbEntity
  8
Hole-Layer
  100
AcDbPolyline
  90
2
  70
1
  43
0
  10
72.56794513589028
  20
-111.88722377444756
  42
1
  10
73.48234696469395
  20
-111.88722377444756
  42
1
  0
HATCH
  5
2450
  100
AcDbEntity
  8
Hole-Layer
  100
AcDbHatch
  10
0
  20
0
  30
0
  210
0
  220
0
  230
1
  2
SOLID
  70
1
  71
0
  91
1
  92
7
  72
1
  73
1
  93
2
  10
75.10795021590044
  20
-111.88722377444756
  42
1
  10
76.02235204470409
  20
-111.88722377444756
  42
1
  97
1
  330
2449
  75
0
  76
1
  47
0.8681437583925616
  98
1
  10
3.629517071192367
  20
33.92795499968543
  450
0
  451
0
  460
0
  461
0
  452
1
  462
1
  453
2
  463
0
  63
5
  421
255
  463
1
  63
7
  421
16777215
  470
LINEAR
  1001
ACAD
  1010
0
  1020
0
  1030
0
  0
LWPOLYLINE
  5
2451
  100
AcDbEntity
  8
Hole-Layer
  100
AcDbPolyline
  90
2
  70
1
  43
0
  10
75.10795021590044
  20
-111.88722377444756
  42
1
  10
76.0223520447041
  20
-111.88722377444756
  42
1
  0
HATCH
  5
2462
  100
AcDbEntity
  8
Hole-Layer
  100
AcDbHatch
  10
0
  20
0
  30
0
  210
0
  220
0
  230
1
  2
SOLID
  70
1
  71
0
  91
1
  92
7
  72
1
  73
1
  93
2
  10
77.6479552959106
  20
-111.88722377444756
  42
1
  10
78.56235712471425
  20
-111.88722377444756
  42
1
  97
1
  330
2461
  75
0
  76
1
  47
0.8681437583925616
  98
1
  10
3.629517071192367
  20
33.92795499968543
  450
0
  451
0
  460
0
  461
0
  452
1
  462
1
  453
2
  463
0
  63
5
  421
255
  463
1
  63
7
  421
16777215
  470
LINEAR
  1001
ACAD
  1010
0
  1020
0
  1030
0
  0
LWPOLYLINE
  5
2463
  100
AcDbEntity
  8
Hole-Layer
  100
AcDbPolyline
  90
2
  70
1
  43
0
  10
77.6479552959106
  20
-111.88722377444756
  42
1
  10
78.56235712471427
  20
-111.88722377444756
  42
1
  0
HATCH
  5
2474
  100
AcDbEntity
  8
Hole-Layer
  100
AcDbHatch
  10
0
  20
0
  30
0
  210
0
  220
0
  230
1
  2
SOLID
  70
1
  71
0
  91
1
  92
7
  72
1
  73
1
  93
2
  10
80.18796037592077
  20
-111.88722377444756
  42
1
  10
81.10236220472441
  20
-111.88722377444756
  42
1
  97
1
  330
2473
  75
0
  76
1
  47
0.8681437583925616
  98
1
  10
3.629517071192367
  20
33.92795499968543
  450
0
  451
0
  460
0
  461
0
  452
1
  462
1
  453
2
  463
0
  63
5
  421
255
  463
1
  63
7
  421
16777215
  470
LINEAR
  1001
ACAD
  1010
0
  1020
0
  1030
0
  0
LWPOLYLINE
  5
2475
  100
AcDbEntity
  8
Hole-Layer
  100
AcDbPolyline
  90
2
  70
1
  43
0
  10
80.18796037592075
  20
-111.88722377444756
  42
1
  10
81.10236220472443
  20
-111.88722377444756
  42
1
  0
HATCH
  5
2486
  100
AcDbEntity
  8
Hole-Layer
  100
AcDbHatch
  10
0
  20
0
  30
0
  210
0
  220
0
  230
1
  2
SOLID
  70
1
  71
0
  91
1
  92
7
  72
1
  73
1
  93
2
  10
82.72796545593093
  20
-111.88722377444756
  42
1
  10
83.64236728473458
  20
-111.88722377444756
  42
1
  97
1
  330
2485
  75
0
  76
1
  47
0.8681437583925616
  98
1
  10
3.629517071192367
  20
33.92795499968543
  450
0
  451
0
  460
0
  461
0
  452
1
  462
1
  453
2
  463
0
  63
5
  421
255
  463
1
  63
7
  421
16777215
  470
LINEAR
  1001
ACAD
  1010
0
  1020
0
  1030
0
  0
LWPOLYLINE
  5
2487
  100
AcDbEntity
  8
Hole-Layer
  100
AcDbPolyline
  90
2
  70
1
  43
0
  10
82.72796545593091
  20
-111.88722377444756
  42
1
  10
83.64236728473459
  20
-111.88722377444756
  42
1
  0
HATCH
  5
2498
  100
AcDbEntity
  8
Hole-Layer
  100
AcDbHatch
  10
0
  20
0
  30
0
  210
0
  220
0
  230
1
  2
SOLID
  70
1
  71
0
  91
1
  92
7
  72
1
  73
1
  93
2
  10
85.26797053594109
  20
-111.88722377444756
  42
1
  10
86.18237236474474
  20
-111.88722377444756
  42
1
  97
1
  330
2497
  75
0
  76
1
  47
0.8681437583925616
  98
1
  10
3.629517071192367
  20
33.92795499968543
  450
0
  451
0
  460
0
  461
0
  452
1
  462
1
  453
2
  463
0
  63
5
  421
255
  463
1
  63
7
  421
16777215
  470
LINEAR
  1001
ACAD
  1010
0
  1020
0
  1030
0
  0
LWPOLYLINE
  5
2499
  100
AcDbEntity
  8
Hole-Layer
  100
AcDbPolyline
  90
2
  70
1
  43
0
  10
85.26797053594107
  20
-111.88722377444756
  42
1
  10
86.18237236474474
  20
-111.88722377444756
  42
1
  0
HATCH
  5
2510
  100
AcDbEntity
  8
Hole-Layer
  100
AcDbHatch
  10
0
  20
0
  30
0
  210
0
  220
0
  230
1
  2
SOLID
  70
1
  71
0
  91
1
  92
7
  72
1
  73
1
  93
2
  10
87.80797561595125
  20
-111.88722377444756
  42
1
  10
88.7223774447549
  20
-111.88722377444756
  42
1
  97
1
  330
2509
  75
0
  76
1
  47
0.8681437583925616
  98
1
  10
3.629517071192367
  20
33.92795499968543
  450
0
  451
0
  460
0
  461
0
  452
1
  462
1
  453
2
  463
0
  63
5
  421
255
  463
1
  63
7
  421
16777215
  470
LINEAR
  1001
ACAD
  1010
0
  1020
0
  1030
0
  0
LWPOLYLINE
  5
2511
  100
AcDbEntity
  8
Hole-Layer
  100
AcDbPolyline
  90
2
  70
1
  43
0
  10
87.80797561595124
  20
-111.88722377444756
  42
1
  10
88.7223774447549
  20
-111.88722377444756
  42
1
  0
HATCH
  5
2522
  100
AcDbEntity
  8
Hole-Layer
  100
AcDbHatch
  10
0
  20
0
  30
0
  210
0
  220
0
  230
1
  2
SOLID
  70
1
  71
0
  91
1
  92
7
  72
1
  73
1
  93
2
  10
90.34798069596141
  20
-111.88722377444756
  42
1
  10
91.26238252476506
  20
-111.88722377444756
  42
1
  97
1
  330
2521
  75
0
  76
1
  47
0.8681437583925616
  98
1
  10
3.629517071192367
  20
33.92795499968543
  450
0
  451
0
  460
0
  461
0
  452
1
  462
1
  453
2
  463
0
  63
5
  421
255
  463
1
  63
7
  421
16777215
  470
LINEAR
  1001
ACAD
  1010
0
  1020
0
  1030
0
  0
LWPOLYLINE
  5
2523
  100
AcDbEntity
  8
Hole-Layer
  100
AcDbPolyline
  90
2
  70
1
  43
0
  10
90.3479806959614
  20
-111.88722377444756
  42
1
  10
91.26238252476506
  20
-111.88722377444756
  42
1
  0
HATCH
  5
2534
  100
AcDbEntity
  8
Hole-Layer
  100
AcDbHatch
  10
0
  20
0
  30
0
  210
0
  220
0
  230
1
  2
SOLID
  70
1
  71
0
  91
1
  92
7
  72
1
  73
1
  93
2
  10
92.88798577597157
  20
-111.88722377444756
  42
1
  10
93.80238760477522
  20
-111.88722377444756
  42
1
  97
1
  330
2533
  75
0
  76
1
  47
0.8681437583925616
  98
1
  10
3.629517071192367
  20
33.92795499968543
  450
0
  451
0
  460
0
  461
0
  452
1
  462
1
  453
2
  463
0
  63
5
  421
255
  463
1
  63
7
  421
16777215
  470
LINEAR
  1001
ACAD
  1010
0
  1020
0
  1030
0
  0
LWPOLYLINE
  5
2535
  100
AcDbEntity
  8
Hole-Layer
  100
AcDbPolyline
  90
2
  70
1
  43
0
  10
92.88798577597156
  20
-111.88722377444756
  42
1
  10
93.80238760477522
  20
-111.88722377444756
  42
1
  0
HATCH
  5
2546
  100
AcDbEntity
  8
Hole-Layer
  100
AcDbHatch
  10
0
  20
0
  30
0
  210
0
  220
0
  230
1
  2
SOLID
  70
1
  71
0
  91
1
  92
7
  72
1
  73
1
  93
2
  10
47.16789433578867
  20
-99.18719837439674
  42
1
  10
48.08229616459233
  20
-99.18719837439674
  42
1
  97
1
  330
2545
  75
0
  76
1
  47
0.8681437583925616
  98
1
  10
3.629517071192367
  20
33.92795499968543
  450
0
  451
0
  460
0
  461
0
  452
1
  462
1
  453
2
  463
0
  63
5
  421
255
  463
1
  63
7
  421
16777215
  470
LINEAR
  1001
ACAD
  1010
0
  1020
0
  1030
0
  0
LWPOLYLINE
  5
2547
  100
AcDbEntity
  8
Hole-Layer
  100
AcDbPolyline
  90
2
  70
1
  43
0
  10
47.16789433578867
  20
-99.18719837439674
  42
1
  10
48.08229616459233
  20
-99.18719837439674
  42
1
  0
HATCH
  5
2558
  100
AcDbEntity
  8
Hole-Layer
  100
AcDbHatch
  10
0
  20
0
  30
0
  210
0
  220
0
  230
1
  2
SOLID
  70
1
  71
0
  91
1
  92
7
  72
1
  73
1
  93
2
  10
47.16789433578867
  20
-101.7272034544069
  42
1
  10
48.08229616459233
  20
-101.7272034544069
  42
1
  97
1
  330
2557
  75
0
  76
1
  47
0.8681437583925616
  98
1
  10
3.629517071192367
  20
33.92795499968543
  450
0
  451
0
  460
0
  461
0
  452
1
  462
1
  453
2
  463
0
  63
5
  421
255
  463
1
  63
7
  421
16777215
  470
LINEAR
  1001
ACAD
  1010
0
  1020
0
  1030
0
  0
LWPOLYLINE
  5
2559
  100
AcDbEntity
  8
Hole-Layer
  100
AcDbPolyline
  90
2
  70
1
  43
0
  10
47.16789433578867
  20
-101.7272034544069
  42
1
  10
48.08229616459233
  20
-101.7272034544069
  42
1
  0
HATCH
  5
2570
  100
AcDbEntity
  8
Hole-Layer
  100
AcDbHatch
  10
0
  20
0
  30
0
  210
0
  220
0
  230
1
  2
SOLID
  70
1
  71
0
  91
1
  92
7
  72
1
  73
1
  93
2
  10
47.167894335788674
  20
-104.26720853441707
  42
1
  10
48.082296164592336
  20
-104.26720853441707
  42
1
  97
1
  330
2569
  75
0
  76
1
  47
0.8681437583925616
  98
1
  10
3.629517071192367
  20
33.92795499968543
  450
0
  451
0
  460
0
  461
0
  452
1
  462
1
  453
2
  463
0
  63
5
  421
255
  463
1
  63
7
  421
16777215
  470
LINEAR
  1001
ACAD
  1010
0
  1020
0
  1030
0
  0
LWPOLYLINE
  5
2571
  100
AcDbEntity
  8
Hole-Layer
  100
AcDbPolyline
  90
2
  70
1
  43
0
  10
47.167894335788674
  20
-104.26720853441707
  42
1
  10
48.082296164592336
  20
-104.26720853441707
  42
1
  0
HATCH
  5
2582
  100
AcDbEntity
  8
Hole-Layer
  100
AcDbHatch
  10
0
  20
0
  30
0
  210
0
  220
0
  230
1
  2
SOLID
  70
1
  71
0
  91
1
  92
7
  72
1
  73
1
  93
2
  10
47.16789433578867
  20
-106.80721361442723
  42
1
  10
48.08229616459233
  20
-106.80721361442723
  42
1
  97
1
  330
2581
  75
0
  76
1
  47
0.8681437583925616
  98
1
  10
3.629517071192367
  20
33.92795499968543
  450
0
  451
0
  460
0
  461
0
  452
1
  462
1
  453
2
  463
0
  63
5
  421
255
  463
1
  63
7
  421
16777215
  470
LINEAR
  1001
ACAD
  1010
0
  1020
0
  1030
0
  0
LWPOLYLINE
  5
2583
  100
AcDbEntity
  8
Hole-Layer
  100
AcDbPolyline
  90
2
  70
1
  43
0
  10
47.16789433578867
  20
-106.80721361442723
  42
1
  10
48.08229616459233
  20
-106.80721361442723
  42
1
  0
HATCH
  5
2594
  100
AcDbEntity
  8
Hole-Layer
  100
AcDbHatch
  10
0
  20
0
  30
0
  210
0
  220
0
  230
1
  2
SOLID
  70
1
  71
0
  91
1
  92
7
  72
1
  73
1
  93
2
  10
47.16789433578867
  20
-109.34721869443739
  42
1
  10
48.08229616459233
  20
-109.34721869443739
  42
1
  97
1
  330
2593
  75
0
  76
1
  47
0.8681437583925616
  98
1
  10
3.629517071192367
  20
33.92795499968543
  450
0
  451
0
  460
0
  461
0
  452
1
  462
1
  453
2
  463
0
  63
5
  421
255
  463
1
  63
7
  421
16777215
  470
LINEAR
  1001
ACAD
  1010
0
  1020
0
  1030
0
  0
LWPOLYLINE
  5
2595
  100
AcDbEntity
  8
Hole-Layer
  100
AcDbPolyline
  90
2
  70
1
  43
0
  10
47.16789433578867
  20
-109.34721869443739
  42
1
  10
48.08229616459233
  20
-109.34721869443739
  42
1
  0
HATCH
  5
2606
  100
AcDbEntity
  8
Hole-Layer
  100
AcDbHatch
  10
0
  20
0
  30
0
  210
0
  220
0
  230
1
  2
SOLID
  70
1
  71
0
  91
1
  92
7
  72
1
  73
1
  93
2
  10
80.18796037592077
  20
-109.3472186944374
  42
1
  10
81.10236220472441
  20
-109.3472186944374
  42
1
  97
1
  330
2605
  75
0
  76
1
  47
0.8681437583925616
  98
1
  10
3.629517071192367
  20
33.92795499968543
  450
0
  451
0
  460
0
  461
0
  452
1
  462
1
  453
2
  463
0
  63
5
  421
255
  463
1
  63
7
  421
16777215
  470
LINEAR
  1001
ACAD
  1010
0
  1020
0
  1030
0
  0
LWPOLYLINE
  5
2607
  100
AcDbEntity
  8
Hole-Layer
  100
AcDbPolyline
  90
2
  70
1
  43
0
  10
80.18796037592075
  20
-109.3472186944374
  42
1
  10
81.10236220472443
  20
-109.3472186944374
  42
1
  0
HATCH
  5
2618
  100
AcDbEntity
  8
Hole-Layer
  100
AcDbHatch
  10
0
  20
0
  30
0
  210
0
  220
0
  230
1
  2
SOLID
  70
1
  71
0
  91
1
  92
7
  72
1
  73
1
  93
2
  10
82.72796545593093
  20
-109.3472186944374
  42
1
  10
83.64236728473458
  20
-109.3472186944374
  42
1
  97
1
  330
2617
  75
0
  76
1
  47
0.8681437583925616
  98
1
  10
3.629517071192367
  20
33.92795499968543
  450
0
  451
0
  460
0
  461
0
  452
1
  462
1
  453
2
  463
0
  63
5
  421
255
  463
1
  63
7
  421
16777215
  470
LINEAR
  1001
ACAD
  1010
0
  1020
0
  1030
0
  0
LWPOLYLINE
  5
2619
  100
AcDbEntity
  8
Hole-Layer
  100
AcDbPolyline
  90
2
  70
1
  43
0
  10
82.72796545593091
  20
-109.3472186944374
  42
1
  10
83.64236728473459
  20
-109.3472186944374
  42
1
  0
HATCH
  5
2630
  100
AcDbEntity
  8
Hole-Layer
  100
AcDbHatch
  10
0
  20
0
  30
0
  210
0
  220
0
  230
1
  2
SOLID
  70
1
  71
0
  91
1
  92
7
  72
1
  73
1
  93
2
  10
85.26797053594109
  20
-109.3472186944374
  42
1
  10
86.18237236474474
  20
-109.3472186944374
  42
1
  97
1
  330
2629
  75
0
  76
1
  47
0.8681437583925616
  98
1
  10
3.629517071192367
  20
33.92795499968543
  450
0
  451
0
  460
0
  461
0
  452
1
  462
1
  453
2
  463
0
  63
5
  421
255
  463
1
  63
7
  421
16777215
  470
LINEAR
  1001
ACAD
  1010
0
  1020
0
  1030
0
  0
LWPOLYLINE
  5
2631
  100
AcDbEntity
  8
Hole-Layer
  100
AcDbPolyline
  90
2
  70
1
  43
0
  10
85.26797053594107
  20
-109.3472186944374
  42
1
  10
86.18237236474474
  20
-109.3472186944374
  42
1
  0
HATCH
  5
2642
  100
AcDbEntity
  8
Hole-Layer
  100
AcDbHatch
  10
0
  20
0
  30
0
  210
0
  220
0
  230
1
  2
SOLID
  70
1
  71
0
  91
1
  92
7
  72
1
  73
1
  93
2
  10
90.34798069596141
  20
-109.3472186944374
  42
1
  10
91.26238252476506
  20
-109.3472186944374
  42
1
  97
1
  330
2641
  75
0
  76
1
  47
0.8681437583925616
  98
1
  10
3.629517071192367
  20
33.92795499968543
  450
0
  451
0
  460
0
  461
0
  452
1
  462
1
  453
2
  463
0
  63
5
  421
255
  463
1
  63
7
  421
16777215
  470
LINEAR
  1001
ACAD
  1010
0
  1020
0
  1030
0
  0
LWPOLYLINE
  5
2643
  100
AcDbEntity
  8
Hole-Layer
  100
AcDbPolyline
  90
2
  70
1
  43
0
  10
90.3479806959614
  20
-109.3472186944374
  42
1
  10
91.26238252476506
  20
-109.3472186944374
  42
1
  0
HATCH
  5
2654
  100
AcDbEntity
  8
Hole-Layer
  100
AcDbHatch
  10
0
  20
0
  30
0
  210
0
  220
0
  230
1
  2
SOLID
  70
1
  71
0
  91
1
  92
7
  72
1
  73
1
  93
2
  10
86.53797307594617
  20
-99.18719837439676
  42
1
  10
87.45237490474982
  20
-99.18719837439676
  42
1
  97
1
  330
2653
  75
0
  76
1
  47
0.8681437583925616
  98
1
  10
3.629517071192367
  20
33.92795499968543
  450
0
  451
0
  460
0
  461
0
  452
1
  462
1
  453
2
  463
0
  63
5
  421
255
  463
1
  63
7
  421
16777215
  470
LINEAR
  1001
ACAD
  1010
0
  1020
0
  1030
0
  0
LWPOLYLINE
  5
2655
  100
AcDbEntity
  8
Hole-Layer
  100
AcDbPolyline
  90
2
  70
1
  43
0
  10
86.53797307594616
  20
-99.18719837439676
  42
1
  10
87.45237490474982
  20
-99.18719837439676
  42
1
  0
HATCH
  5
2666
  100
AcDbEntity
  8
Hole-Layer
  100
AcDbHatch
  10
0
  20
0
  30
0
  210
0
  220
0
  230
1
  2
SOLID
  70
1
  71
0
  91
1
  92
7
  72
1
  73
1
  93
2
  10
83.99796799593601
  20
-99.18719837439676
  42
1
  10
84.91236982473966
  20
-99.18719837439676
  42
1
  97
1
  330
2665
  75
0
  76
1
  47
0.8681437583925616
  98
1
  10
3.629517071192367
  20
33.92795499968543
  450
0
  451
0
  460
0
  461
0
  452
1
  462
1
  453
2
  463
0
  63
5
  421
255
  463
1
  63
7
  421
16777215
  470
LINEAR
  1001
ACAD
  1010
0
  1020
0
  1030
0
  0
LWPOLYLINE
  5
2667
  100
AcDbEntity
  8
Hole-Layer
  100
AcDbPolyline
  90
2
  70
1
  43
0
  10
83.997967995936
  20
-99.18719837439676
  42
1
  10
84.91236982473966
  20
-99.18719837439676
  42
1
  0
HATCH
  5
2678
  100
AcDbEntity
  8
Hole-Layer
  100
AcDbHatch
  10
0
  20
0
  30
0
  210
0
  220
0
  230
1
  2
SOLID
  70
1
  71
0
  91
1
  92
7
  72
1
  73
1
  93
2
  10
81.45796291592585
  20
-99.18719837439676
  42
1
  10
82.3723647447295
  20
-99.18719837439676
  42
1
  97
1
  330
2677
  75
0
  76
1
  47
0.8681437583925616
  98
1
  10
3.629517071192367
  20
33.92795499968543
  450
0
  451
0
  460
0
  461
0
  452
1
  462
1
  453
2
  463
0
  63
5
  421
255
  463
1
  63
7
  421
16777215
  470
LINEAR
  1001
ACAD
  1010
0
  1020
0
  1030
0
  0
LWPOLYLINE
  5
2679
  100
AcDbEntity
  8
Hole-Layer
  100
AcDbPolyline
  90
2
  70
1
  43
0
  10
81.45796291592583
  20
-99.18719837439676
  42
1
  10
82.37236474472951
  20
-99.18719837439676
  42
1
  0
HATCH
  5
2690
  100
AcDbEntity
  8
Hole-Layer
  100
AcDbHatch
  10
0
  20
0
  30
0
  210
0
  220
0
  230
1
  2
SOLID
  70
1
  71
0
  91
1
  92
7
  72
1
  73
1
  93
2
  10
78.91795783591569
  20
-99.18719837439676
  42
1
  10
79.83235966471933
  20
-99.18719837439676
  42
1
  97
1
  330
2689
  75
0
  76
1
  47
0.8681437583925616
  98
1
  10
3.629517071192367
  20
33.92795499968543
  450
0
  451
0
  460
0
  461
0
  452
1
  462
1
  453
2
  463
0
  63
5
  421
255
  463
1
  63
7
  421
16777215
  470
LINEAR
  1001
ACAD
  1010
0
  1020
0
  1030
0
  0
LWPOLYLINE
  5
2691
  100
AcDbEntity
  8
Hole-Layer
  100
AcDbPolyline
  90
2
  70
1
  43
0
  10
78.91795783591567
  20
-99.18719837439676
  42
1
  10
79.83235966471935
  20
-99.18719837439676
  42
1
  0
HATCH
  5
2702
  100
AcDbEntity
  8
Hole-Layer
  100
AcDbHatch
  10
0
  20
0
  30
0
  210
0
  220
0
  230
1
  2
SOLID
  70
1
  71
0
  91
1
  92
7
  72
1
  73
1
  93
2
  10
76.37795275590553
  20
-99.18719837439676
  42
1
  10
77.29235458470917
  20
-99.18719837439676
  42
1
  97
1
  330
2701
  75
0
  76
1
  47
0.8681437583925616
  98
1
  10
3.629517071192367
  20
33.92795499968543
  450
0
  451
0
  460
0
  461
0
  452
1
  462
1
  453
2
  463
0
  63
5
  421
255
  463
1
  63
7
  421
16777215
  470
LINEAR
  1001
ACAD
  1010
0
  1020
0
  1030
0
  0
LWPOLYLINE
  5
2703
  100
AcDbEntity
  8
Hole-Layer
  100
AcDbPolyline
  90
2
  70
1
  43
0
  10
76.37795275590553
  20
-99.18719837439676
  42
1
  10
77.29235458470919
  20
-99.18719837439676
  42
1
  0
HATCH
  5
2714
  100
AcDbEntity
  8
Hole-Layer
  100
AcDbHatch
  10
0
  20
0
  30
0
  210
0
  220
0
  230
1
  2
SOLID
  70
1
  71
0
  91
1
  92
7
  72
1
  73
1
  93
2
  10
100.71120142240287
  20
-102.82321564643131
  42
1
  10
101.4732029464059
  20
-102.82321564643131
  42
1
  97
1
  330
2713
  75
0
  76
1
  47
0.8681437583925616
  98
1
  10
3.629517071192367
  20
33.92795499968543
  450
0
  451
0
  460
0
  461
0
  452
1
  462
1
  453
2
  463
0
  63
5
  421
255
  463
1
  63
7
  421
16777215
  470
LINEAR
  1001
ACAD
  1010
0
  1020
0
  1030
0
  0
LWPOLYLINE
  5
2715
  100
AcDbEntity
  8
Hole-Layer
  100
AcDbPolyline
  90
2
  70
1
  43
0
  10
100.71120142240285
  20
-102.82321564643131
  42
1
  10
101.4732029464059
  20
-102.82321564643131
  42
1
  0
HATCH
  5
2726
  100
AcDbEntity
  8
Hole-Layer
  100
AcDbHatch
  10
0
  20
0
  30
0
  210
0
  220
0
  230
1
  2
SOLID
  70
1
  71
0
  91
1
  92
7
  72
1
  73
1
  93
2
  10
100.71120142240287
  20
-108.82321564643131
  42
1
  10
101.4732029464059
  20
-108.82321564643131
  42
1
  97
1
  330
2725
  75
0
  76
1
  47
0.8681437583925616
  98
1
  10
3.629517071192367
  20
33.92795499968543
  450
0
  451
0
  460
0
  461
0
  452
1
  462
1
  453
2
  463
0
  63
5
  421
255
  463
1
  63
7
  421
16777215
  470
LINEAR
  1001
ACAD
  1010
0
  1020
0
  1030
0
  0
LWPOLYLINE
  5
2727
  100
AcDbEntity
  8
Hole-Layer
  100
AcDbPolyline
  90
2
  70
1
  43
0
  10
100.71120142240285
  20
-108.82321564643131
  42
1
  10
101.4732029464059
  20
-108.82321564643131
  42
1
  0
HATCH
  5
2738
  100
AcDbEntity
  8
Hole-Layer
  100
AcDbHatch
  10
0
  20
0
  30
0
  210
0
  220
0
  230
1
  2
SOLID
  70
1
  71
0
  91
1
  92
7
  72
1
  73
1
  93
2
  10
100.71120142240287
  20
-110.82321564643131
  42
1
  10
101.4732029464059
  20
-110.82321564643131
  42
1
  97
1
  330
2737
  75
0
  76
1
  47
0.8681437583925616
  98
1
  10
3.629517071192367
  20
33.92795499968543
  450
0
  451
0
  460
0
  461
0
  452
1
  462
1
  453
2
  463
0
  63
5
  421
255
  463
1
  63
7
  421
16777215
  470
LINEAR
  1001
ACAD
  1010
0
  1020
0
  1030
0
  0
LWPOLYLINE
  5
2739
  100
AcDbEntity
  8
Hole-Layer
  100
AcDbPolyline
  90
2
  70
1
  43
0
  10
100.71120142240285
  20
-110.82321564643131
  42
1
  10
101.4732029464059
  20
-110.82321564643131
  42
1
  0
HATCH
  5
2750
  100
AcDbEntity
  8
Hole-Layer
  100
AcDbHatch
  10
0
  20
0
  30
0
  210
0
  220
0
  230
1
  2
SOLID
  70
1
  71
0
  91
1
  92
7
  72
1
  73
1
  93
2
  10
100.71120142240287
  20
-112.82321564643131
  42
1
  10
101.4732029464059
  20
-112.82321564643131
  42
1
  97
1
  330
2749
  75
0
  76
1
  47
0.8681437583925616
  98
1
  10
3.629517071192367
  20
33.92795499968543
  450
0
  451
0
  460
0
  461
0
  452
1
  462
1
  453
2
  463
0
  63
5
  421
255
  463
1
  63
7
  421
16777215
  470
LINEAR
  1001
ACAD
  1010
0
  1020
0
  1030
0
  0
LWPOLYLINE
  5
2751
  100
AcDbEntity
  8
Hole-Layer
  100
AcDbPolyline
  90
2
  70
1
  43
0
  10
100.71120142240285
  20
-112.82321564643131
  42
1
  10
101.4732029464059
  20
-112.82321564643131
  42
1
  0
HATCH
  5
2762
  100
AcDbEntity
  8
Hole-Layer
  100
AcDbHatch
  10
0
  20
0
  30
0
  210
0
  220
0
  230
1
  2
SOLID
  70
1
  71
0
  91
1
  92
7
  72
1
  73
1
  93
2
  10
100.71120142240287
  20
-106.82321564643131
  42
1
  10
101.4732029464059
  20
-106.82321564643131
  42
1
  97
1
  330
2761
  75
0
  76
1
  47
0.8681437583925616
  98
1
  10
3.629517071192367
  20
33.92795499968543
  450
0
  451
0
  460
0
  461
0
  452
1
  462
1
  453
2
  463
0
  63
5
  421
255
  463
1
  63
7
  421
16777215
  470
LINEAR
  1001
ACAD
  1010
0
  1020
0
  1030
0
  0
LWPOLYLINE
  5
2763
  100
AcDbEntity
  8
Hole-Layer
  100
AcDbPolyline
  90
2
  70
1
  43
0
  10
100.71120142240285
  20
-106.82321564643131
  42
1
  10
101.4732029464059
  20
-106.82321564643131
  42
1
  0
HATCH
  5
2774
  100
AcDbEntity
  8
Hole-Layer
  100
AcDbHatch
  10
0
  20
0
  30
0
  210
0
  220
0
  230
1
  2
SOLID
  70
1
  71
0
  91
1
  92
7
  72
1
  73
1
  93
2
  10
100.71120142240287
  20
-104.82321564643131
  42
1
  10
101.4732029464059
  20
-104.82321564643131
  42
1
  97
1
  330
2773
  75
0
  76
1
  47
0.8681437583925616
  98
1
  10
3.629517071192367
  20
33.92795499968543
  450
0
  451
0
  460
0
  461
0
  452
1
  462
1
  453
2
  463
0
  63
5
  421
255
  463
1
  63
7
  421
16777215
  470
LINEAR
  1001
ACAD
  1010
0
  1020
0
  1030
0
  0
LWPOLYLINE
  5
2775
  100
AcDbEntity
  8
Hole-Layer
  100
AcDbPolyline
  90
2
  70
1
  43
0
  10
100.71120142240285
  20
-104.82321564643131
  42
1
  10
101.4732029464059
  20
-104.82321564643131
  42
1
  0
LWPOLYLINE
  5
2777
  100
AcDbEntity
  8
Hole-Layer
  100
AcDbPolyline
  90
4
  70
0
  43
0
  10
38.15336550673102
  20
-77.86131572264044
  42
1
  10
38.46334772669545
  20
-77.86131572264044
  10
38.46334772669545
  20
-77.86131572262248
  42
1
  10
38.15336550673102
  20
-77.86131572262248
  0
LWPOLYLINE
  5
2779
  100
AcDbEntity
  8
Hole-Layer
  100
AcDbPolyline
  90
4
  70
0
  43
0
  10
41.24968249936501
  20
-90.42418084825839
  42
1
  10
41.554483108966224
  20
-90.42418084850398
  10
41.554483108966224
  20
-90.42418084846503
  42
1
  10
41.24968249936501
  20
-90.42418084821944
  0
LWPOLYLINE
  5
2781
  100
AcDbEntity
  8
Hole-Layer
  100
AcDbPolyline
  90
2
  70
1
  43
0
  10
97.00279400558802
  20
-98.93319786639574
  42
1
  10
97.30759461518925
  20
-98.93319786639574
  42
1
  0
ENDSEC
  0
SECTION
  2
OBJECTS
  0
DICTIONARY
  5
C
  330
0
  100
AcDbDictionary
  281
1
  3
ACAD_CIP_PREVIOUS_PRODUCT_INFO
  350
1A2
  3
ACAD_COLOR
  350
6C
  3
ACAD_DETAILVIEWSTYLE
  350
1A8
  3
ACAD_GROUP
  350
D
  3
ACAD_LAYOUT
  350
1A
  3
ACAD_MATERIAL
  350
6B
  3
ACAD_MLEADERSTYLE
  350
D2
  3
ACAD_MLINESTYLE
  350
17
  3
ACAD_PLOTSETTINGS
  350
19
  3
ACAD_PLOTSTYLENAME
  350
E
  3
ACAD_SCALELIST
  350
B1
  3
ACAD_SECTIONVIEWSTYLE
  350
1A5
  3
ACAD_TABLESTYLE
  350
A6
  3
ACAD_VISUALSTYLE
  350
95
  3
ACDB_RECOMPOSE_DATA
  350
301
  3
AcDbVariableDictionary
  350
59
  3
AcDsDecomposeData
  350
307
  0
DICTIONARY
  5
18B
  330
2
  100
AcDbDictionary
  280
1
  281
1
  3
ACAD_LAYERSTATES
  360
18C
  0
DICTIONARY
  5
E1
  330
10
  100
AcDbDictionary
  280
1
  281
1
  0
DICTIONARY
  5
15A
  330
1F
  100
AcDbDictionary
  280
1
  281
1
  0
XRECORD
  5
1A2
  102
{ACAD_REACTORS
  330
C
  102
}
  330
C
  100
AcDbXrecord
  280
1
  300
ACD
  300
2021
  300

  0
DICTIONARY
  5
6C
  102
{ACAD_REACTORS
  330
C
  102
}
  330
C
  100
AcDbDictionary
  281
1
  0
DICTIONARY
  5
1A8
  102
{ACAD_REACTORS
  330
C
  102
}
  330
C
  100
AcDbDictionary
  281
1
  3
Imperial24
  350
1A9
  0
DICTIONARY
  5
D
  102
{ACAD_REACTORS
  330
C
  102
}
  330
C
  100
AcDbDictionary
  281
1
  0
DICTIONARY
  5
1A
  102
{ACAD_REACTORS
  330
C
  102
}
  330
C
  100
AcDbDictionary
  281
1
  3
Model
  350
22
  3
布局1
  350
74
  3
布局2
  350
79
  0
DICTIONARY
  5
6B
  102
{ACAD_REACTORS
  330
C
  102
}
  330
C
  100
AcDbDictionary
  281
1
  3
ByBlock
  350
93
  3
ByLayer
  350
92
  3
Global
  350
94
  0
DICTIONARY
  5
D2
  102
{ACAD_REACTORS
  330
C
  102
}
  330
C
  100
AcDbDictionary
  281
1
  3
Annotative
  350
E0
  3
Standard
  350
D3
  0
DICTIONARY
  5
17
  102
{ACAD_REACTORS
  330
C
  102
}
  330
C
  100
AcDbDictionary
  281
1
  3
Standard
  350
18
  0
DICTIONARY
  5
19
  102
{ACAD_REACTORS
  330
C
  102
}
  330
C
  100
AcDbDictionary
  281
1
  0
ACDBDICTIONARYWDFLT
  5
E
  102
{ACAD_REACTORS
  330
C
  102
}
  330
C
  100
AcDbDictionary
  281
1
  3
Normal
  350
F
  100
AcDbDictionaryWithDefault
  340
F
  0
DICTIONARY
  5
B1
  102
{ACAD_REACTORS
  330
C
  102
}
  330
C
  100
AcDbDictionary
  281
1
  3
A0
  350
B2
  3
A1
  350
124
  3
A2
  350
125
  3
A3
  350
126
  3
A4
  350
127
  3
A5
  350
128
  3
A6
  350
129
  3
A7
  350
12A
  3
A8
  350
12B
  3
A9
  350
12C
  3
B0
  350
12D
  3
B1
  350
12E
  3
B2
  350
12F
  3
B3
  350
130
  3
B4
  350
131
  3
B5
  350
132
  3
B6
  350
133
  3
B7
  350
134
  3
B8
  350
135
  3
B9
  350
136
  3
C0
  350
137
  3
C1
  350
138
  3
C2
  350
139
  3
C3
  350
13A
  3
C4
  350
13B
  3
C5
  350
13C
  3
C6
  350
13D
  3
C7
  350
13E
  3
C8
  350
13F
  3
C9
  350
140
  3
D0
  350
141
  3
D1
  350
142
  3
D2
  350
143
  0
DICTIONARY
  5
1A5
  102
{ACAD_REACTORS
  330
C
  102
}
  330
C
  100
AcDbDictionary
  281
1
  3
Imperial24
  350
1A7
  0
DICTIONARY
  5
A6
  102
{ACAD_REACTORS
  330
C
  102
}
  330
C
  100
AcDbDictionary
  281
1
  3
Standard
  350
A7
  0
DICTIONARY
  5
95
  102
{ACAD_REACTORS
  330
C
  102
}
  330
C
  100
AcDbDictionary
  281
1
  3
2dWireframe
  350
9B
  3
Basic
  350
9A
  3
Brighten
  350
A1
  3
ColorChange
  350
A5
  3
Conceptual
  350
9E
  3
Dim
  350
A0
  3
EdgeColorOff
  350
172
  3
Facepattern
  350
A4
  3
Flat
  350
96
  3
FlatWithEdges
  350
97
  3
Gouraud
  350
98
  3
GouraudWithEdges
  350
99
  3
Hidden
  350
9D
  3
JitterOff
  350
170
  3
Linepattern
  350
A3
  3
OverhangOff
  350
171
  3
Realistic
  350
9F
  3
Shaded
  350
17F
  3
Shaded with edges
  350
17E
  3
Shades of Gray
  350
17B
  3
Sketchy
  350
17C
  3
Thicken
  350
A2
  3
Wireframe
  350
9C
  3
X-Ray
  350
17D
  0
XRECORD
  5
301
  102
{ACAD_REACTORS
  330
C
  102
}
  330
C
  100
AcDbXrecord
  280
1
  90
1
  330
A7
  0
DICTIONARY
  5
59
  102
{ACAD_REACTORS
  330
C
  102
}
  330
C
  100
AcDbDictionary
  281
1
  3
CAMERAHEIGHT
  350
227
  3
CANNOSCALE
  350
EB
  3
CMLEADERSTYLE
  350
EA
  3
CTABLESTYLE
  350
AB
  3
CVIEWDETAILSTYLE
  350
1B4
  3
CVIEWSECTIONSTYLE
  350
1B5
  3
DIMASSOC
  350
5A
  3
HIDETEXT
  350
5E
  3
INDEXCTL
  350
226
  3
LAYEREVAL
  350
14A
  3
LAYERNOTIFY
  350
14B
  3
LIGHTINGUNITS
  350
224
  3
MSLTSCALE
  350
223
  3
SORTENTS
  350
225
  3
XCLIPFRAME
  350
228
  0
DICTIONARY
  5
307
  102
{ACAD_REACTORS
  330
C
  102
}
  330
C
  100
AcDbDictionary
  281
1
  3
AcDsRecords
  350
309
  3
AcDsSchemas
  350
308
  1001
ACAD
  1070
2
  0
DICTIONARY
  5
18C
  102
{ACAD_REACTORS
  330
18B
  102
}
  330
18B
  100
AcDbDictionary
  281
1
  0
ACDBDETAILVIEWSTYLE
  5
1A9
  102
{ACAD_XDICTIONARY
  360
33C
  102
}
  102
{ACAD_REACTORS
  330
1A8
  102
}
  330
1A8
  100
AcDbModelDocViewStyle
  70
0
  3
Imperial24
  290
0
  100
AcDbDetailViewStyle
  70
0
  71
0
  90
3
  71
1
  340
11
  62
256
  40
0.24
  340
0
  62
256
  40
0.24
  300

  40
0.36
  280
3
  71
2
  340
16
  90
25
  62
256
  71
3
  340
11
  62
256
  40
0.24
  90
1
  40
0.75
  90
1
  300
%<\AcVar ViewType \f "%tc1">% %<\AcVar ViewDetailId>%\PSCALE %<\AcVar ViewScale \f "%sn">%
  71
4
  340
16
  90
25
  62
256
  340
16
  90
25
  62
256
  280
0
  0
LAYOUT
  5
22
  102
{ACAD_XDICTIONARY
  360
191
  102
}
  102
{ACAD_REACTORS
  330
1A
  102
}
  330
1A
  100
AcDbPlotSettings
  1

  2
none_device
  4
Letter_(8.50_x_11.00_Inches)
  6

  40
6.349999904632568
  41
6.349999904632568
  42
6.350006103515625
  43
6.350006103515625
  44
215.8999938964844
  45
279.3999938964844
  46
0
  47
0
  48
0
  49
0
  140
0
  141
0
  142
1
  143
3.560208697428376
  70
11952
  72
0
  73
1
  74
0
  7

  75
0
  147
0.28088241027059
  76
0
  77
2
  78
300
  148
0.1311165230791651
  149
0.096403374003771
  100
AcDbLayout
  1
Model
  70
1
  71
0
  10
0
  20
0
  11
12
  21
9
  12
0
  22
0
  32
0
  14
0
  24
0
  34
0
  15
0
  25
0
  35
0
  146
0
  13
0
  23
0
  33
0
  16
1
  26
0
  36
0
  17
0
  27
1
  37
0
  76
0
  330
1F
  331
90
  0
LAYOUT
  5
74
  102
{ACAD_REACTORS
  330
1A
  102
}
  330
1A
  100
AcDbPlotSettings
  1

  2
\\ADSCCNDC1\hq601xrx1
  4

  6

  40
0
  41
0
  42
0
  43
0
  44
0
  45
0
  46
0
  47
0
  48
0
  49
0
  140
0
  141
0
  142
1
  143
1
  70
688
  72
0
  73
0
  74
5
  7

  75
16
  147
1
  76
0
  77
2
  78
300
  148
0
  149
0
  100
AcDbLayout
  1
布局1
  70
1
  71
1
  10
0
  20
0
  11
12
  21
9
  12
0
  22
0
  32
0
  14
0
  24
0
  34
0
  15
0
  25
0
  35
0
  146
0
  13
0
  23
0
  33
0
  16
1
  26
0
  36
0
  17
0
  27
1
  37
0
  76
0
  330
73
  0
LAYOUT
  5
79
  102
{ACAD_REACTORS
  330
1A
  102
}
  330
1A
  100
AcDbPlotSettings
  1

  2
\\ADSCCNDC1\hq601xrx1
  4

  6

  40
0
  41
0
  42
0
  43
0
  44
0
  45
0
  46
0
  47
0
  48
0
  49
0
  140
0
  141
0
  142
1
  143
1
  70
688
  72
0
  73
0
  74
5
  7

  75
16
  147
1
  76
0
  77
2
  78
300
  148
0
  149
0
  100
AcDbLayout
  1
布局2
  70
1
  71
2
  10
0
  20
0
  11
12
  21
9
  12
0
  22
0
  32
0
  14
0
  24
0
  34
0
  15
0
  25
0
  35
0
  146
0
  13
0
  23
0
  33
0
  16
1
  26
0
  36
0
  17
0
  27
1
  37
0
  76
0
  330
78
  0
MATERIAL
  5
93
  102
{ACAD_XDICTIONARY
  360
185
  102
}
  102
{ACAD_REACTORS
  330
6B
  102
}
  330
6B
  100
AcDbMaterial
  1
ByBlock
  94
63
  0
MATERIAL
  5
92
  102
{ACAD_XDICTIONARY
  360
183
  102
}
  102
{ACAD_REACTORS
  330
6B
  102
}
  330
6B
  100
AcDbMaterial
  1
ByLayer
  94
63
  0
MATERIAL
  5
94
  102
{ACAD_XDICTIONARY
  360
10B
  102
}
  102
{ACAD_REACTORS
  330
6B
  102
}
  330
6B
  100
AcDbMaterial
  1
Global
  43
0.0208000000566244
  43
0
  43
0
  43
0
  43
0
  43
0.0208000000566244
  43
0
  43
0
  43
0
  43
0
  43
1
  43
0
  43
0
  43
0
  43
0
  43
1
  49
0.0208000000566244
  49
0
  49
0
  49
0
  49
0
  49
0.0208000000566244
  49
0
  49
0
  49
0
  49
0
  49
1
  49
0
  49
0
  49
0
  49
0
  49
1
  142
0.0208000000566244
  142
0
  142
0
  142
0
  142
0
  142
0.0208000000566244
  142
0
  142
0
  142
0
  142
0
  142
1
  142
0
  142
0
  142
0
  142
0
  142
1
  144
0.0208000000566244
  144
0
  144
0
  144
0
  144
0
  144
0.0208000000566244
  144
0
  144
0
  144
0
  144
0
  144
1
  144
0
  144
0
  144
0
  144
0
  144
1
  94
63
  1001
ACAD
  1070
-1
  1070
3
  1070
0
  1000

  1071
0
  1070
0
  0
MLEADERSTYLE
  5
E0
  102
{ACAD_REACTORS
  330
D2
  102
}
  330
D2
  100
AcDbMLeaderStyle
  170
2
  171
1
  172
0
  90
2
  40
0
  41
0
  173
1
  91
-1056964608
  340
14
  92
-2
  290
0
  42
0.09
  291
0
  43
0.36
  3
Standard
  44
0.18
  300

  342
11
  174
1
  178
1
  175
1
  176
0
  93
-1056964608
  45
0.18
  292
0
  297
0
  46
0.18
  94
-1056964608
  47
1
  49
1
  140
1
  293
0
  141
0
  294
0
  177
0
  142
1
  295
0
  296
0
  143
0.125
  1001
ACAD_MLEADERVER
  1070
2
  0
MLEADERSTYLE
  5
D3
  102
{ACAD_REACTORS
  330
D2
  102
}
  330
D2
  100
AcDbMLeaderStyle
  170
2
  171
1
  172
0
  90
2
  40
0
  41
0
  173
1
  91
-1056964608
  340
14
  92
-2
  290
0
  42
0.09
  291
0
  43
0.36
  3
Standard
  44
0.18
  300

  342
11
  174
1
  178
1
  175
1
  176
0
  93
-1056964608
  45
0.18
  292
0
  297
0
  46
0.18
  94
-1056964608
  47
1
  49
1
  140
1
  293
0
  141
0
  294
0
  177
0
  142
1
  295
0
  296
0
  143
0.125
  1001
ACAD_MLEADERVER
  1070
2
  0
MLINESTYLE
  5
18
  102
{ACAD_REACTORS
  330
17
  102
}
  330
17
  100
AcDbMlineStyle
  2
STANDARD
  70
0
  3

  62
256
  51
90
  52
90
  71
2
  49
0.5
  62
256
  6
BYLAYER
  49
-0.5
  62
256
  6
BYLAYER
  0
ACDBPLACEHOLDER
  5
F
  102
{ACAD_REACTORS
  330
E
  102
}
  330
E
  0
SCALE
  5
B2
  102
{ACAD_REACTORS
  330
B1
  102
}
  330
B1
  100
AcDbScale
  70
0
  300
1:1
  140
1
  141
1
  290
0
  0
SCALE
  5
124
  102
{ACAD_REACTORS
  330
B1
  102
}
  330
B1
  100
AcDbScale
  70
0
  300
1:2
  140
1
  141
2
  290
0
  0
SCALE
  5
125
  102
{ACAD_REACTORS
  330
B1
  102
}
  330
B1
  100
AcDbScale
  70
0
  300
1:4
  140
1
  141
4
  290
0
  0
SCALE
  5
126
  102
{ACAD_REACTORS
  330
B1
  102
}
  330
B1
  100
AcDbScale
  70
0
  300
1:5
  140
1
  141
5
  290
0
  0
SCALE
  5
127
  102
{ACAD_REACTORS
  330
B1
  102
}
  330
B1
  100
AcDbScale
  70
0
  300
1:8
  140
1
  141
8
  290
0
  0
SCALE
  5
128
  102
{ACAD_REACTORS
  330
B1
  102
}
  330
B1
  100
AcDbScale
  70
0
  300
1:10
  140
1
  141
10
  290
0
  0
SCALE
  5
129
  102
{ACAD_REACTORS
  330
B1
  102
}
  330
B1
  100
AcDbScale
  70
0
  300
1:16
  140
1
  141
16
  290
0
  0
SCALE
  5
12A
  102
{ACAD_REACTORS
  330
B1
  102
}
  330
B1
  100
AcDbScale
  70
0
  300
1:20
  140
1
  141
20
  290
0
  0
SCALE
  5
12B
  102
{ACAD_REACTORS
  330
B1
  102
}
  330
B1
  100
AcDbScale
  70
0
  300
1:30
  140
1
  141
30
  290
0
  0
SCALE
  5
12C
  102
{ACAD_REACTORS
  330
B1
  102
}
  330
B1
  100
AcDbScale
  70
0
  300
1:40
  140
1
  141
40
  290
0
  0
SCALE
  5
12D
  102
{ACAD_REACTORS
  330
B1
  102
}
  330
B1
  100
AcDbScale
  70
0
  300
1:50
  140
1
  141
50
  290
0
  0
SCALE
  5
12E
  102
{ACAD_REACTORS
  330
B1
  102
}
  330
B1
  100
AcDbScale
  70
0
  300
1:100
  140
1
  141
100
  290
0
  0
SCALE
  5
12F
  102
{ACAD_REACTORS
  330
B1
  102
}
  330
B1
  100
AcDbScale
  70
0
  300
2:1
  140
2
  141
1
  290
0
  0
SCALE
  5
130
  102
{ACAD_REACTORS
  330
B1
  102
}
  330
B1
  100
AcDbScale
  70
0
  300
4:1
  140
4
  141
1
  290
0
  0
SCALE
  5
131
  102
{ACAD_REACTORS
  330
B1
  102
}
  330
B1
  100
AcDbScale
  70
0
  300
8:1
  140
8
  141
1
  290
0
  0
SCALE
  5
132
  102
{ACAD_REACTORS
  330
B1
  102
}
  330
B1
  100
AcDbScale
  70
0
  300
10:1
  140
10
  141
1
  290
0
  0
SCALE
  5
133
  102
{ACAD_REACTORS
  330
B1
  102
}
  330
B1
  100
AcDbScale
  70
0
  300
100:1
  140
100
  141
1
  290
0
  0
SCALE
  5
134
  102
{ACAD_REACTORS
  330
B1
  102
}
  330
B1
  100
AcDbScale
  70
0
  300
1/128" = 1'-0"
  140
0.0078125
  141
12
  290
0
  0
SCALE
  5
135
  102
{ACAD_REACTORS
  330
B1
  102
}
  330
B1
  100
AcDbScale
  70
0
  300
1/64" = 1'-0"
  140
0.015625
  141
12
  290
0
  0
SCALE
  5
136
  102
{ACAD_REACTORS
  330
B1
  102
}
  330
B1
  100
AcDbScale
  70
0
  300
1/32" = 1'-0"
  140
0.03125
  141
12
  290
0
  0
SCALE
  5
137
  102
{ACAD_REACTORS
  330
B1
  102
}
  330
B1
  100
AcDbScale
  70
0
  300
1/16" = 1'-0"
  140
0.0625
  141
12
  290
0
  0
SCALE
  5
138
  102
{ACAD_REACTORS
  330
B1
  102
}
  330
B1
  100
AcDbScale
  70
0
  300
3/32" = 1'-0"
  140
0.09375
  141
12
  290
0
  0
SCALE
  5
139
  102
{ACAD_REACTORS
  330
B1
  102
}
  330
B1
  100
AcDbScale
  70
0
  300
1/8" = 1'-0"
  140
0.125
  141
12
  290
0
  0
SCALE
  5
13A
  102
{ACAD_REACTORS
  330
B1
  102
}
  330
B1
  100
AcDbScale
  70
0
  300
3/16" = 1'-0"
  140
0.1875
  141
12
  290
0
  0
SCALE
  5
13B
  102
{ACAD_REACTORS
  330
B1
  102
}
  330
B1
  100
AcDbScale
  70
0
  300
1/4" = 1'-0"
  140
0.25
  141
12
  290
0
  0
SCALE
  5
13C
  102
{ACAD_REACTORS
  330
B1
  102
}
  330
B1
  100
AcDbScale
  70
0
  300
3/8" = 1'-0"
  140
0.375
  141
12
  290
0
  0
SCALE
  5
13D
  102
{ACAD_REACTORS
  330
B1
  102
}
  330
B1
  100
AcDbScale
  70
0
  300
1/2" = 1'-0"
  140
0.5
  141
12
  290
0
  0
SCALE
  5
13E
  102
{ACAD_REACTORS
  330
B1
  102
}
  330
B1
  100
AcDbScale
  70
0
  300
3/4" = 1'-0"
  140
0.75
  141
12
  290
0
  0
SCALE
  5
13F
  102
{ACAD_REACTORS
  330
B1
  102
}
  330
B1
  100
AcDbScale
  70
0
  300
1" = 1'-0"
  140
1
  141
12
  290
0
  0
SCALE
  5
140
  102
{ACAD_REACTORS
  330
B1
  102
}
  330
B1
  100
AcDbScale
  70
0
  300
1-1/2" = 1'-0"
  140
1.5
  141
12
  290
0
  0
SCALE
  5
141
  102
{ACAD_REACTORS
  330
B1
  102
}
  330
B1
  100
AcDbScale
  70
0
  300
3" = 1'-0"
  140
3
  141
12
  290
0
  0
SCALE
  5
142
  102
{ACAD_REACTORS
  330
B1
  102
}
  330
B1
  100
AcDbScale
  70
0
  300
6" = 1'-0"
  140
6
  141
12
  290
0
  0
SCALE
  5
143
  102
{ACAD_REACTORS
  330
B1
  102
}
  330
B1
  100
AcDbScale
  70
0
  300
1'-0" = 1'-0"
  140
12
  141
12
  290
0
  0
ACDBSECTIONVIEWSTYLE
  5
1A7
  102
{ACAD_XDICTIONARY
  360
33A
  102
}
  102
{ACAD_REACTORS
  330
1A5
  102
}
  330
1A5
  100
AcDbModelDocViewStyle
  70
0
  3
Imperial24
  290
0
  100
AcDbSectionViewStyle
  70
0
  71
0
  90
78
  71
1
  340
11
  62
256
  40
0.24
  340
0
  340
0
  62
256
  40
0.24
  300
I, O, Q, S, X, Z
  40
0.48
  90
3
  40
0.18
  90
1
  71
2
  340
16
  90
25
  62
256
  340
16
  90
50
  62
256
  40
0.24
  40
0
  40
0.24
  71
3
  340
11
  62
256
  40
0.24
  90
1
  40
0.75
  90
1
  300
%<\AcVar ViewType \f "%tc1">% %<\AcVar ViewSectionStartId>%-%<\AcVar ViewSectionEndId>%\PSCALE %<\AcVar ViewScale \f "%sn">%
  71
4
  62
256
  62
257
  300
ANSI31
  40
1
  90
0
  290
0
  290
0
  90
6
  40
0
  40
1.570796326794896
  40
0.2617993877991494
  40
1.308996938995747
  40
-0.2617993877991494
  40
1.832595714594046
  0
TABLESTYLE
  5
A7
  102
{ACAD_XDICTIONARY
  360
FF
  102
}
  102
{ACAD_REACTORS
  330
A6
  102
}
  330
A6
  100
AcDbTableStyle
  3
Standard
  70
0
  71
0
  40
0.06
  41
0.06
  280
0
  281
0
  7
Standard
  140
0.18
  170
2
  62
0
  63
7
  283
0
  90
512
  91
0
  1

  274
-2
  284
1
  64
0
  275
-2
  285
1
  65
0
  276
-2
  286
1
  66
0
  277
-2
  287
1
  67
0
  278
-2
  288
1
  68
0
  279
-2
  289
1
  69
0
  7
Standard
  140
0.25
  170
5
  62
0
  63
7
  283
0
  90
512
  91
0
  1

  274
-2
  284
1
  64
0
  275
-2
  285
1
  65
0
  276
-2
  286
1
  66
0
  277
-2
  287
1
  67
0
  278
-2
  288
1
  68
0
  279
-2
  289
1
  69
0
  7
Standard
  140
0.18
  170
5
  62
0
  63
7
  283
0
  90
512
  91
0
  1

  274
-2
  284
1
  64
0
  275
-2
  285
1
  65
0
  276
-2
  286
1
  66
0
  277
-2
  287
1
  67
0
  278
-2
  288
1
  68
0
  279
-2
  289
1
  69
0
  0
VISUALSTYLE
  5
9B
  102
{ACAD_XDICTIONARY
  360
314
  102
}
  102
{ACAD_REACTORS
  330
95
  102
}
  330
95
  100
AcDbVisualStyle
  2
2dWireframe
  70
4
  71
0
  72
2
  73
1
  90
0
  40
-0.6
  41
-30
  62
5
  63
7
  421
16777215
  74
1
  91
4
  64
7
  65
257
  75
1
  175
1
  42
1
  92
0
  66
257
  43
1
  76
1
  77
6
  78
2
  67
7
  79
5
  170
0
  171
0
  290
0
  174
0
  93
1
  44
0
  173
0
  291
0
  45
0
  1001
ACAD
  1000
AcDbSavedByObjectVersion
  1070
0
  0
VISUALSTYLE
  5
9A
  102
{ACAD_XDICTIONARY
  360
312
  102
}
  102
{ACAD_REACTORS
  330
95
  102
}
  330
95
  100
AcDbVisualStyle
  2
Basic
  70
7
  71
1
  72
0
  73
1
  90
0
  40
-0.6
  41
-30
  62
5
  63
7
  421
16777215
  74
0
  91
4
  64
7
  65
257
  75
1
  175
1
  42
1
  92
8
  66
7
  43
1
  76
1
  77
6
  78
2
  67
7
  79
5
  170
0
  171
0
  290
0
  174
0
  93
1
  44
0
  173
0
  291
0
  45
0
  1001
ACAD
  1000
AcDbSavedByObjectVersion
  1070
0
  0
VISUALSTYLE
  5
A1
  102
{ACAD_XDICTIONARY
  360
320
  102
}
  102
{ACAD_REACTORS
  330
95
  102
}
  330
95
  100
AcDbVisualStyle
  2
Brighten
  70
12
  71
2
  72
2
  73
1
  90
0
  40
-0.6
  41
-30
  62
5
  63
7
  421
16777215
  74
1
  91
4
  64
7
  65
257
  75
1
  175
1
  42
1
  92
8
  66
7
  43
1
  76
1
  77
6
  78
2
  67
7
  79
5
  170
0
  171
0
  290
0
  174
0
  93
1
  44
50
  173
0
  291
0
  45
0
  1001
ACAD
  1000
AcDbSavedByObjectVersion
  1070
0
  0
VISUALSTYLE
  5
A5
  102
{ACAD_XDICTIONARY
  360
328
  102
}
  102
{ACAD_REACTORS
  330
95
  102
}
  330
95
  100
AcDbVisualStyle
  2
ColorChange
  70
16
  71
2
  72
2
  73
3
  90
0
  40
-0.6
  41
-30
  62
5
  63
8
  421
8421504
  74
1
  91
4
  64
7
  65
257
  75
1
  175
1
  42
1
  92
8
  66
8
  424
8421504
  43
1
  76
1
  77
6
  78
2
  67
7
  79
5
  170
0
  171
0
  290
0
  174
0
  93
1
  44
0
  173
0
  291
0
  45
0
  1001
ACAD
  1000
AcDbSavedByObjectVersion
  1070
0
  0
VISUALSTYLE
  5
9E
  102
{ACAD_XDICTIONARY
  360
31A
  102
}
  102
{ACAD_REACTORS
  330
95
  102
}
  330
95
  100
AcDbVisualStyle
  2
Conceptual
  70
9
  71
3
  72
2
  73
1
  90
0
  40
-0.6
  41
-30
  62
5
  63
7
  421
16777215
  74
2
  91
2
  64
7
  65
257
  75
1
  175
1
  42
40
  92
8
  66
7
  43
1
  76
1
  77
6
  78
2
  67
7
  79
3
  170
0
  171
0
  290
0
  174
0
  93
1
  44
0
  173
0
  291
0
  45
0
  1001
ACAD
  1000
AcDbSavedByObjectVersion
  1070
0
  0
VISUALSTYLE
  5
A0
  102
{ACAD_XDICTIONARY
  360
31E
  102
}
  102
{ACAD_REACTORS
  330
95
  102
}
  330
95
  100
AcDbVisualStyle
  2
Dim
  70
11
  71
2
  72
2
  73
1
  90
0
  40
-0.6
  41
-30
  62
5
  63
7
  421
16777215
  74
1
  91
4
  64
7
  65
257
  75
1
  175
1
  42
1
  92
8
  66
7
  43
1
  76
1
  77
6
  78
2
  67
7
  79
5
  170
0
  171
0
  290
0
  174
0
  93
1
  44
-50
  173
0
  291
0
  45
0
  1001
ACAD
  1000
AcDbSavedByObjectVersion
  1070
0
  0
VISUALSTYLE
  5
172
  102
{ACAD_XDICTIONARY
  360
32E
  102
}
  102
{ACAD_REACTORS
  330
95
  102
}
  330
95
  100
AcDbVisualStyle
  2
EdgeColorOff
  70
22
  71
2
  72
2
  73
0
  90
0
  40
-0.6
  41
-30
  62
5
  63
7
  421
16777215
  74
1
  91
4
  64
7
  65
257
  75
1
  175
1
  42
1
  92
8
  66
7
  43
1
  76
1
  77
6
  78
2
  67
7
  79
5
  170
0
  171
0
  290
0
  174
0
  93
1
  44
0
  173
0
  291
0
  45
0
  1001
ACAD
  1000
AcDbSavedByObjectVersion
  1070
0
  0
VISUALSTYLE
  5
A4
  102
{ACAD_XDICTIONARY
  360
326
  102
}
  102
{ACAD_REACTORS
  330
95
  102
}
  330
95
  100
AcDbVisualStyle
  2
Facepattern
  70
15
  71
2
  72
2
  73
1
  90
0
  40
-0.6
  41
-30
  62
5
  63
7
  421
16777215
  74
1
  91
4
  64
7
  65
257
  75
1
  175
1
  42
1
  92
8
  66
7
  43
1
  76
1
  77
6
  78
2
  67
7
  79
5
  170
0
  171
0
  290
0
  174
0
  93
1
  44
0
  173
0
  291
0
  45
0
  1001
ACAD
  1000
AcDbSavedByObjectVersion
  1070
0
  0
VISUALSTYLE
  5
96
  102
{ACAD_XDICTIONARY
  360
30A
  102
}
  102
{ACAD_REACTORS
  330
95
  102
}
  330
95
  100
AcDbVisualStyle
  2
Flat
  70
0
  71
2
  72
1
  73
1
  90
2
  40
-0.6
  41
30
  62
5
  63
7
  421
16777215
  74
0
  91
0
  64
7
  65
257
  75
1
  175
1
  42
1
  92
8
  66
7
  43
1
  76
1
  77
6
  78
2
  67
7
  79
5
  170
0
  171
0
  290
0
  174
0
  93
13
  44
0
  173
0
  291
0
  45
0
  1001
ACAD
  1000
AcDbSavedByObjectVersion
  1070
0
  0
VISUALSTYLE
  5
97
  102
{ACAD_XDICTIONARY
  360
30C
  102
}
  102
{ACAD_REACTORS
  330
95
  102
}
  330
95
  100
AcDbVisualStyle
  2
FlatWithEdges
  70
1
  71
2
  72
1
  73
1
  90
2
  40
-0.6
  41
30
  62
5
  63
7
  421
16777215
  74
1
  91
0
  64
7
  65
257
  75
1
  175
1
  42
1
  92
0
  66
257
  43
1
  76
1
  77
6
  78
2
  67
7
  79
5
  170
0
  171
0
  290
0
  174
0
  93
13
  44
0
  173
0
  291
0
  45
0
  1001
ACAD
  1000
AcDbSavedByObjectVersion
  1070
0
  0
VISUALSTYLE
  5
98
  102
{ACAD_XDICTIONARY
  360
30E
  102
}
  102
{ACAD_REACTORS
  330
95
  102
}
  330
95
  100
AcDbVisualStyle
  2
Gouraud
  70
2
  71
2
  72
2
  73
1
  90
2
  40
-0.6
  41
30
  62
5
  63
7
  421
16777215
  74
0
  91
0
  64
7
  65
257
  75
1
  175
1
  42
1
  92
0
  66
7
  43
1
  76
1
  77
6
  78
2
  67
7
  79
5
  170
0
  171
0
  290
0
  174
0
  93
13
  44
0
  173
0
  291
0
  45
0
  1001
ACAD
  1000
AcDbSavedByObjectVersion
  1070
0
  0
VISUALSTYLE
  5
99
  102
{ACAD_XDICTIONARY
  360
310
  102
}
  102
{ACAD_REACTORS
  330
95
  102
}
  330
95
  100
AcDbVisualStyle
  2
GouraudWithEdges
  70
3
  71
2
  72
2
  73
1
  90
2
  40
-0.6
  41
30
  62
5
  63
7
  421
16777215
  74
1
  91
0
  64
7
  65
257
  75
1
  175
1
  42
1
  92
0
  66
257
  43
1
  76
1
  77
6
  78
2
  67
7
  79
5
  170
0
  171
0
  290
0
  174
0
  93
13
  44
0
  173
0
  291
0
  45
0
  1001
ACAD
  1000
AcDbSavedByObjectVersion
  1070
0
  0
VISUALSTYLE
  5
9D
  102
{ACAD_XDICTIONARY
  360
318
  102
}
  102
{ACAD_REACTORS
  330
95
  102
}
  330
95
  100
AcDbVisualStyle
  2
Hidden
  70
6
  71
1
  72
2
  73
2
  90
0
  40
-0.6
  41
-30
  62
5
  63
7
  421
16777215
  74
2
  91
2
  64
7
  65
257
  75
2
  175
1
  42
40
  92
0
  66
257
  43
1
  76
1
  77
6
  78
2
  67
7
  79
3
  170
0
  171
0
  290
0
  174
0
  93
1
  44
0
  173
0
  291
0
  45
0
  1001
ACAD
  1000
AcDbSavedByObjectVersion
  1070
0
  0
VISUALSTYLE
  5
170
  102
{ACAD_XDICTIONARY
  360
32A
  102
}
  102
{ACAD_REACTORS
  330
95
  102
}
  330
95
  100
AcDbVisualStyle
  2
JitterOff
  70
20
  71
2
  72
2
  73
0
  90
0
  40
-0.6
  41
-30
  62
5
  63
7
  421
16777215
  74
1
  91
4
  64
7
  65
257
  75
1
  175
1
  42
1
  92
10
  66
7
  43
1
  76
1
  77
6
  78
2
  67
7
  79
5
  170
0
  171
0
  290
0
  174
0
  93
1
  44
0
  173
0
  291
0
  45
0
  1001
ACAD
  1000
AcDbSavedByObjectVersion
  1070
0
  0
VISUALSTYLE
  5
A3
  102
{ACAD_XDICTIONARY
  360
324
  102
}
  102
{ACAD_REACTORS
  330
95
  102
}
  330
95
  100
AcDbVisualStyle
  2
Linepattern
  70
14
  71
2
  72
2
  73
1
  90
0
  40
-0.6
  41
-30
  62
5
  63
7
  421
16777215
  74
1
  91
4
  64
7
  65
257
  75
7
  175
7
  42
1
  92
8
  66
7
  43
1
  76
1
  77
6
  78
2
  67
7
  79
5
  170
0
  171
0
  290
0
  174
0
  93
1
  44
0
  173
0
  291
0
  45
0
  1001
ACAD
  1000
AcDbSavedByObjectVersion
  1070
0
  0
VISUALSTYLE
  5
171
  102
{ACAD_XDICTIONARY
  360
32C
  102
}
  102
{ACAD_REACTORS
  330
95
  102
}
  330
95
  100
AcDbVisualStyle
  2
OverhangOff
  70
21
  71
2
  72
2
  73
0
  90
0
  40
-0.6
  41
-30
  62
5
  63
7
  421
16777215
  74
1
  91
4
  64
7
  65
257
  75
1
  175
1
  42
1
  92
9
  66
7
  43
1
  76
1
  77
6
  78
2
  67
7
  79
5
  170
0
  171
0
  290
0
  174
0
  93
1
  44
0
  173
0
  291
0
  45
0
  1001
ACAD
  1000
AcDbSavedByObjectVersion
  1070
0
  0
VISUALSTYLE
  5
9F
  102
{ACAD_XDICTIONARY
  360
31C
  102
}
  102
{ACAD_REACTORS
  330
95
  102
}
  330
95
  100
AcDbVisualStyle
  2
Realistic
  70
8
  71
2
  72
3
  73
0
  90
2
  40
-0.6
  41
30
  62
5
  63
7
  421
16777215
  74
0
  91
0
  64
7
  65
257
  75
1
  175
1
  42
1
  92
8
  66
257
  43
1
  76
1
  77
6
  78
2
  67
7
  79
3
  170
0
  171
0
  290
0
  174
0
  93
13
  44
0
  173
0
  291
0
  45
0
  1001
ACAD
  1000
AcDbSavedByObjectVersion
  1070
0
  0
VISUALSTYLE
  5
17F
  102
{ACAD_XDICTIONARY
  360
338
  102
}
  102
{ACAD_REACTORS
  330
95
  102
}
  330
95
  100
AcDbVisualStyle
  2
Shaded
  70
27
  71
2
  72
2
  73
1
  90
2
  40
-0.6
  41
30
  62
5
  63
7
  421
16777215
  74
0
  91
4
  64
7
  65
257
  75
1
  175
1
  42
1
  92
8
  66
257
  43
1
  76
1
  77
6
  78
2
  67
8
  425
7895160
  79
3
  170
0
  171
0
  290
0
  174
0
  93
5
  44
0
  173
0
  291
0
  45
0
  1001
ACAD
  1000
AcDbSavedByObjectVersion
  1070
0
  0
VISUALSTYLE
  5
17E
  102
{ACAD_XDICTIONARY
  360
336
  102
}
  102
{ACAD_REACTORS
  330
95
  102
}
  330
95
  100
AcDbVisualStyle
  2
Shaded with edges
  70
26
  71
2
  72
2
  73
1
  90
2
  40
-0.6
  41
30
  62
5
  63
7
  421
16777215
  74
1
  91
2
  64
7
  65
257
  75
2
  175
1
  42
1
  92
8
  66
257
  43
1
  76
1
  77
6
  78
2
  67
7
  79
3
  170
0
  171
0
  290
0
  174
0
  93
5
  44
0
  173
0
  291
0
  45
0
  1001
ACAD
  1000
AcDbSavedByObjectVersion
  1070
0
  0
VISUALSTYLE
  5
17B
  102
{ACAD_XDICTIONARY
  360
330
  102
}
  102
{ACAD_REACTORS
  330
95
  102
}
  330
95
  100
AcDbVisualStyle
  2
Shades of Gray
  70
23
  71
2
  72
2
  73
3
  90
0
  40
-0.6
  41
-30
  62
5
  63
7
  421
16777215
  74
2
  91
2
  64
7
  65
7
  75
1
  175
1
  42
40
  92
8
  66
7
  43
1
  76
1
  77
6
  78
2
  67
7
  79
3
  170
0
  171
0
  290
0
  174
0
  93
1
  44
0
  173
0
  291
0
  45
0
  1001
ACAD
  1000
AcDbSavedByObjectVersion
  1070
0
  0
VISUALSTYLE
  5
17C
  102
{ACAD_XDICTIONARY
  360
332
  102
}
  102
{ACAD_REACTORS
  330
95
  102
}
  330
95
  100
AcDbVisualStyle
  2
Sketchy
  70
24
  71
1
  72
2
  73
2
  90
0
  40
-0.6
  41
-30
  62
5
  63
7
  421
16777215
  74
2
  91
2
  64
7
  65
7
  75
1
  175
1
  42
40
  92
11
  66
7
  43
1
  76
1
  77
6
  78
2
  67
7
  79
6
  170
0
  171
0
  290
0
  174
0
  93
1
  44
0
  173
0
  291
0
  45
0
  1001
ACAD
  1000
AcDbSavedByObjectVersion
  1070
0
  0
VISUALSTYLE
  5
A2
  102
{ACAD_XDICTIONARY
  360
322
  102
}
  102
{ACAD_REACTORS
  330
95
  102
}
  330
95
  100
AcDbVisualStyle
  2
Thicken
  70
13
  71
2
  72
2
  73
1
  90
0
  40
-0.6
  41
-30
  62
5
  63
7
  421
16777215
  74
1
  91
4
  64
7
  65
257
  75
1
  175
1
  42
1
  92
12
  66
7
  43
1
  76
1
  77
6
  78
2
  67
7
  79
5
  170
0
  171
0
  290
0
  174
0
  93
1
  44
0
  173
0
  291
0
  45
0
  1001
ACAD
  1000
AcDbSavedByObjectVersion
  1070
0
  0
VISUALSTYLE
  5
9C
  102
{ACAD_XDICTIONARY
  360
316
  102
}
  102
{ACAD_REACTORS
  330
95
  102
}
  330
95
  100
AcDbVisualStyle
  2
Wireframe
  70
5
  71
0
  72
2
  73
0
  90
0
  40
-0.6
  41
-30
  62
5
  63
7
  421
16777215
  74
1
  91
4
  64
7
  65
257
  75
1
  175
1
  42
1
  92
0
  66
257
  43
1
  76
1
  77
6
  78
2
  67
7
  79
3
  170
0
  171
0
  290
0
  174
0
  93
1
  44
0
  173
0
  291
0
  45
0
  1001
ACAD
  1000
AcDbSavedByObjectVersion
  1070
0
  0
VISUALSTYLE
  5
17D
  102
{ACAD_XDICTIONARY
  360
334
  102
}
  102
{ACAD_REACTORS
  330
95
  102
}
  330
95
  100
AcDbVisualStyle
  2
X-Ray
  70
25
  71
2
  72
2
  73
1
  90
1
  40
0.5
  41
-30
  62
5
  63
7
  421
16777215
  74
1
  91
0
  64
7
  65
257
  75
1
  175
1
  42
1
  92
8
  66
7
  43
1
  76
1
  77
6
  78
2
  67
7
  79
3
  170
0
  171
0
  290
0
  174
0
  93
13
  44
0
  173
0
  291
0
  45
0
  1001
ACAD
  1000
AcDbSavedByObjectVersion
  1070
0
  0
DICTIONARYVAR
  5
227
  102
{ACAD_REACTORS
  330
59
  102
}
  330
59
  100
DictionaryVariables
  280
0
  1
60.000000
  0
DICTIONARYVAR
  5
EB
  102
{ACAD_REACTORS
  330
59
  102
}
  330
59
  100
DictionaryVariables
  280
0
  1
1:1
  0
DICTIONARYVAR
  5
EA
  102
{ACAD_REACTORS
  330
59
  102
}
  330
59
  100
DictionaryVariables
  280
0
  1
STANDARD
  0
DICTIONARYVAR
  5
AB
  102
{ACAD_REACTORS
  330
59
  102
}
  330
59
  100
DictionaryVariables
  280
0
  1
STANDARD
  0
DICTIONARYVAR
  5
1B4
  102
{ACAD_REACTORS
  330
59
  102
}
  330
59
  100
DictionaryVariables
  280
0
  1
Imperial24
  0
DICTIONARYVAR
  5
1B5
  102
{ACAD_REACTORS
  330
59
  102
}
  330
59
  100
DictionaryVariables
  280
0
  1
Imperial24
  0
DICTIONARYVAR
  5
5A
  102
{ACAD_REACTORS
  330
59
  102
}
  330
59
  100
DictionaryVariables
  280
0
  1
2
  0
DICTIONARYVAR
  5
5E
  102
{ACAD_REACTORS
  330
59
  102
}
  330
59
  100
DictionaryVariables
  280
0
  1
1
  0
DICTIONARYVAR
  5
226
  102
{ACAD_REACTORS
  330
59
  102
}
  330
59
  100
DictionaryVariables
  280
0
  1
0
  0
DICTIONARYVAR
  5
14A
  102
{ACAD_REACTORS
  330
59
  102
}
  330
59
  100
DictionaryVariables
  280
0
  1
0
  0
DICTIONARYVAR
  5
14B
  102
{ACAD_REACTORS
  330
59
  102
}
  330
59
  100
DictionaryVariables
  280
0
  1
0
  0
DICTIONARYVAR
  5
224
  102
{ACAD_REACTORS
  330
59
  102
}
  330
59
  100
DictionaryVariables
  280
0
  1
2
  0
DICTIONARYVAR
  5
223
  102
{ACAD_REACTORS
  330
59
  102
}
  330
59
  100
DictionaryVariables
  280
0
  1
1
  0
DICTIONARYVAR
  5
225
  102
{ACAD_REACTORS
  330
59
  102
}
  330
59
  100
DictionaryVariables
  280
0
  1
127
  0
DICTIONARYVAR
  5
228
  102
{ACAD_REACTORS
  330
59
  102
}
  330
59
  100
DictionaryVariables
  280
0
  1
2
  0
DICTIONARY
  5
309
  102
{ACAD_REACTORS
  330
307
  102
}
  330
307
  100
AcDbDictionary
  281
1
  0
DICTIONARY
  5
308
  102
{ACAD_REACTORS
  330
307
  102
}
  330
307
  100
AcDbDictionary
  281
1
  3
1654967913120
  350
302
  3
1654967913136
  350
303
  3
1654967913152
  350
304
  3
1654967913168
  350
305
  3
1654967913184
  350
306
  0
DICTIONARY
  5
33C
  330
1A9
  100
AcDbDictionary
  280
1
  281
1
  3
ACAD_XREC_ROUNDTRIP
  360
33D
  0
DICTIONARY
  5
191
  330
22
  100
AcDbDictionary
  280
1
  281
1
  0
DICTIONARY
  5
185
  330
93
  100
AcDbDictionary
  280
1
  281
1
  3
FBXASSET
  360
186
  0
DICTIONARY
  5
183
  330
92
  100
AcDbDictionary
  280
1
  281
1
  3
FBXASSET
  360
184
  0
DICTIONARY
  5
10B
  330
94
  100
AcDbDictionary
  280
1
  281
1
  3
BUMPTILE
  360
10D
  3
DIFFUSETILE
  360
10C
  3
FBXASSET
  360
187
  3
OPACITYTILE
  360
10E
  3
REFLECTIONTILE
  360
10F
  0
DICTIONARY
  5
33A
  330
1A7
  100
AcDbDictionary
  280
1
  281
1
  3
ACAD_XREC_ROUNDTRIP
  360
33B
  0
DICTIONARY
  5
FF
  330
A7
  100
AcDbDictionary
  280
1
  281
1
  3
ACAD_ROUNDTRIP_2008_TABLESTYLE_CELLSTYLEMAP
  360
300
  0
DICTIONARY
  5
314
  330
9B
  100
AcDbDictionary
  280
1
  281
1
  3
ACAD_XREC_ROUNDTRIP
  360
315
  0
DICTIONARY
  5
312
  330
9A
  100
AcDbDictionary
  280
1
  281
1
  3
ACAD_XREC_ROUNDTRIP
  360
313
  0
DICTIONARY
  5
320
  330
A1
  100
AcDbDictionary
  280
1
  281
1
  3
ACAD_XREC_ROUNDTRIP
  360
321
  0
DICTIONARY
  5
328
  330
A5
  100
AcDbDictionary
  280
1
  281
1
  3
ACAD_XREC_ROUNDTRIP
  360
329
  0
DICTIONARY
  5
31A
  330
9E
  100
AcDbDictionary
  280
1
  281
1
  3
ACAD_XREC_ROUNDTRIP
  360
31B
  0
DICTIONARY
  5
31E
  330
A0
  100
AcDbDictionary
  280
1
  281
1
  3
ACAD_XREC_ROUNDTRIP
  360
31F
  0
DICTIONARY
  5
32E
  330
172
  100
AcDbDictionary
  280
1
  281
1
  3
ACAD_XREC_ROUNDTRIP
  360
32F
  0
DICTIONARY
  5
326
  330
A4
  100
AcDbDictionary
  280
1
  281
1
  3
ACAD_XREC_ROUNDTRIP
  360
327
  0
DICTIONARY
  5
30A
  330
96
  100
AcDbDictionary
  280
1
  281
1
  3
ACAD_XREC_ROUNDTRIP
  360
30B
  0
DICTIONARY
  5
30C
  330
97
  100
AcDbDictionary
  280
1
  281
1
  3
ACAD_XREC_ROUNDTRIP
  360
30D
  0
DICTIONARY
  5
30E
  330
98
  100
AcDbDictionary
  280
1
  281
1
  3
ACAD_XREC_ROUNDTRIP
  360
30F
  0
DICTIONARY
  5
310
  330
99
  100
AcDbDictionary
  280
1
  281
1
  3
ACAD_XREC_ROUNDTRIP
  360
311
  0
DICTIONARY
  5
318
  330
9D
  100
AcDbDictionary
  280
1
  281
1
  3
ACAD_XREC_ROUNDTRIP
  360
319
  0
DICTIONARY
  5
32A
  330
170
  100
AcDbDictionary
  280
1
  281
1
  3
ACAD_XREC_ROUNDTRIP
  360
32B
  0
DICTIONARY
  5
324
  330
A3
  100
AcDbDictionary
  280
1
  281
1
  3
ACAD_XREC_ROUNDTRIP
  360
325
  0
DICTIONARY
  5
32C
  330
171
  100
AcDbDictionary
  280
1
  281
1
  3
ACAD_XREC_ROUNDTRIP
  360
32D
  0
DICTIONARY
  5
31C
  330
9F
  100
AcDbDictionary
  280
1
  281
1
  3
ACAD_XREC_ROUNDTRIP
  360
31D
  0
DICTIONARY
  5
338
  330
17F
  100
AcDbDictionary
  280
1
  281
1
  3
ACAD_XREC_ROUNDTRIP
  360
339
  0
DICTIONARY
  5
336
  330
17E
  100
AcDbDictionary
  280
1
  281
1
  3
ACAD_XREC_ROUNDTRIP
  360
337
  0
DICTIONARY
  5
330
  330
17B
  100
AcDbDictionary
  280
1
  281
1
  3
ACAD_XREC_ROUNDTRIP
  360
331
  0
DICTIONARY
  5
332
  330
17C
  100
AcDbDictionary
  280
1
  281
1
  3
ACAD_XREC_ROUNDTRIP
  360
333
  0
DICTIONARY
  5
322
  330
A2
  100
AcDbDictionary
  280
1
  281
1
  3
ACAD_XREC_ROUNDTRIP
  360
323
  0
DICTIONARY
  5
316
  330
9C
  100
AcDbDictionary
  280
1
  281
1
  3
ACAD_XREC_ROUNDTRIP
  360
317
  0
DICTIONARY
  5
334
  330
17D
  100
AcDbDictionary
  280
1
  281
1
  3
ACAD_XREC_ROUNDTRIP
  360
335
  0
XRECORD
  5
302
  102
{ACAD_REACTORS
  330
308
  102
}
  330
308
  100
AcDbXrecord
  280
1
  1
AcDb_Thumbnail_Schema
  102
{ATTRRECORD
  341
303
  2
AcDbDs::TreatedAsObjectData
  280
1
  291
0
  102
ATTRRECORD}
  102
{ATTRRECORD
  341
304
  2
AcDbDs::Legacy
  280
1
  291
0
  102
ATTRRECORD}
  2
AcDbDs::ID
  280
10
  91
8
  102
{ATTRRECORD
  341
305
  2
AcDs:Indexable
  280
1
  291
0
  102
ATTRRECORD}
  102
{ATTRRECORD
  341
306
  2
AcDbDs::HandleAttribute
  280
7
  282
1
  102
ATTRRECORD}
  2
Thumbnail_Data
  280
15
  91
0
  0
XRECORD
  5
303
  102
{ACAD_REACTORS
  330
308
  102
}
  330
308
  100
AcDbXrecord
  280
1
  1
AcDbDs::TreatedAsObjectDataSchema
  2
AcDbDs::TreatedAsObjectData
  280
1
  91
0
  0
XRECORD
  5
304
  102
{ACAD_REACTORS
  330
308
  102
}
  330
308
  100
AcDbXrecord
  280
1
  1
AcDbDs::LegacySchema
  2
AcDbDs::Legacy
  280
1
  91
0
  0
XRECORD
  5
305
  102
{ACAD_REACTORS
  330
308
  102
}
  330
308
  100
AcDbXrecord
  280
1
  1
AcDbDs::IndexedPropertySchema
  2
AcDs:Indexable
  280
1
  91
0
  0
XRECORD
  5
306
  102
{ACAD_REACTORS
  330
308
  102
}
  330
308
  100
AcDbXrecord
  280
1
  1
AcDbDs::HandleAttributeSchema
  2
AcDbDs::HandleAttribute
  280
7
  91
1
  284
1
  0
XRECORD
  5
33D
  102
{ACAD_REACTORS
  330
33C
  102
}
  330
33C
  100
AcDbXrecord
  280
1
  102
DISPLAYNAME
  1
Imperial24
  102
FLAGS
  90
0
  0
XRECORD
  5
186
  102
{ACAD_REACTORS
  330
185
  102
}
  330
185
  100
AcDbXrecord
  280
1
  70
1
  90
429727718
  1
7581DE8E-A623-425F-9BF4-B3F4BE6C4F9A
  310
504B03040A0000080000AC70623B3DEE336E79000000790000001B0000006175746F6465736B2D64657369676E2D7061636B6167652E786D6C3C3F786D6C2076657273696F6E3D22312E302220656E636F64696E673D227574662D3822203F3E3C666F726D6174733E3C666F726D61743E687474703A2F2F736368656D612E
  310
6175746F6465736B2E636F6D2F64657369676E2D7061636B6167652F323030393C2F666F726D61743E3C2F666F726D6174733E504B0304140006080800AC70623BD486FD9CA0000000F4000000130000005B436F6E74656E745F54797065735D2E786D6C7D8EC10E82300C865F65E91D8A1E8C310C0EEA1BF002731658846E
  310
D98AC1B77784ABF1D8FE5FBFBF75BBCE937A534CCEB38643598122B6FEE978D0B0485F9C41B54DDD7D022595594E1A469170414C76A4D9A4D207E29CF43ECE46F218070CC6BECC4078ACAA135ACF422C856C0E68EA1BF5669944DDD7BCDE7B1F8E415D77AECB980613C2E4AC91FC167A2B244592486606FC29C8FD7F045B9A
  310
EF7053A7E60B504B0304140006080800AC70623B9A2F3B5FEC0000007C01000008000000636F72652E786D6C8D90416E83301045AF62CDB632D8040820E328B4E204BD80653BC44AB011B6AB1EBF262152BBEB6A467FFE9B197D76FA9EEFE84BAFDE38DB03CD08206DA553C64E3DC470C10DA01367AB73E1970D9015B3EE61
  310
9381B3697571D925E96CD03624D53AA5775178AF0320794F4D0F5E5EF52C32114372F85BB608791393CEE8AB4B708C46A1E711A3D23E73317A055E0D4D53D6C71A9FC7A1C6657D18703354232ECFED4731B6B43CBED72CDF60CE82995FF7E5AA45D00A7841488B29C5A4F8A46547AAAEA8DE48D311C2F2CDFE078A8BFA2714
  310
8D0D87627FF78979E0343DF21870966F59A4F2082AD52D37FE03504B0304140006080800AC70623B55019EA25F0000007C00000007000000636E782E786D6C4DCB3B0E80201045D1AD90E915ED2CF8AC45050C11660C8261F98AB1B07AC9C97D42D718D865D3E909258CFD00CCE24AC6E326A164D74DC0B4128928FF326038
  310
472BA13128B1252AC747C6BAB984FC68F0B87FE8960A5C09FE86CFB69FBA01504B0304140006080800AC70623B6E137E0172010000D40300000C0000006662782F636F72652E786D6CC5535B6E833010BC8AE5DF0A6C0810121947A1554ED00B38E05014B091B1518EDFE511A5A9D22AFD2A1F60CDEC7A67C698ED2E6D8306
  310
69FA5AAB0C073EC548AA4297B5AA32ECECC94B31DA7166B4B65FCA3052A295191E61CC5965B4EB16A8D0CA4A650155BA940B28FA5E5A8C8A061619EE8B0FD90A5F380B15FDD9EF44711695F4031F68A8E3ACB70604A079C8F8C6FC74BC3032E39C3957970B5B9730AD3ED5D2601EE7691A25EBC4DB1FF2C48B9255EEA5797C
  310
F0A2FDE62D3C6C8268FD9A3032367366EBF6AAAE30525859621E52BAF182C0A3E17B106D69BC0DE3179A6E2965642CBF6B725DF96493AB955D858BDCB9ADC73C002113F1CD2D4464512F06D04338236388F09912BE0F1A028190AD3836571F67800659586D22604AED6ED4201A27612AF5E9F4A09F178CCC9D3075DA1C5C3F
  310
9C113E3DE3F71DE1A885AAC084B0B03C3A3BEA64B38625B44E1A6FB017A4B46945F39C8D5F1CFE89BA897F28A9D08D36FFA5882C074496DF838CF7917F02504B0304140006080800AC70623BE001BAC07D0000009D0000000B0000006662782F636E782E786D6C4DCCD10AC2201886E15B91FFDCA6536B037548D87D8CE686
  310
E4344CA3CB6F8B1D74F4C1C3C72B87CF1AD0DBE5974F51013D11402EDED3E4E3A2A096197780062D734AE5EF06288EAB53B03368B9E4549F074D6E1E6B289B061F1F07124689687987B9601C7373BD60C36E065B6A6DDF7341A93843A365F32B6DBB87F517504B0304140006080800AC70623B8E5068122901000012020000
  310
310000006662782F30333130353234382D343533342D344143372D413346412D4531454539393435313135362F636F72652E786D6C8D515B6EC32010BC0AE22B55850D364E93081345557A825E801892A2C460F1A872FC2EB523B57FF961D1EECCECECAED8DFC71BFA36215AEF7ACC2A8A917183D7D65D7A9CD3996C30DA4B
  310
11BC4F7F601839359A1E973496E2127C9E96D4E05D322E41D6796D96A48AD1248C861B7C7A1C872F33AA4AE5048878AD26355CD5C554AC8232E0A4882980013437292F96B465B46BF886F0AEE5841FDEDFC8A1FD3890233B1EB75BDE31D6AD453D13A5C8D9EA856E35D8B1676BC2B322852C45B2E3C3FE108C4A4663D950BA
  310
258C11DA7C32BEA3DDAEE95EE96647A9A80BFC1F294FFA4952B62EB5CD6277A6452C99A8E78214DAE7D3ED61C6DC271F122AFD56D10C2F305545CB6A60FC1908E383E29A2F8A31F900EB5D5D4F8065DD2CBBE652D4E542107ECF07B15C53FE00504B0304140006080800AC70623B503B51794E010000330300003000000066
  310
62782F30333130353234382D343533342D344143372D413346412D4531454539393435313135362F636E782E786D6CD593C16EC32010447F0571AD6CE3D489D20813A9877E410FBD62D82434182CC055F3F75D1292E692438FBD206B7698593D61BEFD1E2DF982108D773D6D6B460938E5B571FB9ECE6957AD29D90A1EBC4F
  310
77364A9C1CA1A759A682EF839FA72269D8C9D92654AD71C72206887E0E0A22CAF926B15E498B01E0AA19451807D01A34B919F16B070157417138917400F2F6FA41FCF0092A45DEE414C19BDC21783E4BD39D891265658C3D8DEA00A3ACE59CBC8678ACB54CB26EEB6BD7839D7E9348BE70AD9C8321B9BCA7F9A4A26C542347
  310
DEE050F09802D22BA6749A800A394DD62899107273365E3C82CFC6A55557BC06C10774B7ABE7AEC3B0F34CF06446280E154026D0542C187BA9DAB6628BF7B6DBB0E566B17C62EB0D63BCC976C107EF6DB9843110FC449477095CA2A2E54D1E3FC2577C449B80AC7D38FD01240228AD173AB78CFFCCA739BF6FC415F02F103F
  310
504B0304140006080800AC70623B38FA165F680500003C100000340000006662782F30333130353234382D343533342D344143372D413346412D4531454539393435313135362F6F626A656374732E786D6CAD575D6FA33814FD2B887D0E8424EDB42BCAA8499A2A1A756634D18CF6A15264C0A16CC146B6E9A4FBEBF7180C
  310
019276B21F7908D8D8F7F3DCE36BFFE33ECFAC172A64CAD98DED3963DBA22CE271CA921BBB54BBD1956D7D0C7CC1B9EA2CB32D46727A63EB693BF013C1CBC24CC57447CA4C0D6657F33F2C1951466D2BCA889437B68C9E684E1C522A1E53F9ECC4441127D9ED1DCFA917F6C52682144F03A105119429588A790629566D94D7
  310
1F8E6D37F05DFD3DF0F5BF59357D7B955BF9D3D79F32A9088B8E940DC44CBDD9F26E72713DBA98CDA6A3D9E5C41BCD57F3E5C8FB301D2F2E178BEBDBBB6B28964A4092B144D09D1DDC2336228D7CB7FED45A6C0C3F6552C419A351E53F3CAC6C3612635A5016238F2995D0D6F17ADC1F7A3A369DCF533D362ABBD3E779D5DD
  310
D111D4D8DE3CBB96F2F04FB820CF41859054A3AA8E8F71B4C6DFF810B590F3CC7C4BA5951345454A322B4B4341C4AB1D60A95E12F83D311A9D42235C7B6007DE415ED75694C6AFB17BCACA5D99651A9A7650217B0BFC53252BCBD2BFA838AD0D36215765CAD4957148BD16D40EAE7DB79A0C7CFD984ECCC73A90D62E230952
  310
0E37EBAF034717BAF6D64B3BF8B40AF71B5D8FA79517821754280D1F40AB495CF3D451326ABDB332A737C0995ECC0F41F986C87F46F91E4C41DE44BA9FED67468B1284C91D173972E38CAB9F356E5E46EDDBF10BF86CB0FA784D3BF3AF16FB6E6B6C9F30DECA1FC0A55373F5DFF3D78F5917A99DF405FE0B0A8C8BA909E526
  310
2219A8E72165488806A595714C81CB77E1DE0ED6604A303B76912C680372F4E2BB2FF88EFF5A36D8AA52DF79322474C0B767303F625995056C7B032C473C592936CEBD15F38BFFA5666E979B4F9B52EC48441F0CB12CE92E65A9C2D979006FD7A05E227A1E3DD3D79F5CC470F438099B6E1272A34A22DA3AE63AF0497358E8
  310
C141734F41847D09D79CE7FF42C3432A239A6584515E365ADA634863B52519D327A00AEB804E2703140BFA92EA4EA2B7A26716CEFA48A4850E597BE8B53CEDBCE1CBF7F56780D20EE6AF73A0F5F9B02A3CD07DC4332EB6E1EBB666421BE0C39E3EBA7FF4E16D22EA6A29407C85E586724C88B771BADB9512BC7B228A3FD68B
  310
6EA65A22397E690AA8D158D7E40CEC8CDA23C2C0B7D1898640101CEC9C6D531CE328CB93CABBBA870A6425F70DF96199175B92F392A973C2346EFC69AC6F8577BB18F993A8E8C90E36D573340765C7343EA4AA87027D049DF0A9979E0F1757DEF2EEEA6E747B39412B35B9588DAEE7ABD9683E5DCDE677978BD9EAFAB6B5A8
  310
B224F09B13AA5B8388264E44BF14A909F3F7F5A16CEDE08128E9DED705E526F5F3FBDA415BECBBD80380B71BD77991D19C3245347C1FF44BF68DA0ABE8C9A8E7D73949E81952BEDC6F063660E68C7D5F75A9D19F83BD6676A16BE1A410F554E621236936D8681C770A9618B79B50B6CF9AD19BA11E9978A20F953C4B63104E
  310
6C2594E7548176CE607B915309C474BBF2D8DC1ECED8FD52F7838A84196D2C79226889330954036E65A4FAF3D66F68E174177563E3B0739EF1670AD1B690EA1B1BFCA6D2884A27C4F1A81B9F4A3820802EAC2541408DB02443675D6F6AC7ED2E1D1BD00F4E40A3BF5D724EB764FCEA116F4E8A02A7768F562BDB8C82E81F39
  310
DE98631185D7B054AD2F8789D6994A0D2AAB76CADC0DD0423C1BD57BD4D7FB6E794EB5A61791B3EE49EF82A0963A524424D5BD40DB674CBA5D7E75D10A58EB2F569195097279BEA491A00073A90B1C28022A8CCC82284075F1FBE357C17117CDAD550A083C2E789E736606B7E62E6B6D9E70338D1F410B545F3FE464EC798F
  310
55D76F2E22DB9048EA90583E63A22938EDC1006B00E4D1716A52E0EA1C0C96AF9796393066105A81F6A829ADAFE1168A47DF1C75A974C9B278B7F177ABA5008340CB1EFC0D504B0304140006080000AC70623B000000000000000000000000350000006662782F30333130353234382D343533342D344143372D413346412D
  310
4531454539393435313135362F76657274696365732E62696E504B0304140006080800AC70623BF270F1330600000004000000360000006662782F30333130353234382D343533342D344143372D413346412D4531454539393435313135362F747269616E676C65732E62696E636660600000504B0304140006080000AC70
  310
623B000000000000000000000000370000006662782F30333130353234382D343533342D344143372D413346412D4531454539393435313135362F617474726962757465732E62696E504B0304140006080800AC70623B08DA0BD19000000041010000360000006662782F30333130353234382D343533342D344143372D41
  310
3346412D4531454539393435313135362F6469726563746F72792E786D6C858F410AC3201045AF22B36F53E9A60B35CBEEBAE80D244E44489C6234F4F835464A48035D0DF398FF9F8AF63D0E6CC63039F212F8F9020C7D47C6792B21C5FE7403D62A1188E2E60C98D7234A5830286103A55745067B9D86B8A3CF9C7F90C11D
  310
E607FB144396D7B6A82D282E9A152AD114D5EF2CB866EEE831B8EEA07A7BB5A8D7D61A2BAAEB7FD5F70921FF497D00504B0304140006080800AC70623BF2C5666EFF000000A00100003B0000006662782F30333130353234382D343533342D344143372D413346412D4531454539393435313135362F7265736F7572636573
  310
2F636F72652E786D6C8D504B6E833010BD0A9A6D65B00910888CA3D02A27E8052C33A156821DF953F5F8B5132AB5BB6E6646EFA3797AFCF8B5DE8A4F745E5B33022B291468949DB5594688E1427A288E823B6BC32F191446AE38428641F0C5D978DF20654D4013126AEC8C1B28BDC70085BAA56304AF3E7095A58C2129FCB5
  310
BC4B75950B96AC4C74D209EE834B018AE7933C4138F4363A859E574F56F018F5BC69F49C7EEA8B4607A29DFABEE9F62D399DA78E34DD6E22FDD49E49731ADEEAF3C09AFD6BC7AB6C163CE8F527A3722803CE206A4A07C218A1F53B6B0EB43DD4ED0BED0F94F22ACBFF98E27DFEA7296A1376F516F769F320580AF22004AF72
  310
5F693DCA4C3B772BBE01504B010214000A0000080000AC70623B3DEE336E79000000790000001B00000000000000000000000000000000006175746F6465736B2D64657369676E2D7061636B6167652E786D6C504B01021400140006080800AC70623BD486FD9CA0000000F40000001300000000000000000000000000B200
  310
00005B436F6E74656E745F54797065735D2E786D6C504B01021400140006080800AC70623B9A2F3B5FEC0000007C010000080000000000000000000000000083010000636F72652E786D6C504B01021400140006080800AC70623B55019EA25F0000007C000000070000000000000000000000000095020000636E782E786D
  310
6C504B01021400140006080800AC70623B6E137E0172010000D40300000C00000000000000000000000000190300006662782F636F72652E786D6C504B01021400140006080800AC70623BE001BAC07D0000009D0000000B00000000000000000000000000B50400006662782F636E782E786D6C504B010214001400060808
  310
00AC70623B8E506812290100001202000031000000000000000000000000005B0500006662782F30333130353234382D343533342D344143372D413346412D4531454539393435313135362F636F72652E786D6C504B01021400140006080800AC70623B503B51794E010000330300003000000000000000000000000000D3
  310
0600006662782F30333130353234382D343533342D344143372D413346412D4531454539393435313135362F636E782E786D6C504B01021400140006080800AC70623B38FA165F680500003C10000034000000000000000000000000006F0800006662782F30333130353234382D343533342D344143372D413346412D4531
  310
454539393435313135362F6F626A656374732E786D6C504B01021400140006080000AC70623B0000000000000000000000003500000000000000000000000000290E00006662782F30333130353234382D343533342D344143372D413346412D4531454539393435313135362F76657274696365732E62696E504B01021400
  310
140006080800AC70623BF270F133060000000400000036000000000000000000000000007C0E00006662782F30333130353234382D343533342D344143372D413346412D4531454539393435313135362F747269616E676C65732E62696E504B01021400140006080000AC70623B0000000000000000000000003700000000
  310
000000000000000000D60E00006662782F30333130353234382D343533342D344143372D413346412D4531454539393435313135362F617474726962757465732E62696E504B01021400140006080800AC70623B08DA0BD1900000004101000036000000000000000000000000002B0F00006662782F30333130353234382D
  310
343533342D344143372D413346412D4531454539393435313135362F6469726563746F72792E786D6C504B01021400140006080800AC70623BF2C5666EFF000000A00100003B000000000000000000000000000F1000006662782F30333130353234382D343533342D344143372D413346412D453145453939343531313536
  310
2F7265736F75726365732F636F72652E786D6C504B0506000000000E000E0080040000671100000000
  0
XRECORD
  5
184
  102
{ACAD_REACTORS
  330
183
  102
}
  330
183
  100
AcDbXrecord
  280
1
  70
1
  90
429727718
  1
778E3A9F-1AF3-452F-85C1-1BC15BD3F630
  310
504B03040A0000080000AC70623B3DEE336E79000000790000001B0000006175746F6465736B2D64657369676E2D7061636B6167652E786D6C3C3F786D6C2076657273696F6E3D22312E302220656E636F64696E673D227574662D3822203F3E3C666F726D6174733E3C666F726D61743E687474703A2F2F736368656D612E
  310
6175746F6465736B2E636F6D2F64657369676E2D7061636B6167652F323030393C2F666F726D61743E3C2F666F726D6174733E504B0304140006080800AC70623BD486FD9CA0000000F4000000130000005B436F6E74656E745F54797065735D2E786D6C7D8EC10E82300C865F65E91D8A1E8C310C0EEA1BF002731658846E
  310
D98AC1B77784ABF1D8FE5FBFBF75BBCE937A534CCEB38643598122B6FEE978D0B0485F9C41B54DDD7D022595594E1A469170414C76A4D9A4D207E29CF43ECE46F218070CC6BECC4078ACAA135ACF422C856C0E68EA1BF5669944DDD7BCDE7B1F8E415D77AECB980613C2E4AC91FC167A2B244592486606FC29C8FD7F045B9A
  310
EF7053A7E60B504B0304140006080800AC70623BFD5588D4EC0000007C01000008000000636F72652E786D6C8D90416EC3201045AF82665B6103891DC7C24471939CA01740405C94182C03558F5F9C3852BBEB6A467FFE9B197D7EF81EEFE8CBCCC17AD7012D0820E394D7D60D1DA478C50DA083E0B3F7F1970D9093A3E960
  310
9141F061F6695A25E55D342E66D5796D56518660222075CF4D07417D9A511632C5EC08B76292EA260753D05797E194AC46CF2356E77DF66ACD0C62C768BD63971E5727D2E06DDF9C71BF7B3FE10BABF79BFA488FE4DCF07281058F767CDD57B391D168108C903DA61413F641B72DA95A56BD91A62584978BFD0F9426FD4F28
  310
5917376C7DF7890510343FF218085E2E59E4F2082AD72537F103504B0304140006080800AC70623B55019EA25F0000007C00000007000000636E782E786D6C4DCB3B0E80201045D1AD90E915ED2CF8AC45050C11660C8261F98AB1B07AC9C97D42D718D865D3E909258CFD00CCE24AC6E326A164D74DC0B4128928FF326038
  310
472BA13128B1252AC747C6BAB984FC68F0B87FE8960A5C09FE86CFB69FBA01504B0304140006080800AC70623BB5D38BAD72010000D40300000C0000006662782F636F72652E786D6CC553DB8E823014FC95A6AF1B68C11B9A52A3AB7EC1FE4085CA36424B4A4BFCFC3D5C8CEBC635EED3F200CDCC393D3353CAD697AA44AD
  310
B48D323AC5514831923A33B9D2458ABD3B0509466BCEAC31EE5B19465A5432C51D8C392BACF1F50865463BA91DA0DAE4720445D348875156C222C54DF6292B110AEFA0A23987B5C8CEA2906114020D759C35CE8200340CE9DE989F8E1746069C33EF553EB22A8769EAA4A4C57C1147F3457CD806B31D4D82E936D907DBC5FB
  310
2E38C4F3E564BE8936749F30D23573E65475559759299CCC318F295D065114D0F8239AAEE86C15CFDE68B2A29491AEFCAEC9D7F98B4D5E69378947B9435B837904427AE2875B88C8A146B4A0877046BA10E1D3277C1F340402213B712CAF3ECE00B53273C64E81C98DBF51AD28BD84A934A4FD837E5F303274C2D47E7370FD
  310
7046FCF28CE73BC2510B5D8009E16079F4AED3C9060D6368B5B441EB2E481B5B89F2351B4F1CFE89BA897F282933A5B1FFA5888C0744C6DF8374F7917F01504B0304140006080800AC70623B09885E1C7E0000009D0000000B0000006662782F636E782E786D6C4DCCDF0A83201C86E15B91DFB9CBA6FD11D41063F711CB42
  310
663A9C8E5DFE6A74B0A30F1E3E5E317C368FDE36BD5C0C12EA0B0164C33DCE2EAC124A5E700F685022C598FF6E80C2B459090783126B8AE579D26C97A9F8BCAB77E17122E586D5843498B3EE8699D114F39E5E713D76EDA84DCBB569A052A2FA95F63DC2EA0B504B0304140006080800AC70623B961D28872A010000120200
  310
00310000006662782F33394334313030352D393437462D344341332D393833322D3144373644414336394143352F636F72652E786D6C8D515B6EC32010BC8AC557AA0A1BFC4A1C61A2C8514FD00B10435294182C1E558EDFA576A4F62F3F80666766875D76784CF7EC5B39AFADE911CD09CA9419ADD4E6DAA3182E7887B203
  310
67CEDAF08786322326D5A30423CEAECEC67985466B8232015063A55A41E1BD0A281BEFF0E8911FBFD42472110330FC2D9FC578135795D31CCAC0E3CC070701B2A5493A11AFBAA1A68434B8ABB71FB81E8E15EE765589E969DB9E8E43DB1D8786158B90B318B55CE55A421C7DD1CABD6A92C49C053D3DE38F4E89A024E22521
  310
1DA61493F293D67BD2ECCBE69DECF684B022D1FF89E22C5F14456D4255AE711799479CB2622970266D3CDF9F61D463B62E64A9DFC6ABF10D7192C35CCA0A040B11BE0F8E6DBD3AFA601D8C77733B0397C290926D5B7356A40DC1F5BB3EB8D336F90F504B0304140006080800AC70623B503B51794E01000033030000300000
  310
006662782F33394334313030352D393437462D344341332D393833322D3144373644414336394143352F636E782E786D6CD593C16EC32010447F0571AD6CE3D489D20813A9877E410FBD62D82434182CC055F3F75D1292E692438FBD206B7698593D61BEFD1E2DF982108D773D6D6B460938E5B571FB9ECE6957AD29D90A1E
  310
BC4F77364A9C1CA1A759A682EF839FA72269D8C9D92654AD71C72206887E0E0A22CAF926B15E498B01E0AA19451807D01A34B919F16B070157417138917400F2F6FA41FCF0092A45DEE414C19BDC21783E4BD39D891265658C3D8DEA00A3ACE59CBC8678ACB54CB26EEB6BD7839D7E9348BE70AD9C8321B9BCA7F9A4A26C54
  310
2347DEE050F09802D22BA6749A800A394DD62899107273365E3C82CFC6A55557BC06C10774B7ABE7AEC3B0F34CF06446280E154026D0542C187BA9DAB6628BF7B6DBB0E566B17C62EB0D63BCC976C107EF6DB9843110FC449477095CA2A2E54D1E3FC2577C449B80AC7D38FD01240228AD173AB78CFFCCA739BF6FC415F02F
  310
103F504B0304140006080800AC70623B2EA4D28F640500003C100000340000006662782F33394334313030352D393437462D344341332D393833322D3144373644414336394143352F6F626A656374732E786D6CAD575D739B3814FD2B0CFB6C30B1D3263B844E6CC71D4F376DA79E76F621331E01326103122389C4E9AFDF
  310
231018B09D7A3FFC609090EEE7B94757FE875D9E59CF54C894B31BDB73C6B64559C4E394253776A9B6A32BDBFA10F88273D559665B8CE4F4C6D6D376E027829785998AE99694991ACC2E677F5A32A28CDA569411296F6C193DD29C38A4543CA6F2C98989224EB2DD399E532FEC8B4D04291E07420B222853B014F30C52ACDA
  310
28AF3F1CDB6EE0BBFA7BE0EB7FB36A727A955BF9D3D79F32A9088B0E940DC44CBCE9E2EEE2F27A74399D4E46D37717DE68B69C2D46DEFBC978FE6E3EBFBEBDBB8662A90424194B04DDDAC147C446A491EFD69F5A8B8DE1C74C8A386334AAFC878795CD46624C0BCA62E431A512DA3A5E8FFB434FC7A6F379A2C7466577FA3C
  310
AFBA3B3A821ADB9B67D7521EFE0517E439A810926A54D5F1318ED6F81BEFA316729E996FA9B472A2A84849666569288878B5032CD54B02BF2746A35368846B0FECC0DBCBEBDA8AD2F835768F59B92DB34C43D30E2A646F807FAA646559FA938AE3DA60137255A64C5D1987D46B41EDE0DA77ABC9C0D78FC985F95807D2DA66
  310
2441CAE166FD75E0E85CD7DE6A61079F96E16EADEBF1B8F242F0820AA5E1036835896B9E3A4A46AD7756E6F40638D38BF93E28DF10F9CF28DFBD29C89B4877D3DDD468518230B9E522476E9C71F5B3C6CDCBA87D3B7C019F0D561FAE6967FED562DF6D8DED13C6A9FC015C3A3557FF3D7FFD987591DA495FE03FA3C0B89898
  310
50AE2392817AEE53868468505A19C714B87C1BEEEC6005A604B36317C9823620072FBEFB8CEFF8AF6583AD2AF59D274342077C7B06F323965559C0B6136039E0C94AB171EE54CC2FFF979AB95DAC3FAD4BB12511BD37C4B2A0DB94A50A67E71EBC5D837A89E879F4445F5FB888E1E86112D6DD24E4469544B475CC75E093E6
  310
B0D083BDE69E8208FB12AE39CFFF8586FB544634CB08A3BC6CB4B4C790C66A4B32A64F4015D6019D5C0C502CE873AA3B89DE8A9E5938EB2391163A64EDA1D7F2B473C297EFABCF00A51DCC5EFF20AF5DC20CF7741FF18C8B4DF8BAA999D006F8B0A78FEE1F7D789B88BA5A0A105F61B9A11C13E24D9C6EB7A504EF1E89E28F
  310
D5BC9BA996480E5F9A026A34D63539053BA3F68830F06D74A2211004073B679B14C738CAF2A8F2AEEEA10259C93D213F2CF36243725E32754E98C68D3F8DF5ADF06E17235F888A1EED605D3D473350764CE31309D547D0119F7AE979FFFEEA6E727BBD1C79B74BB4529717CBD1D5E5DC1B79B3B977395B4C96EF2638E6FA15
  310
D09C50DD1A44347122FAA5484D98BFAFF6656B07F74449F7635D506E523FBFAF1CB4C5BE8B3D0078BB71951719CD295344C3F75EBF64DF08BA8A9E8C7A7E9593849E21E5CBC7F5C006CC9CB1EFAB2E35FA32D86B66E7BA168E0A518F651E329266838DC671A7608971BB0965FBAC19BD19EA918927FA50C9B33406E1C45642
  310
794E1568E70CB6173995404CB72B8FCDEDE18CDDCF753FA84898D1C6924782963893403548A78C547FDEFA0D2D9CEEA26E6C1C76CE13FE4C21DA16527D6383DF541A51E984381E75E353090704D085B52408D0139664E8ACEB4DEDB8DDA56303FAC10968F4B74BCEE9968C5F3DE2CD4951E0D4EED16A659B5110FD23C71B73
  310
2CA2F01A96AAF5653FD13A53A909C03570A77DA0857832AA77A8AFB7DDF29C6A4D2F2267DD93DE04412D75A48848AA7B810EBA31E976F1D5452B60ADBE58455626C8E5F992468202CCA52E70A008A830320BA200D5F9EF0F5F05C75D34B7962920F030E779CE9919DC9ABBACB57EC4CD347E002D507DFD901763CF7BA8BA7E
  310
7311D984445287C4F209134DC1690F065803200F8E53733D73750E06CB570BCB1C185308AD407BD094D6D7700BC5A36F8EBA54BA6459BCD9F8BBD552A040A0650FFE06504B0304140006080000AC70623B000000000000000000000000350000006662782F33394334313030352D393437462D344341332D393833322D3144
  310
373644414336394143352F76657274696365732E62696E504B0304140006080800AC70623BF270F1330600000004000000360000006662782F33394334313030352D393437462D344341332D393833322D3144373644414336394143352F747269616E676C65732E62696E636660600000504B0304140006080000AC70623B
  310
000000000000000000000000370000006662782F33394334313030352D393437462D344341332D393833322D3144373644414336394143352F617474726962757465732E62696E504B0304140006080800AC70623B08DA0BD19000000041010000360000006662782F33394334313030352D393437462D344341332D393833
  310
322D3144373644414336394143352F6469726563746F72792E786D6C858F410AC3201045AF22B36F53E9A60B35CBEEBAE80D244E44489C6234F4F835464A48035D0DF398FF9F8AF63D0E6CC63039F212F8F9020C7D47C6792B21C5FE7403D62A1188E2E60C98D7234A5830286103A55745067B9D86B8A3CF9C7F90C11DE607
  310
FB144396D7B6A82D282E9A152AD114D5EF2CB866EEE831B8EEA07A7BB5A8D7D61A2BAAEB7FD5F70921FF497D00504B0304140006080800AC70623B95BFD5E5FE000000A00100003B0000006662782F33394334313030352D393437462D344341332D393833322D3144373644414336394143352F7265736F75726365732F63
  310
6F72652E786D6C8D50596E833010BD0A9ADFCA603B1B41C611699213F40296992456828DBC543D7E4DA052FBD79F99D15B344F4F1CBE8667F1893E18675B60258502AD76BDB1B71652BC921A8A8314DEB9F84B06855503B630C120C5CDBB342E907636A28D19B5AEC70554216084423FF3D142D0771C54A952CC8AF02847A5
  310
1FEA86252B339D755284E87380627E324D901E834B5E6310D5CC4A9192E9178DE9F34F7335E841EE38DBEEF8A5239B13ADC9FA589FC971F77E2217BEDDAFB61DEBE8B916D56496229AE127A3F6A822F62039A57BC218A1FC83AD1BBA69F8E68DD60DA5A29AE47F4C69ECFF694AC6C6155FE2CEB60092E5202F428A6AEA2BAF
  310
5799794FDDCA6F504B010214000A0000080000AC70623B3DEE336E79000000790000001B00000000000000000000000000000000006175746F6465736B2D64657369676E2D7061636B6167652E786D6C504B01021400140006080800AC70623BD486FD9CA0000000F40000001300000000000000000000000000B20000005B
  310
436F6E74656E745F54797065735D2E786D6C504B01021400140006080800AC70623BFD5588D4EC0000007C010000080000000000000000000000000083010000636F72652E786D6C504B01021400140006080800AC70623B55019EA25F0000007C000000070000000000000000000000000095020000636E782E786D6C504B
  310
01021400140006080800AC70623BB5D38BAD72010000D40300000C00000000000000000000000000190300006662782F636F72652E786D6C504B01021400140006080800AC70623B09885E1C7E0000009D0000000B00000000000000000000000000B50400006662782F636E782E786D6C504B01021400140006080800AC70
  310
623B961D28872A0100001202000031000000000000000000000000005C0500006662782F33394334313030352D393437462D344341332D393833322D3144373644414336394143352F636F72652E786D6C504B01021400140006080800AC70623B503B51794E010000330300003000000000000000000000000000D5060000
  310
6662782F33394334313030352D393437462D344341332D393833322D3144373644414336394143352F636E782E786D6C504B01021400140006080800AC70623B2EA4D28F640500003C1000003400000000000000000000000000710800006662782F33394334313030352D393437462D344341332D393833322D3144373644
  310
414336394143352F6F626A656374732E786D6C504B01021400140006080000AC70623B0000000000000000000000003500000000000000000000000000270E00006662782F33394334313030352D393437462D344341332D393833322D3144373644414336394143352F76657274696365732E62696E504B01021400140006
  310
080800AC70623BF270F133060000000400000036000000000000000000000000007A0E00006662782F33394334313030352D393437462D344341332D393833322D3144373644414336394143352F747269616E676C65732E62696E504B01021400140006080000AC70623B0000000000000000000000003700000000000000
  310
000000000000D40E00006662782F33394334313030352D393437462D344341332D393833322D3144373644414336394143352F617474726962757465732E62696E504B01021400140006080800AC70623B08DA0BD190000000410100003600000000000000000000000000290F00006662782F33394334313030352D393437
  310
462D344341332D393833322D3144373644414336394143352F6469726563746F72792E786D6C504B01021400140006080800AC70623B95BFD5E5FE000000A00100003B000000000000000000000000000D1000006662782F33394334313030352D393437462D344341332D393833322D3144373644414336394143352F7265
  310
736F75726365732F636F72652E786D6C504B0506000000000E000E0080040000641100000000
  0
XRECORD
  5
10D
  102
{ACAD_REACTORS
  330
10B
  102
}
  330
10B
  100
AcDbXrecord
  280
1
  270
1
  271
1
  0
XRECORD
  5
10C
  102
{ACAD_REACTORS
  330
10B
  102
}
  330
10B
  100
AcDbXrecord
  280
1
  270
1
  271
1
  0
XRECORD
  5
187
  102
{ACAD_REACTORS
  330
10B
  102
}
  330
10B
  100
AcDbXrecord
  280
1
  70
0
  90
1778669749
  1
7E355024-1ABF-47F9-966E-F2159FBE82AB
  310
504B03040A0000080000AC70623B3DEE336E79000000790000001B0000006175746F6465736B2D64657369676E2D7061636B6167652E786D6C3C3F786D6C2076657273696F6E3D22312E302220656E636F64696E673D227574662D3822203F3E3C666F726D6174733E3C666F726D61743E687474703A2F2F736368656D612E
  310
6175746F6465736B2E636F6D2F64657369676E2D7061636B6167652F323030393C2F666F726D61743E3C2F666F726D6174733E504B0304140006080800AC70623BD486FD9CA0000000F4000000130000005B436F6E74656E745F54797065735D2E786D6C7D8EC10E82300C865F65E91D8A1E8C310C0EEA1BF002731658846E
  310
D98AC1B77784ABF1D8FE5FBFBF75BBCE937A534CCEB38643598122B6FEE978D0B0485F9C41B54DDD7D022595594E1A469170414C76A4D9A4D207E29CF43ECE46F218070CC6BECC4078ACAA135ACF422C856C0E68EA1BF5669944DDD7BCDE7B1F8E415D77AECB980613C2E4AC91FC167A2B244592486606FC29C8FD7F045B9A
  310
EF7053A7E60B504B0304140006080800AC70623BDCE527C8EB0000007C01000008000000636F72652E786D6C8D90416EC3201045AF82665B6103B15DC7C24471249FA01740405C94182C03558F5F9C3852BBEB6A467FFE9B197D7EFA9EEFE8CBACC17AD7032D0820E394D7D64D3DA478C52DA093E0ABF7F1970D9093B3E961
  310
9341F069F569D925E55D342E66D5796D76518660222075CF4D0F417D9A591632C5EC08B76291EA262753D05797E194AC46CF2356E77DF66ACD0A621C9B73335C463C5E0E1457EC9DE2A1612D3E9233A92BD2D66333F07283058F767EDD57AB91D168108C9023A61413F641AB8ED41DABDF48DB11C2CBCDFE074A8BFE2794AC
  310
8B07B6BFFBC402089A1F790C042FB72C72790495EB969BF801504B0304140006080800AC70623B55019EA25F0000007C00000007000000636E782E786D6C4DCB3B0E80201045D1AD90E915ED2CF8AC45050C11660C8261F98AB1B07AC9C97D42D718D865D3E909258CFD00CCE24AC6E326A164D74DC0B4128928FF32603847
  310
2BA13128B1252AC747C6BAB984FC68F0B87FE8960A5C09FE86CFB69FBA01504B0304140006080800AC70623BB24894EB71010000D40300000C0000006662782F636F72652E786D6CC5535B6E833010BC8AE5DF0A6C085012194749244ED00B38E05014B091B1518EDFE511A5A9D228FD2A1F60CDEC7A67C6986D2F6D830669
  310
FA5AAB0C073EC548AA4297B5AA32ECECC94B31DA7266B4B6DFCA3052A295191E61CC5965B4EB16A8D0CA4A650155BA940B28FA5E5A8C8A061619EE8B4FD90A5F380B15FDD9EF44711695F4031F68A8E3ACB70604A079C8F8C6FC74BC3032E39C3957970B5B9730AD3ED5D2609EE7C92ED91F722F3FAC022F0ADF036F9F84A9
  310
B7A63B1A47348DF364CFC8D8CC99ADDBABBAC2486165897948E9DA0B028F861F41B4A1F1268CDF68BAA19491B1FCAEC975E58B4DAE5676152E72E7B61EF300844CC40FB7109145BD18400FE18C8C21C2674AF83E68080442B6E2D85C7D9C011A6461B5898029B5BB5183689C84A9D4A7D3837E5F303277C2D4697370FD7046
  310
F8F28CE73BC2510B5581096161797476D4C9660D4B689D34DE602F4869D38AE6351B4F1CFE89BA897F28A9D08D36FFA5882C074496DF838CF7917F01504B0304140006080800AC70623B3A54DFB77D0000009D0000000B0000006662782F636E782E786D6C4DCCD10A83201805E05791FFDEA5EBA76DA046A37C8F581632D3
  310
613AF6F8B3D1C52E0E073E0E47B49FD591B7899B0D5E023F3120C63FC264FD2221A7995E81B44AC410D2DF0C881F5723616750628921BF0E9ACC3C66978A3AEB9F07B2A6D77AB87514F95953EC39D20EEF9C6AD60C88BC2EB940A544F57B2ABD1FAB2F504B0304140006080800AC70623B4A17098729010000120200003100
  310
00006662782F30364446464539412D343132462D344431342D413442312D4630364534343133343431372F636F72652E786D6C8D515B6EC32010BC0AE22B55850D0E76930813A54A7C825E80DA244589C1E251E5F85D6A476AFFF2018B7667666759B1BF8F37F4AD7D30CEB6981514236D7B37187B69718A67B2C1682F8577
  310
2EFE816164D5A85B9CD3588A8B77695A52BDB351DB0859EB06BD2455083A62D4DFE0D1E2D07FE951152A4540846B31A9FEAA2EBA600594012745881E0CA0B949BEB1A4CDB1EB4EDB03E1ACEA083F324E0EFC9D918E3627CED91ACE9B2867A214299961A19B01EC98B3D1FE59914C96229AF161BFF75A453D605951BA258C11
  310
5A7D30BEA3F5AEAA5FE96647A92833FC1F294DC393A4646C5C578BDD9916B064A29C0B520C2E7DDE1E66F47D723EA2DC6F1574FF02531594D6AC69443903617C506CF8A218A2F3F0BDABEB2760593DCB365C8A326F08C2EFFA20E66DCA1F504B0304140006080800AC70623B503B51794E0100003303000030000000666278
  310
2F30364446464539412D343132462D344431342D413442312D4630364534343133343431372F636E782E786D6CD593C16EC32010447F0571AD6CE3D489D20813A9877E410FBD62D82434182CC055F3F75D1292E692438FBD206B7698593D61BEFD1E2DF982108D773D6D6B460938E5B571FB9ECE6957AD29D90A1EBC4F7736
  310
4A9C1CA1A759A682EF839FA72269D8C9D92654AD71C72206887E0E0A22CAF926B15E498B01E0AA19451807D01A34B919F16B070157417138917400F2F6FA41FCF0092A45DEE414C19BDC21783E4BD39D891265658C3D8DEA00A3ACE59CBC8678ACB54CB26EEB6BD7839D7E9348BE70AD9C8321B9BCA7F9A4A26C542347DEE0
  310
50F09802D22BA6749A800A394DD62899107273365E3C82CFC6A55557BC06C10774B7ABE7AEC3B0F34CF06446280E154026D0542C187BA9DAB6628BF7B6DBB0E566B17C62EB0D63BCC976C107EF6DB9843110FC449477095CA2A2E54D1E3FC2577C449B80AC7D38FD01240228AD173AB78CFFCCA739BF6FC415F02F103F504B
  310
0304140006080800AC70623BD8F6D0D5660500003B100000340000006662782F30364446464539412D343132462D344431342D413442312D4630364534343133343431372F6F626A656374732E786D6CAD575B8F9B3814FE2B887D064292B964C5504D92491555D3568D5AEDC348910187610730B2CD4C667FFD7E06438024
  310
6DF6928780CDF1B97EE762EFC33E4B8D57CA45C2F23BD3B547A641F39045491EDF99A5DC59B7A6F1C1F73863B243661A39C9E89DA9B64DDF8B392B0BBD15D11D295339D85DCDFF304448736A1A614A84B83345F84C33629352B2888A173B2292D8F16E6FBB764DD8671B73523C0F981684D35C4253ECE7E062D44AB9FDE5C8
  310
747CCF51DF7D4FFD6BAAC9792AA7B2A72F3FC985247978246CC066E24E970FE3AB9975359D4EACE9F5D8B5E6ABF9D2726F26A3C5F56231BB7F9841B0901C9CB4269CEE4CFF237CC393D073EA4FADC65AF1532A852CCF6958D90F0B2B9D35C78816348F10C7840A48EB583DEA2F5DE59BCEE7895A6B91DDEDCBACEA9EE8306A
  310
746F9E5D4D59F0274C1097A0820BAA5055FB471B5AE36F74F05AC058AABF25C2C888A43C21A991260127FCDDF441AA487CAFC746A1932B842B0B4CDF3DF0EBEA8AD4F835764F69B92BD35441D3F42B646F817F2A45A559F217E5A7A54127C4AA4C7279AB0D92EF0535FD99E7549BBEA71E93B1FE583BD2D8A52446C86166FD
  310
7560E842E5DE7A69FA9F56C17EA3F2F1B4F082B38272A9E0036835816B9ECA4B5AAC7B51E4D40118D3F3F9C129DFE0F9CF48DF832A881B4FF6D3FD544B919CE462C77886D8D8A3EA678C9A17AB7D3B7E413D1B501FD3B43BFF8AD8735A65FB05E35CFC002E159ADBFF1EBFBECFBA48ED84CFF75E91608C4FB42B372149517A
  310
1E931C0151A03452862DD4F25DB037FD352A252A3B4E91D46F1D72F4E239AFF88EFF9A37AA5525BEF3CC11D041BDBDA0F2C397555A40B7336039AA9395606DDC399F5FFD2F3973BFDC7CDA947C4742FAA80BCB92EE923C91E89D07F07615EA05A267D10B7D7F633C82A1C741D8748390695102DE563E578E8F9B66A11607C9
  310
3D0121CEC54CD53CEF17121E1311D2342539656523A56D430AAB6D91D17302B2B076E8643C4031A7AF899A247A143DB5D0EB439E14CA656DD36BEBB47DC696EFEBCF0025E8531690F440141CAA7DC852C6B7C1FBB62E8426B087237D70FFE8A35B3BD4515C00F80ACA4DC5D11EDE46C96E570A94DD134EFCB15E7403D5D691
  310
E397267F1A89754A4E519C917A846BF43632310F7082BECEF26D822E8EAC3C29BC2B7B2840547CCFF00FCAACD8928C95B9BCC44DA3C69E46FB96797788116F4486CFA6BFA99ED61C153BA2D121543D10A80E74C2A65E786E1E265757A3F1D472EFE72B6B7AB39A59B3EBEB076B3576AF66ABF9C3EDF87EDE6A5469E27B4D83
  310
EAA620BC8986E8953CD16EFEBE3E64ADE93F12299C8F753E3971FDFCBEB631157B0ECE00DFEDC17556A434A3B9240ABD8FEA25FD463054F478D4FBEB8CC4F4022E5F3E6E063A60E782735F55A6D1B7C159BDBB50B97092897C2EB32027493A38A80DB78B3CD66637AE6C9F75416F966AA5FD893154B03489506F2223A62CA3
  310
1255E78262CF332A8098EE501EE9CBC305A75FEB71509220A58D26CF0413712A806AC0AD0C657FDFF80D139C1AA2EE4CF43AFB057F3A114D03A1BE3351DE6412526107E88E6AEEA998030218C2DA1A08A8913C4E3158D787DA757B4AF906E5070D50CB6F492E1996B45DBDBA9B91A240D3EE55D54A372D20FC478637EA1844
  310
E23528656BCB61A335A61283CCAA8DD257034C102F5AF41EF9F573B35CBBA2E979E4A26BD24F415073B524E171752D50FA6995EE975F1D4C02C6FA8B51A4658C585ECEC9E214602E558203454085E6591009A82E7E7FFACA19AEA299B14A0081A705CB3296EBC5BDBECA1A9B675C4CA3279405AA6E1F623C72DDA76AE8D7F7
  310
906D4004B549245EB0D1249CB260803500F2A89BEA10382A0603F2F5D2D00D630AA615688F66D2FA166E2079D4C551A54AB758163F9DFB9D8A1460E098D8FDBF01504B0304140006080000AC70623B000000000000000000000000350000006662782F30364446464539412D343132462D344431342D413442312D46303645
  310
34343133343431372F76657274696365732E62696E504B0304140006080800AC70623BF270F1330600000004000000360000006662782F30364446464539412D343132462D344431342D413442312D4630364534343133343431372F747269616E676C65732E62696E636660600000504B0304140006080000AC70623B0000
  310
00000000000000000000370000006662782F30364446464539412D343132462D344431342D413442312D4630364534343133343431372F617474726962757465732E62696E504B0304140006080800AC70623B08DA0BD19000000041010000360000006662782F30364446464539412D343132462D344431342D413442312D
  310
4630364534343133343431372F6469726563746F72792E786D6C858F410AC3201045AF22B36F53E9A60B35CBEEBAE80D244E44489C6234F4F835464A48035D0DF398FF9F8AF63D0E6CC63039F212F8F9020C7D47C6792B21C5FE7403D62A1188E2E60C98D7234A5830286103A55745067B9D86B8A3CF9C7F90C11DE607FB14
  310
4396D7B6A82D282E9A152AD114D5EF2CB866EEE831B8EEA07A7BB5A8D7D61A2BAAEB7FD5F70921FF497D00504B0304140006080800AC70623BB40F7AF9FE000000A00100003B0000006662782F30364446464539412D343132462D344431342D413442312D4630364534343133343431372F7265736F75726365732F636F72
  310
652E786D6C8D504B6E833010BD0A9A6D65B00950828CA3109513F4029699502BC146FE543D7E4D42A576D7CDCCE87D344F8F9FBE967BF689CE6B6B7A6039850C8DB29336730F315C490BD94970676DF82583CCC8057BD860107C7636AE3BA4AC096842428D9D7007A5F7182053F774F4E0D5072E3297312485BFE5AB543739
  310
63CEF244279DE03EB814207B3ED9260887DE46A7D0F3E2C90A1EA39E768D9ED24F7DD5E8408C63736E86CB1B192F0746AAF29591A1295B72A4675A57B4ADC766E0C566163CE8E527A37228034E204A4A8F843142CB775675B4EECAFA85B61DA5BCD8E47F4C719DFE698ADA8443B9C77DDA3C0896823C08C18BADAFB41E65A6
  310
BD752BBE01504B010214000A0000080000AC70623B3DEE336E79000000790000001B00000000000000000000000000000000006175746F6465736B2D64657369676E2D7061636B6167652E786D6C504B01021400140006080800AC70623BD486FD9CA0000000F40000001300000000000000000000000000B20000005B436F
  310
6E74656E745F54797065735D2E786D6C504B01021400140006080800AC70623BDCE527C8EB0000007C010000080000000000000000000000000083010000636F72652E786D6C504B01021400140006080800AC70623B55019EA25F0000007C000000070000000000000000000000000094020000636E782E786D6C504B0102
  310
1400140006080800AC70623BB24894EB71010000D40300000C00000000000000000000000000180300006662782F636F72652E786D6C504B01021400140006080800AC70623B3A54DFB77D0000009D0000000B00000000000000000000000000B30400006662782F636E782E786D6C504B01021400140006080800AC70623B
  310
4A17098729010000120200003100000000000000000000000000590500006662782F30364446464539412D343132462D344431342D413442312D4630364534343133343431372F636F72652E786D6C504B01021400140006080800AC70623B503B51794E010000330300003000000000000000000000000000D10600006662
  310
782F30364446464539412D343132462D344431342D413442312D4630364534343133343431372F636E782E786D6C504B01021400140006080800AC70623BD8F6D0D5660500003B10000034000000000000000000000000006D0800006662782F30364446464539412D343132462D344431342D413442312D46303645343431
  310
33343431372F6F626A656374732E786D6C504B01021400140006080000AC70623B0000000000000000000000003500000000000000000000000000250E00006662782F30364446464539412D343132462D344431342D413442312D4630364534343133343431372F76657274696365732E62696E504B010214001400060808
  310
00AC70623BF270F13306000000040000003600000000000000000000000000780E00006662782F30364446464539412D343132462D344431342D413442312D4630364534343133343431372F747269616E676C65732E62696E504B01021400140006080000AC70623B00000000000000000000000037000000000000000000
  310
00000000D20E00006662782F30364446464539412D343132462D344431342D413442312D4630364534343133343431372F617474726962757465732E62696E504B01021400140006080800AC70623B08DA0BD190000000410100003600000000000000000000000000270F00006662782F30364446464539412D343132462D
  310
344431342D413442312D4630364534343133343431372F6469726563746F72792E786D6C504B01021400140006080800AC70623BB40F7AF9FE000000A00100003B000000000000000000000000000B1000006662782F30364446464539412D343132462D344431342D413442312D4630364534343133343431372F7265736F
  310
75726365732F636F72652E786D6C504B0506000000000E000E0080040000621100000000
  0
XRECORD
  5
10E
  102
{ACAD_REACTORS
  330
10B
  102
}
  330
10B
  100
AcDbXrecord
  280
1
  270
1
  271
1
  0
XRECORD
  5
10F
  102
{ACAD_REACTORS
  330
10B
  102
}
  330
10B
  100
AcDbXrecord
  280
1
  270
1
  271
1
  0
XRECORD
  5
33B
  102
{ACAD_REACTORS
  330
33A
  102
}
  330
33A
  100
AcDbXrecord
  280
1
  102
DISPLAYNAME
  1
Imperial24
  102
FLAGS
  90
0
  0
CELLSTYLEMAP
  5
300
  102
{ACAD_REACTORS
  330
FF
  102
}
  330
FF
  100
AcDbCellStyleMap
  90
3
  300
CELLSTYLE
  1
TABLEFORMAT_BEGIN
  90
5
  170
1
  91
0
  92
32768
  62
257
  93
1
  300
CONTENTFORMAT
  1
CONTENTFORMAT_BEGIN
  90
0
  91
0
  92
512
  93
0
  300

  40
0
  140
1
  94
5
  62
0
  340
11
  144
0.25
  309
CONTENTFORMAT_END
  171
1
  301
MARGIN
  1
CELLMARGIN_BEGIN
  40
0.06
  40
0.06
  40
0.06
  40
0.06
  40
0.18
  40
0.18
  309
CELLMARGIN_END
  94
6
  95
1
  302
GRIDFORMAT
  1
GRIDFORMAT_BEGIN
  90
0
  91
1
  62
0
  92
-2
  340
0
  93
0
  40
0.045
  309
GRIDFORMAT_END
  95
2
  302
GRIDFORMAT
  1
GRIDFORMAT_BEGIN
  90
0
  91
1
  62
0
  92
-2
  340
0
  93
0
  40
0.045
  309
GRIDFORMAT_END
  95
4
  302
GRIDFORMAT
  1
GRIDFORMAT_BEGIN
  90
0
  91
1
  62
0
  92
-2
  340
0
  93
0
  40
0.045
  309
GRIDFORMAT_END
  95
8
  302
GRIDFORMAT
  1
GRIDFORMAT_BEGIN
  90
0
  91
1
  62
0
  92
-2
  340
0
  93
0
  40
0.045
  309
GRIDFORMAT_END
  95
16
  302
GRIDFORMAT
  1
GRIDFORMAT_BEGIN
  90
0
  91
1
  62
0
  92
-2
  340
0
  93
0
  40
0.045
  309
GRIDFORMAT_END
  95
32
  302
GRIDFORMAT
  1
GRIDFORMAT_BEGIN
  90
0
  91
1
  62
0
  92
-2
  340
0
  93
0
  40
0.045
  309
GRIDFORMAT_END
  309
TABLEFORMAT_END
  1
CELLSTYLE_BEGIN
  90
1
  91
1
  300
_TITLE
  309
CELLSTYLE_END
  300
CELLSTYLE
  1
TABLEFORMAT_BEGIN
  90
5
  170
1
  91
0
  92
0
  62
257
  93
1
  300
CONTENTFORMAT
  1
CONTENTFORMAT_BEGIN
  90
0
  91
0
  92
512
  93
0
  300

  40
0
  140
1
  94
5
  62
0
  340
11
  144
0.18
  309
CONTENTFORMAT_END
  171
1
  301
MARGIN
  1
CELLMARGIN_BEGIN
  40
0.06
  40
0.06
  40
0.06
  40
0.06
  40
0.18
  40
0.18
  309
CELLMARGIN_END
  94
6
  95
1
  302
GRIDFORMAT
  1
GRIDFORMAT_BEGIN
  90
0
  91
1
  62
0
  92
-2
  340
0
  93
0
  40
0.045
  309
GRIDFORMAT_END
  95
2
  302
GRIDFORMAT
  1
GRIDFORMAT_BEGIN
  90
0
  91
1
  62
0
  92
-2
  340
0
  93
0
  40
0.045
  309
GRIDFORMAT_END
  95
4
  302
GRIDFORMAT
  1
GRIDFORMAT_BEGIN
  90
0
  91
1
  62
0
  92
-2
  340
0
  93
0
  40
0.045
  309
GRIDFORMAT_END
  95
8
  302
GRIDFORMAT
  1
GRIDFORMAT_BEGIN
  90
0
  91
1
  62
0
  92
-2
  340
0
  93
0
  40
0.045
  309
GRIDFORMAT_END
  95
16
  302
GRIDFORMAT
  1
GRIDFORMAT_BEGIN
  90
0
  91
1
  62
0
  92
-2
  340
0
  93
0
  40
0.045
  309
GRIDFORMAT_END
  95
32
  302
GRIDFORMAT
  1
GRIDFORMAT_BEGIN
  90
0
  91
1
  62
0
  92
-2
  340
0
  93
0
  40
0.045
  309
GRIDFORMAT_END
  309
TABLEFORMAT_END
  1
CELLSTYLE_BEGIN
  90
2
  91
1
  300
_HEADER
  309
CELLSTYLE_END
  300
CELLSTYLE
  1
TABLEFORMAT_BEGIN
  90
5
  170
1
  91
0
  92
0
  62
257
  93
1
  300
CONTENTFORMAT
  1
CONTENTFORMAT_BEGIN
  90
0
  91
0
  92
512
  93
0
  300

  40
0
  140
1
  94
2
  62
0
  340
11
  144
0.18
  309
CONTENTFORMAT_END
  171
1
  301
MARGIN
  1
CELLMARGIN_BEGIN
  40
0.06
  40
0.06
  40
0.06
  40
0.06
  40
0.18
  40
0.18
  309
CELLMARGIN_END
  94
6
  95
1
  302
GRIDFORMAT
  1
GRIDFORMAT_BEGIN
  90
0
  91
1
  62
0
  92
-2
  340
0
  93
0
  40
0.045
  309
GRIDFORMAT_END
  95
2
  302
GRIDFORMAT
  1
GRIDFORMAT_BEGIN
  90
0
  91
1
  62
0
  92
-2
  340
0
  93
0
  40
0.045
  309
GRIDFORMAT_END
  95
4
  302
GRIDFORMAT
  1
GRIDFORMAT_BEGIN
  90
0
  91
1
  62
0
  92
-2
  340
0
  93
0
  40
0.045
  309
GRIDFORMAT_END
  95
8
  302
GRIDFORMAT
  1
GRIDFORMAT_BEGIN
  90
0
  91
1
  62
0
  92
-2
  340
0
  93
0
  40
0.045
  309
GRIDFORMAT_END
  95
16
  302
GRIDFORMAT
  1
GRIDFORMAT_BEGIN
  90
0
  91
1
  62
0
  92
-2
  340
0
  93
0
  40
0.045
  309
GRIDFORMAT_END
  95
32
  302
GRIDFORMAT
  1
GRIDFORMAT_BEGIN
  90
0
  91
1
  62
0
  92
-2
  340
0
  93
0
  40
0.045
  309
GRIDFORMAT_END
  309
TABLEFORMAT_END
  1
CELLSTYLE_BEGIN
  90
3
  91
2
  300
_DATA
  309
CELLSTYLE_END
  0
XRECORD
  5
315
  102
{ACAD_REACTORS
  330
314
  102
}
  330
314
  100
AcDbXrecord
  280
1
  102
RTVSPost2010Prop28
  280
1
  102
RTVSPost2010PropOp28
  70
1
  102
RTVSPost2010Prop29
  280
1
  102
RTVSPost2010PropOp29
  70
1
  102
RTVSPost2010Prop30
  280
0
  102
RTVSPost2010PropOp30
  70
1
  102
RTVSPost2010Prop31
  280
0
  102
RTVSPost2010PropOp31
  70
1
  102
RTVSPost2010Prop32
  280
0
  102
RTVSPost2010PropOp32
  70
1
  102
RTVSPost2010Prop33
  280
0
  102
RTVSPost2010PropOp33
  70
1
  102
RTVSPost2010Prop34
  280
0
  102
RTVSPost2010PropOp34
  70
1
  102
RTVSPost2010Prop35
  280
0
  102
RTVSPost2010PropOp35
  70
1
  102
RTVSPost2010Prop36
  280
0
  102
RTVSPost2010PropOp36
  70
1
  102
RTVSPost2010Prop37
  90
50
  102
RTVSPost2010PropOp37
  70
1
  102
RTVSPost2010Prop38
  140
0
  102
RTVSPost2010PropOp38
  70
1
  102
RTVSPost2010Prop39
  140
1
  102
RTVSPost2010PropOp39
  70
1
  102
RTVSPost2010Prop40
  90
0
  102
RTVSPost2010PropOp40
  70
1
  102
RTVSPost2010Prop41ColorIndex
  90
18
  102
RTVSPost2010Prop41ColorRGB
  90
0
  102
RTVSPost2010PropOp41
  70
1
  102
RTVSPost2010Prop42
  90
50
  102
RTVSPost2010PropOp42
  70
1
  102
RTVSPost2010Prop43
  90
3
  102
RTVSPost2010PropOp43
  70
1
  102
RTVSPost2010Prop44ColorIndex
  90
5
  102
RTVSPost2010Prop44ColorRGB
  90
255
  102
RTVSPost2010PropOp44
  70
1
  102
RTVSPost2010Prop45
  280
0
  102
RTVSPost2010PropOp45
  70
1
  102
RTVSPost2010Prop46
  90
50
  102
RTVSPost2010PropOp46
  70
1
  102
RTVSPost2010Prop47
  90
50
  102
RTVSPost2010PropOp47
  70
1
  102
RTVSPost2010Prop48
  90
50
  102
RTVSPost2010PropOp48
  70
1
  102
RTVSPost2010Prop49
  280
0
  102
RTVSPost2010PropOp49
  70
1
  102
RTVSPost2010Prop50
  90
50
  102
RTVSPost2010PropOp50
  70
1
  102
RTVSPost2010Prop51ColorIndex
  90
256
  102
RTVSPost2010Prop51ColorRGB
  90
-16777216
  102
RTVSPost2010PropOp51
  70
0
  102
RTVSPost2010Prop52
  140
1
  102
RTVSPost2010PropOp52
  70
0
  102
RTVSPost2010Prop53
  90
2
  102
RTVSPost2010PropOp53
  70
1
  102
RTVSPost2010Prop54
  1
strokes_ogs.tif
  102
RTVSPost2010PropOp54
  70
1
  102
RTVSPost2010Prop55
  280
0
  102
RTVSPost2010PropOp55
  70
1
  102
RTVSPost2010Prop56
  140
1
  102
RTVSPost2010PropOp56
  70
1
  102
RTVSPost2010Prop57
  140
1
  102
RTVSPost2010PropOp57
  70
1
  102
RTVSPropertyOp0
  70
1
  102
RTVSPropertyOp1
  70
1
  102
RTVSPropertyOp2
  70
1
  102
RTVSPropertyOp3
  70
1
  102
RTVSPropertyOp4
  70
1
  102
RTVSPropertyOp5
  70
1
  102
RTVSPropertyOp6
  70
1
  102
RTVSPropertyOp7
  70
1
  102
RTVSPropertyOp8
  70
1
  102
RTVSPropertyOp9
  70
1
  102
RTVSPropertyOp10
  70
1
  102
RTVSPropertyOp11
  70
1
  102
RTVSPropertyOp12
  70
1
  102
RTVSPropertyOp13
  70
1
  102
RTVSPropertyOp14
  70
1
  102
RTVSPropertyOp15
  70
1
  102
RTVSPropertyOp16
  70
1
  102
RTVSPropertyOp17
  70
1
  102
RTVSPropertyOp18
  70
1
  102
RTVSPropertyOp19
  70
1
  102
RTVSPropertyOp20
  70
1
  102
RTVSPropertyOp21
  70
1
  102
RTVSPropertyOp22
  70
1
  102
RTVSPropertyOp23
  70
1
  102
RTVSPropertyOp24
  70
1
  102
RTVSPropertyOp25
  70
1
  102
RTVSPropertyOp26
  70
1
  102
RTVSPropertyOp27
  70
1
  102
RTVSPropertyOp28
  70
1
  102
RTVSPropertyOp29
  70
1
  102
RTVSPropertyOp30
  70
1
  102
RTVSPropertyOp31
  70
1
  102
RTVSPropertyOp32
  70
1
  102
RTVSPropertyOp33
  70
1
  102
RTVSPropertyOp34
  70
1
  102
RTVSPropertyOp35
  70
1
  102
RTVSPropertyOp36
  70
1
  102
RTVSPropertyOp37
  70
1
  102
RTVSPropertyOp38
  70
1
  102
RTVSPropertyOp39
  70
1
  102
RTVSPropertyOp40
  70
1
  102
RTVSPropertyOp41
  70
1
  102
RTVSPropertyOp42
  70
1
  102
RTVSPropertyOp43
  70
1
  102
RTVSPropertyOp44
  70
1
  102
RTVSPropertyOp45
  70
1
  102
RTVSPropertyOp46
  70
1
  102
RTVSPropertyOp47
  70
1
  102
RTVSPropertyOp48
  70
1
  102
RTVSPropertyOp49
  70
1
  102
RTVSPropertyOp50
  70
1
  102
RTVSPropertyOp51
  70
0
  102
RTVSPropertyOp52
  70
0
  102
RTVSPropertyOp53
  70
1
  102
RTVSPropertyOp54
  70
1
  102
RTVSPropertyOp55
  70
1
  102
RTVSPropertyOp56
  70
1
  102
RTVSPropertyOp57
  70
1
  102
RTVSPropertyOp58
  70
1
  102
RTVSPropertyOp59
  70
1
  102
RTVSPropertyOp60
  70
1
  102
RTVSPropertyOp61
  70
1
  102
RTVSPropertyOp62
  70
1
  0
XRECORD
  5
313
  102
{ACAD_REACTORS
  330
312
  102
}
  330
312
  100
AcDbXrecord
  280
1
  102
RTVSPost2010Prop28
  280
0
  102
RTVSPost2010PropOp28
  70
1
  102
RTVSPost2010Prop29
  280
1
  102
RTVSPost2010PropOp29
  70
1
  102
RTVSPost2010Prop30
  280
1
  102
RTVSPost2010PropOp30
  70
1
  102
RTVSPost2010Prop31
  280
0
  102
RTVSPost2010PropOp31
  70
1
  102
RTVSPost2010Prop32
  280
0
  102
RTVSPost2010PropOp32
  70
1
  102
RTVSPost2010Prop33
  280
0
  102
RTVSPost2010PropOp33
  70
1
  102
RTVSPost2010Prop34
  280
0
  102
RTVSPost2010PropOp34
  70
1
  102
RTVSPost2010Prop35
  280
0
  102
RTVSPost2010PropOp35
  70
1
  102
RTVSPost2010Prop36
  280
0
  102
RTVSPost2010PropOp36
  70
1
  102
RTVSPost2010Prop37
  90
50
  102
RTVSPost2010PropOp37
  70
1
  102
RTVSPost2010Prop38
  140
0
  102
RTVSPost2010PropOp38
  70
1
  102
RTVSPost2010Prop39
  140
1
  102
RTVSPost2010PropOp39
  70
1
  102
RTVSPost2010Prop40
  90
0
  102
RTVSPost2010PropOp40
  70
1
  102
RTVSPost2010Prop41ColorIndex
  90
18
  102
RTVSPost2010Prop41ColorRGB
  90
0
  102
RTVSPost2010PropOp41
  70
1
  102
RTVSPost2010Prop42
  90
50
  102
RTVSPost2010PropOp42
  70
1
  102
RTVSPost2010Prop43
  90
3
  102
RTVSPost2010PropOp43
  70
1
  102
RTVSPost2010Prop44ColorIndex
  90
5
  102
RTVSPost2010Prop44ColorRGB
  90
255
  102
RTVSPost2010PropOp44
  70
1
  102
RTVSPost2010Prop45
  280
0
  102
RTVSPost2010PropOp45
  70
1
  102
RTVSPost2010Prop46
  90
50
  102
RTVSPost2010PropOp46
  70
1
  102
RTVSPost2010Prop47
  90
50
  102
RTVSPost2010PropOp47
  70
1
  102
RTVSPost2010Prop48
  90
50
  102
RTVSPost2010PropOp48
  70
1
  102
RTVSPost2010Prop49
  280
0
  102
RTVSPost2010PropOp49
  70
1
  102
RTVSPost2010Prop50
  90
50
  102
RTVSPost2010PropOp50
  70
1
  102
RTVSPost2010Prop51ColorIndex
  90
256
  102
RTVSPost2010Prop51ColorRGB
  90
-16777216
  102
RTVSPost2010PropOp51
  70
0
  102
RTVSPost2010Prop52
  140
1
  102
RTVSPost2010PropOp52
  70
0
  102
RTVSPost2010Prop53
  90
2
  102
RTVSPost2010PropOp53
  70
1
  102
RTVSPost2010Prop54
  1
strokes_ogs.tif
  102
RTVSPost2010PropOp54
  70
1
  102
RTVSPost2010Prop55
  280
0
  102
RTVSPost2010PropOp55
  70
1
  102
RTVSPost2010Prop56
  140
1
  102
RTVSPost2010PropOp56
  70
1
  102
RTVSPost2010Prop57
  140
1
  102
RTVSPost2010PropOp57
  70
1
  102
RTVSPropertyOp0
  70
1
  102
RTVSPropertyOp1
  70
1
  102
RTVSPropertyOp2
  70
1
  102
RTVSPropertyOp3
  70
1
  102
RTVSPropertyOp4
  70
1
  102
RTVSPropertyOp5
  70
1
  102
RTVSPropertyOp6
  70
1
  102
RTVSPropertyOp7
  70
1
  102
RTVSPropertyOp8
  70
1
  102
RTVSPropertyOp9
  70
1
  102
RTVSPropertyOp10
  70
1
  102
RTVSPropertyOp11
  70
1
  102
RTVSPropertyOp12
  70
1
  102
RTVSPropertyOp13
  70
1
  102
RTVSPropertyOp14
  70
1
  102
RTVSPropertyOp15
  70
1
  102
RTVSPropertyOp16
  70
1
  102
RTVSPropertyOp17
  70
1
  102
RTVSPropertyOp18
  70
1
  102
RTVSPropertyOp19
  70
1
  102
RTVSPropertyOp20
  70
1
  102
RTVSPropertyOp21
  70
1
  102
RTVSPropertyOp22
  70
1
  102
RTVSPropertyOp23
  70
1
  102
RTVSPropertyOp24
  70
1
  102
RTVSPropertyOp25
  70
1
  102
RTVSPropertyOp26
  70
1
  102
RTVSPropertyOp27
  70
1
  102
RTVSPropertyOp28
  70
1
  102
RTVSPropertyOp29
  70
1
  102
RTVSPropertyOp30
  70
1
  102
RTVSPropertyOp31
  70
1
  102
RTVSPropertyOp32
  70
1
  102
RTVSPropertyOp33
  70
1
  102
RTVSPropertyOp34
  70
1
  102
RTVSPropertyOp35
  70
1
  102
RTVSPropertyOp36
  70
1
  102
RTVSPropertyOp37
  70
1
  102
RTVSPropertyOp38
  70
1
  102
RTVSPropertyOp39
  70
1
  102
RTVSPropertyOp40
  70
1
  102
RTVSPropertyOp41
  70
1
  102
RTVSPropertyOp42
  70
1
  102
RTVSPropertyOp43
  70
1
  102
RTVSPropertyOp44
  70
1
  102
RTVSPropertyOp45
  70
1
  102
RTVSPropertyOp46
  70
1
  102
RTVSPropertyOp47
  70
1
  102
RTVSPropertyOp48
  70
1
  102
RTVSPropertyOp49
  70
1
  102
RTVSPropertyOp50
  70
1
  102
RTVSPropertyOp51
  70
0
  102
RTVSPropertyOp52
  70
0
  102
RTVSPropertyOp53
  70
1
  102
RTVSPropertyOp54
  70
1
  102
RTVSPropertyOp55
  70
1
  102
RTVSPropertyOp56
  70
1
  102
RTVSPropertyOp57
  70
1
  102
RTVSPropertyOp58
  70
1
  102
RTVSPropertyOp59
  70
1
  102
RTVSPropertyOp60
  70
1
  102
RTVSPropertyOp61
  70
1
  102
RTVSPropertyOp62
  70
1
  0
XRECORD
  5
321
  102
{ACAD_REACTORS
  330
320
  102
}
  330
320
  100
AcDbXrecord
  280
1
  102
RTVSPost2010Prop28
  280
0
  102
RTVSPost2010PropOp28
  70
1
  102
RTVSPost2010Prop29
  280
1
  102
RTVSPost2010PropOp29
  70
1
  102
RTVSPost2010Prop30
  280
1
  102
RTVSPost2010PropOp30
  70
1
  102
RTVSPost2010Prop31
  280
0
  102
RTVSPost2010PropOp31
  70
1
  102
RTVSPost2010Prop32
  280
0
  102
RTVSPost2010PropOp32
  70
1
  102
RTVSPost2010Prop33
  280
0
  102
RTVSPost2010PropOp33
  70
1
  102
RTVSPost2010Prop34
  280
0
  102
RTVSPost2010PropOp34
  70
1
  102
RTVSPost2010Prop35
  280
0
  102
RTVSPost2010PropOp35
  70
1
  102
RTVSPost2010Prop36
  280
0
  102
RTVSPost2010PropOp36
  70
1
  102
RTVSPost2010Prop37
  90
50
  102
RTVSPost2010PropOp37
  70
1
  102
RTVSPost2010Prop38
  140
0
  102
RTVSPost2010PropOp38
  70
1
  102
RTVSPost2010Prop39
  140
1
  102
RTVSPost2010PropOp39
  70
1
  102
RTVSPost2010Prop40
  90
0
  102
RTVSPost2010PropOp40
  70
1
  102
RTVSPost2010Prop41ColorIndex
  90
18
  102
RTVSPost2010Prop41ColorRGB
  90
0
  102
RTVSPost2010PropOp41
  70
1
  102
RTVSPost2010Prop42
  90
50
  102
RTVSPost2010PropOp42
  70
1
  102
RTVSPost2010Prop43
  90
3
  102
RTVSPost2010PropOp43
  70
1
  102
RTVSPost2010Prop44ColorIndex
  90
5
  102
RTVSPost2010Prop44ColorRGB
  90
255
  102
RTVSPost2010PropOp44
  70
1
  102
RTVSPost2010Prop45
  280
0
  102
RTVSPost2010PropOp45
  70
1
  102
RTVSPost2010Prop46
  90
50
  102
RTVSPost2010PropOp46
  70
1
  102
RTVSPost2010Prop47
  90
50
  102
RTVSPost2010PropOp47
  70
1
  102
RTVSPost2010Prop48
  90
50
  102
RTVSPost2010PropOp48
  70
1
  102
RTVSPost2010Prop49
  280
0
  102
RTVSPost2010PropOp49
  70
1
  102
RTVSPost2010Prop50
  90
50
  102
RTVSPost2010PropOp50
  70
1
  102
RTVSPost2010Prop51ColorIndex
  90
256
  102
RTVSPost2010Prop51ColorRGB
  90
-16777216
  102
RTVSPost2010PropOp51
  70
0
  102
RTVSPost2010Prop52
  140
1
  102
RTVSPost2010PropOp52
  70
0
  102
RTVSPost2010Prop53
  90
2
  102
RTVSPost2010PropOp53
  70
1
  102
RTVSPost2010Prop54
  1
strokes_ogs.tif
  102
RTVSPost2010PropOp54
  70
1
  102
RTVSPost2010Prop55
  280
0
  102
RTVSPost2010PropOp55
  70
1
  102
RTVSPost2010Prop56
  140
1
  102
RTVSPost2010PropOp56
  70
1
  102
RTVSPost2010Prop57
  140
1
  102
RTVSPost2010PropOp57
  70
1
  102
RTVSPropertyOp0
  70
1
  102
RTVSPropertyOp1
  70
1
  102
RTVSPropertyOp2
  70
1
  102
RTVSPropertyOp3
  70
1
  102
RTVSPropertyOp4
  70
1
  102
RTVSPropertyOp5
  70
1
  102
RTVSPropertyOp6
  70
1
  102
RTVSPropertyOp7
  70
1
  102
RTVSPropertyOp8
  70
1
  102
RTVSPropertyOp9
  70
1
  102
RTVSPropertyOp10
  70
1
  102
RTVSPropertyOp11
  70
1
  102
RTVSPropertyOp12
  70
1
  102
RTVSPropertyOp13
  70
1
  102
RTVSPropertyOp14
  70
1
  102
RTVSPropertyOp15
  70
1
  102
RTVSPropertyOp16
  70
1
  102
RTVSPropertyOp17
  70
1
  102
RTVSPropertyOp18
  70
1
  102
RTVSPropertyOp19
  70
1
  102
RTVSPropertyOp20
  70
1
  102
RTVSPropertyOp21
  70
1
  102
RTVSPropertyOp22
  70
1
  102
RTVSPropertyOp23
  70
1
  102
RTVSPropertyOp24
  70
1
  102
RTVSPropertyOp25
  70
1
  102
RTVSPropertyOp26
  70
1
  102
RTVSPropertyOp27
  70
1
  102
RTVSPropertyOp28
  70
1
  102
RTVSPropertyOp29
  70
1
  102
RTVSPropertyOp30
  70
1
  102
RTVSPropertyOp31
  70
1
  102
RTVSPropertyOp32
  70
1
  102
RTVSPropertyOp33
  70
1
  102
RTVSPropertyOp34
  70
1
  102
RTVSPropertyOp35
  70
1
  102
RTVSPropertyOp36
  70
1
  102
RTVSPropertyOp37
  70
1
  102
RTVSPropertyOp38
  70
1
  102
RTVSPropertyOp39
  70
1
  102
RTVSPropertyOp40
  70
1
  102
RTVSPropertyOp41
  70
1
  102
RTVSPropertyOp42
  70
1
  102
RTVSPropertyOp43
  70
1
  102
RTVSPropertyOp44
  70
1
  102
RTVSPropertyOp45
  70
1
  102
RTVSPropertyOp46
  70
1
  102
RTVSPropertyOp47
  70
1
  102
RTVSPropertyOp48
  70
1
  102
RTVSPropertyOp49
  70
1
  102
RTVSPropertyOp50
  70
1
  102
RTVSPropertyOp51
  70
0
  102
RTVSPropertyOp52
  70
0
  102
RTVSPropertyOp53
  70
1
  102
RTVSPropertyOp54
  70
1
  102
RTVSPropertyOp55
  70
1
  102
RTVSPropertyOp56
  70
1
  102
RTVSPropertyOp57
  70
1
  102
RTVSPropertyOp58
  70
1
  102
RTVSPropertyOp59
  70
1
  102
RTVSPropertyOp60
  70
1
  102
RTVSPropertyOp61
  70
1
  102
RTVSPropertyOp62
  70
1
  0
XRECORD
  5
329
  102
{ACAD_REACTORS
  330
328
  102
}
  330
328
  100
AcDbXrecord
  280
1
  102
RTVSPost2010Prop28
  280
0
  102
RTVSPost2010PropOp28
  70
1
  102
RTVSPost2010Prop29
  280
1
  102
RTVSPost2010PropOp29
  70
1
  102
RTVSPost2010Prop30
  280
1
  102
RTVSPost2010PropOp30
  70
1
  102
RTVSPost2010Prop31
  280
0
  102
RTVSPost2010PropOp31
  70
1
  102
RTVSPost2010Prop32
  280
0
  102
RTVSPost2010PropOp32
  70
1
  102
RTVSPost2010Prop33
  280
0
  102
RTVSPost2010PropOp33
  70
1
  102
RTVSPost2010Prop34
  280
0
  102
RTVSPost2010PropOp34
  70
1
  102
RTVSPost2010Prop35
  280
0
  102
RTVSPost2010PropOp35
  70
1
  102
RTVSPost2010Prop36
  280
0
  102
RTVSPost2010PropOp36
  70
1
  102
RTVSPost2010Prop37
  90
50
  102
RTVSPost2010PropOp37
  70
1
  102
RTVSPost2010Prop38
  140
0
  102
RTVSPost2010PropOp38
  70
1
  102
RTVSPost2010Prop39
  140
1
  102
RTVSPost2010PropOp39
  70
1
  102
RTVSPost2010Prop40
  90
0
  102
RTVSPost2010PropOp40
  70
1
  102
RTVSPost2010Prop41ColorIndex
  90
18
  102
RTVSPost2010Prop41ColorRGB
  90
0
  102
RTVSPost2010PropOp41
  70
1
  102
RTVSPost2010Prop42
  90
50
  102
RTVSPost2010PropOp42
  70
1
  102
RTVSPost2010Prop43
  90
3
  102
RTVSPost2010PropOp43
  70
1
  102
RTVSPost2010Prop44ColorIndex
  90
5
  102
RTVSPost2010Prop44ColorRGB
  90
255
  102
RTVSPost2010PropOp44
  70
1
  102
RTVSPost2010Prop45
  280
0
  102
RTVSPost2010PropOp45
  70
1
  102
RTVSPost2010Prop46
  90
50
  102
RTVSPost2010PropOp46
  70
1
  102
RTVSPost2010Prop47
  90
50
  102
RTVSPost2010PropOp47
  70
1
  102
RTVSPost2010Prop48
  90
50
  102
RTVSPost2010PropOp48
  70
1
  102
RTVSPost2010Prop49
  280
0
  102
RTVSPost2010PropOp49
  70
1
  102
RTVSPost2010Prop50
  90
50
  102
RTVSPost2010PropOp50
  70
1
  102
RTVSPost2010Prop51ColorIndex
  90
256
  102
RTVSPost2010Prop51ColorRGB
  90
-16777216
  102
RTVSPost2010PropOp51
  70
0
  102
RTVSPost2010Prop52
  140
1
  102
RTVSPost2010PropOp52
  70
0
  102
RTVSPost2010Prop53
  90
2
  102
RTVSPost2010PropOp53
  70
1
  102
RTVSPost2010Prop54
  1
strokes_ogs.tif
  102
RTVSPost2010PropOp54
  70
1
  102
RTVSPost2010Prop55
  280
0
  102
RTVSPost2010PropOp55
  70
1
  102
RTVSPost2010Prop56
  140
1
  102
RTVSPost2010PropOp56
  70
1
  102
RTVSPost2010Prop57
  140
1
  102
RTVSPost2010PropOp57
  70
1
  102
RTVSPropertyOp0
  70
1
  102
RTVSPropertyOp1
  70
1
  102
RTVSPropertyOp2
  70
1
  102
RTVSPropertyOp3
  70
1
  102
RTVSPropertyOp4
  70
1
  102
RTVSPropertyOp5
  70
1
  102
RTVSPropertyOp6
  70
1
  102
RTVSPropertyOp7
  70
1
  102
RTVSPropertyOp8
  70
1
  102
RTVSPropertyOp9
  70
1
  102
RTVSPropertyOp10
  70
1
  102
RTVSPropertyOp11
  70
1
  102
RTVSPropertyOp12
  70
1
  102
RTVSPropertyOp13
  70
1
  102
RTVSPropertyOp14
  70
1
  102
RTVSPropertyOp15
  70
1
  102
RTVSPropertyOp16
  70
1
  102
RTVSPropertyOp17
  70
1
  102
RTVSPropertyOp18
  70
1
  102
RTVSPropertyOp19
  70
1
  102
RTVSPropertyOp20
  70
1
  102
RTVSPropertyOp21
  70
1
  102
RTVSPropertyOp22
  70
1
  102
RTVSPropertyOp23
  70
1
  102
RTVSPropertyOp24
  70
1
  102
RTVSPropertyOp25
  70
1
  102
RTVSPropertyOp26
  70
1
  102
RTVSPropertyOp27
  70
1
  102
RTVSPropertyOp28
  70
1
  102
RTVSPropertyOp29
  70
1
  102
RTVSPropertyOp30
  70
1
  102
RTVSPropertyOp31
  70
1
  102
RTVSPropertyOp32
  70
1
  102
RTVSPropertyOp33
  70
1
  102
RTVSPropertyOp34
  70
1
  102
RTVSPropertyOp35
  70
1
  102
RTVSPropertyOp36
  70
1
  102
RTVSPropertyOp37
  70
1
  102
RTVSPropertyOp38
  70
1
  102
RTVSPropertyOp39
  70
1
  102
RTVSPropertyOp40
  70
1
  102
RTVSPropertyOp41
  70
1
  102
RTVSPropertyOp42
  70
1
  102
RTVSPropertyOp43
  70
1
  102
RTVSPropertyOp44
  70
1
  102
RTVSPropertyOp45
  70
1
  102
RTVSPropertyOp46
  70
1
  102
RTVSPropertyOp47
  70
1
  102
RTVSPropertyOp48
  70
1
  102
RTVSPropertyOp49
  70
1
  102
RTVSPropertyOp50
  70
1
  102
RTVSPropertyOp51
  70
0
  102
RTVSPropertyOp52
  70
0
  102
RTVSPropertyOp53
  70
1
  102
RTVSPropertyOp54
  70
1
  102
RTVSPropertyOp55
  70
1
  102
RTVSPropertyOp56
  70
1
  102
RTVSPropertyOp57
  70
1
  102
RTVSPropertyOp58
  70
1
  102
RTVSPropertyOp59
  70
1
  102
RTVSPropertyOp60
  70
1
  102
RTVSPropertyOp61
  70
1
  102
RTVSPropertyOp62
  70
1
  0
XRECORD
  5
31B
  102
{ACAD_REACTORS
  330
31A
  102
}
  330
31A
  100
AcDbXrecord
  280
1
  102
RTVSPost2010Prop28
  280
0
  102
RTVSPost2010PropOp28
  70
1
  102
RTVSPost2010Prop29
  280
1
  102
RTVSPost2010PropOp29
  70
1
  102
RTVSPost2010Prop30
  280
1
  102
RTVSPost2010PropOp30
  70
1
  102
RTVSPost2010Prop31
  280
0
  102
RTVSPost2010PropOp31
  70
1
  102
RTVSPost2010Prop32
  280
0
  102
RTVSPost2010PropOp32
  70
1
  102
RTVSPost2010Prop33
  280
0
  102
RTVSPost2010PropOp33
  70
1
  102
RTVSPost2010Prop34
  280
0
  102
RTVSPost2010PropOp34
  70
1
  102
RTVSPost2010Prop35
  280
0
  102
RTVSPost2010PropOp35
  70
1
  102
RTVSPost2010Prop36
  280
0
  102
RTVSPost2010PropOp36
  70
1
  102
RTVSPost2010Prop37
  90
50
  102
RTVSPost2010PropOp37
  70
1
  102
RTVSPost2010Prop38
  140
0
  102
RTVSPost2010PropOp38
  70
1
  102
RTVSPost2010Prop39
  140
1
  102
RTVSPost2010PropOp39
  70
1
  102
RTVSPost2010Prop40
  90
0
  102
RTVSPost2010PropOp40
  70
1
  102
RTVSPost2010Prop41ColorIndex
  90
18
  102
RTVSPost2010Prop41ColorRGB
  90
0
  102
RTVSPost2010PropOp41
  70
1
  102
RTVSPost2010Prop42
  90
50
  102
RTVSPost2010PropOp42
  70
1
  102
RTVSPost2010Prop43
  90
3
  102
RTVSPost2010PropOp43
  70
1
  102
RTVSPost2010Prop44ColorIndex
  90
5
  102
RTVSPost2010Prop44ColorRGB
  90
255
  102
RTVSPost2010PropOp44
  70
1
  102
RTVSPost2010Prop45
  280
0
  102
RTVSPost2010PropOp45
  70
1
  102
RTVSPost2010Prop46
  90
50
  102
RTVSPost2010PropOp46
  70
1
  102
RTVSPost2010Prop47
  90
50
  102
RTVSPost2010PropOp47
  70
1
  102
RTVSPost2010Prop48
  90
50
  102
RTVSPost2010PropOp48
  70
1
  102
RTVSPost2010Prop49
  280
0
  102
RTVSPost2010PropOp49
  70
1
  102
RTVSPost2010Prop50
  90
50
  102
RTVSPost2010PropOp50
  70
1
  102
RTVSPost2010Prop51ColorIndex
  90
256
  102
RTVSPost2010Prop51ColorRGB
  90
-16777216
  102
RTVSPost2010PropOp51
  70
0
  102
RTVSPost2010Prop52
  140
1
  102
RTVSPost2010PropOp52
  70
0
  102
RTVSPost2010Prop53
  90
2
  102
RTVSPost2010PropOp53
  70
1
  102
RTVSPost2010Prop54
  1
strokes_ogs.tif
  102
RTVSPost2010PropOp54
  70
1
  102
RTVSPost2010Prop55
  280
0
  102
RTVSPost2010PropOp55
  70
1
  102
RTVSPost2010Prop56
  140
1
  102
RTVSPost2010PropOp56
  70
1
  102
RTVSPost2010Prop57
  140
1
  102
RTVSPost2010PropOp57
  70
1
  102
RTVSPropertyOp0
  70
1
  102
RTVSPropertyOp1
  70
1
  102
RTVSPropertyOp2
  70
1
  102
RTVSPropertyOp3
  70
1
  102
RTVSPropertyOp4
  70
1
  102
RTVSPropertyOp5
  70
1
  102
RTVSPropertyOp6
  70
1
  102
RTVSPropertyOp7
  70
1
  102
RTVSPropertyOp8
  70
1
  102
RTVSPropertyOp9
  70
1
  102
RTVSPropertyOp10
  70
1
  102
RTVSPropertyOp11
  70
1
  102
RTVSPropertyOp12
  70
1
  102
RTVSPropertyOp13
  70
1
  102
RTVSPropertyOp14
  70
1
  102
RTVSPropertyOp15
  70
1
  102
RTVSPropertyOp16
  70
1
  102
RTVSPropertyOp17
  70
1
  102
RTVSPropertyOp18
  70
1
  102
RTVSPropertyOp19
  70
1
  102
RTVSPropertyOp20
  70
1
  102
RTVSPropertyOp21
  70
1
  102
RTVSPropertyOp22
  70
1
  102
RTVSPropertyOp23
  70
1
  102
RTVSPropertyOp24
  70
1
  102
RTVSPropertyOp25
  70
1
  102
RTVSPropertyOp26
  70
1
  102
RTVSPropertyOp27
  70
1
  102
RTVSPropertyOp28
  70
1
  102
RTVSPropertyOp29
  70
1
  102
RTVSPropertyOp30
  70
1
  102
RTVSPropertyOp31
  70
1
  102
RTVSPropertyOp32
  70
1
  102
RTVSPropertyOp33
  70
1
  102
RTVSPropertyOp34
  70
1
  102
RTVSPropertyOp35
  70
1
  102
RTVSPropertyOp36
  70
1
  102
RTVSPropertyOp37
  70
1
  102
RTVSPropertyOp38
  70
1
  102
RTVSPropertyOp39
  70
1
  102
RTVSPropertyOp40
  70
1
  102
RTVSPropertyOp41
  70
1
  102
RTVSPropertyOp42
  70
1
  102
RTVSPropertyOp43
  70
1
  102
RTVSPropertyOp44
  70
1
  102
RTVSPropertyOp45
  70
1
  102
RTVSPropertyOp46
  70
1
  102
RTVSPropertyOp47
  70
1
  102
RTVSPropertyOp48
  70
1
  102
RTVSPropertyOp49
  70
1
  102
RTVSPropertyOp50
  70
1
  102
RTVSPropertyOp51
  70
0
  102
RTVSPropertyOp52
  70
0
  102
RTVSPropertyOp53
  70
1
  102
RTVSPropertyOp54
  70
1
  102
RTVSPropertyOp55
  70
1
  102
RTVSPropertyOp56
  70
1
  102
RTVSPropertyOp57
  70
1
  102
RTVSPropertyOp58
  70
1
  102
RTVSPropertyOp59
  70
1
  102
RTVSPropertyOp60
  70
1
  102
RTVSPropertyOp61
  70
1
  102
RTVSPropertyOp62
  70
1
  0
XRECORD
  5
31F
  102
{ACAD_REACTORS
  330
31E
  102
}
  330
31E
  100
AcDbXrecord
  280
1
  102
RTVSPost2010Prop28
  280
0
  102
RTVSPost2010PropOp28
  70
1
  102
RTVSPost2010Prop29
  280
1
  102
RTVSPost2010PropOp29
  70
1
  102
RTVSPost2010Prop30
  280
1
  102
RTVSPost2010PropOp30
  70
1
  102
RTVSPost2010Prop31
  280
0
  102
RTVSPost2010PropOp31
  70
1
  102
RTVSPost2010Prop32
  280
0
  102
RTVSPost2010PropOp32
  70
1
  102
RTVSPost2010Prop33
  280
0
  102
RTVSPost2010PropOp33
  70
1
  102
RTVSPost2010Prop34
  280
0
  102
RTVSPost2010PropOp34
  70
1
  102
RTVSPost2010Prop35
  280
0
  102
RTVSPost2010PropOp35
  70
1
  102
RTVSPost2010Prop36
  280
0
  102
RTVSPost2010PropOp36
  70
1
  102
RTVSPost2010Prop37
  90
50
  102
RTVSPost2010PropOp37
  70
1
  102
RTVSPost2010Prop38
  140
0
  102
RTVSPost2010PropOp38
  70
1
  102
RTVSPost2010Prop39
  140
1
  102
RTVSPost2010PropOp39
  70
1
  102
RTVSPost2010Prop40
  90
0
  102
RTVSPost2010PropOp40
  70
1
  102
RTVSPost2010Prop41ColorIndex
  90
18
  102
RTVSPost2010Prop41ColorRGB
  90
0
  102
RTVSPost2010PropOp41
  70
1
  102
RTVSPost2010Prop42
  90
50
  102
RTVSPost2010PropOp42
  70
1
  102
RTVSPost2010Prop43
  90
3
  102
RTVSPost2010PropOp43
  70
1
  102
RTVSPost2010Prop44ColorIndex
  90
5
  102
RTVSPost2010Prop44ColorRGB
  90
255
  102
RTVSPost2010PropOp44
  70
1
  102
RTVSPost2010Prop45
  280
0
  102
RTVSPost2010PropOp45
  70
1
  102
RTVSPost2010Prop46
  90
50
  102
RTVSPost2010PropOp46
  70
1
  102
RTVSPost2010Prop47
  90
50
  102
RTVSPost2010PropOp47
  70
1
  102
RTVSPost2010Prop48
  90
50
  102
RTVSPost2010PropOp48
  70
1
  102
RTVSPost2010Prop49
  280
0
  102
RTVSPost2010PropOp49
  70
1
  102
RTVSPost2010Prop50
  90
50
  102
RTVSPost2010PropOp50
  70
1
  102
RTVSPost2010Prop51ColorIndex
  90
256
  102
RTVSPost2010Prop51ColorRGB
  90
-16777216
  102
RTVSPost2010PropOp51
  70
0
  102
RTVSPost2010Prop52
  140
1
  102
RTVSPost2010PropOp52
  70
0
  102
RTVSPost2010Prop53
  90
2
  102
RTVSPost2010PropOp53
  70
1
  102
RTVSPost2010Prop54
  1
strokes_ogs.tif
  102
RTVSPost2010PropOp54
  70
1
  102
RTVSPost2010Prop55
  280
0
  102
RTVSPost2010PropOp55
  70
1
  102
RTVSPost2010Prop56
  140
1
  102
RTVSPost2010PropOp56
  70
1
  102
RTVSPost2010Prop57
  140
1
  102
RTVSPost2010PropOp57
  70
1
  102
RTVSPropertyOp0
  70
1
  102
RTVSPropertyOp1
  70
1
  102
RTVSPropertyOp2
  70
1
  102
RTVSPropertyOp3
  70
1
  102
RTVSPropertyOp4
  70
1
  102
RTVSPropertyOp5
  70
1
  102
RTVSPropertyOp6
  70
1
  102
RTVSPropertyOp7
  70
1
  102
RTVSPropertyOp8
  70
1
  102
RTVSPropertyOp9
  70
1
  102
RTVSPropertyOp10
  70
1
  102
RTVSPropertyOp11
  70
1
  102
RTVSPropertyOp12
  70
1
  102
RTVSPropertyOp13
  70
1
  102
RTVSPropertyOp14
  70
1
  102
RTVSPropertyOp15
  70
1
  102
RTVSPropertyOp16
  70
1
  102
RTVSPropertyOp17
  70
1
  102
RTVSPropertyOp18
  70
1
  102
RTVSPropertyOp19
  70
1
  102
RTVSPropertyOp20
  70
1
  102
RTVSPropertyOp21
  70
1
  102
RTVSPropertyOp22
  70
1
  102
RTVSPropertyOp23
  70
1
  102
RTVSPropertyOp24
  70
1
  102
RTVSPropertyOp25
  70
1
  102
RTVSPropertyOp26
  70
1
  102
RTVSPropertyOp27
  70
1
  102
RTVSPropertyOp28
  70
1
  102
RTVSPropertyOp29
  70
1
  102
RTVSPropertyOp30
  70
1
  102
RTVSPropertyOp31
  70
1
  102
RTVSPropertyOp32
  70
1
  102
RTVSPropertyOp33
  70
1
  102
RTVSPropertyOp34
  70
1
  102
RTVSPropertyOp35
  70
1
  102
RTVSPropertyOp36
  70
1
  102
RTVSPropertyOp37
  70
1
  102
RTVSPropertyOp38
  70
1
  102
RTVSPropertyOp39
  70
1
  102
RTVSPropertyOp40
  70
1
  102
RTVSPropertyOp41
  70
1
  102
RTVSPropertyOp42
  70
1
  102
RTVSPropertyOp43
  70
1
  102
RTVSPropertyOp44
  70
1
  102
RTVSPropertyOp45
  70
1
  102
RTVSPropertyOp46
  70
1
  102
RTVSPropertyOp47
  70
1
  102
RTVSPropertyOp48
  70
1
  102
RTVSPropertyOp49
  70
1
  102
RTVSPropertyOp50
  70
1
  102
RTVSPropertyOp51
  70
0
  102
RTVSPropertyOp52
  70
0
  102
RTVSPropertyOp53
  70
1
  102
RTVSPropertyOp54
  70
1
  102
RTVSPropertyOp55
  70
1
  102
RTVSPropertyOp56
  70
1
  102
RTVSPropertyOp57
  70
1
  102
RTVSPropertyOp58
  70
1
  102
RTVSPropertyOp59
  70
1
  102
RTVSPropertyOp60
  70
1
  102
RTVSPropertyOp61
  70
1
  102
RTVSPropertyOp62
  70
1
  0
XRECORD
  5
32F
  102
{ACAD_REACTORS
  330
32E
  102
}
  330
32E
  100
AcDbXrecord
  280
1
  102
RTVSPost2010Prop28
  280
0
  102
RTVSPost2010PropOp28
  70
1
  102
RTVSPost2010Prop29
  280
1
  102
RTVSPost2010PropOp29
  70
1
  102
RTVSPost2010Prop30
  280
1
  102
RTVSPost2010PropOp30
  70
1
  102
RTVSPost2010Prop31
  280
0
  102
RTVSPost2010PropOp31
  70
1
  102
RTVSPost2010Prop32
  280
0
  102
RTVSPost2010PropOp32
  70
1
  102
RTVSPost2010Prop33
  280
0
  102
RTVSPost2010PropOp33
  70
1
  102
RTVSPost2010Prop34
  280
0
  102
RTVSPost2010PropOp34
  70
1
  102
RTVSPost2010Prop35
  280
0
  102
RTVSPost2010PropOp35
  70
1
  102
RTVSPost2010Prop36
  280
0
  102
RTVSPost2010PropOp36
  70
1
  102
RTVSPost2010Prop37
  90
50
  102
RTVSPost2010PropOp37
  70
1
  102
RTVSPost2010Prop38
  140
0
  102
RTVSPost2010PropOp38
  70
1
  102
RTVSPost2010Prop39
  140
1
  102
RTVSPost2010PropOp39
  70
1
  102
RTVSPost2010Prop40
  90
0
  102
RTVSPost2010PropOp40
  70
1
  102
RTVSPost2010Prop41ColorIndex
  90
18
  102
RTVSPost2010Prop41ColorRGB
  90
0
  102
RTVSPost2010PropOp41
  70
1
  102
RTVSPost2010Prop42
  90
50
  102
RTVSPost2010PropOp42
  70
1
  102
RTVSPost2010Prop43
  90
3
  102
RTVSPost2010PropOp43
  70
1
  102
RTVSPost2010Prop44ColorIndex
  90
5
  102
RTVSPost2010Prop44ColorRGB
  90
255
  102
RTVSPost2010PropOp44
  70
1
  102
RTVSPost2010Prop45
  280
0
  102
RTVSPost2010PropOp45
  70
1
  102
RTVSPost2010Prop46
  90
50
  102
RTVSPost2010PropOp46
  70
1
  102
RTVSPost2010Prop47
  90
50
  102
RTVSPost2010PropOp47
  70
1
  102
RTVSPost2010Prop48
  90
50
  102
RTVSPost2010PropOp48
  70
1
  102
RTVSPost2010Prop49
  280
0
  102
RTVSPost2010PropOp49
  70
1
  102
RTVSPost2010Prop50
  90
50
  102
RTVSPost2010PropOp50
  70
1
  102
RTVSPost2010Prop51ColorIndex
  90
256
  102
RTVSPost2010Prop51ColorRGB
  90
-16777216
  102
RTVSPost2010PropOp51
  70
0
  102
RTVSPost2010Prop52
  140
1
  102
RTVSPost2010PropOp52
  70
0
  102
RTVSPost2010Prop53
  90
2
  102
RTVSPost2010PropOp53
  70
1
  102
RTVSPost2010Prop54
  1
strokes_ogs.tif
  102
RTVSPost2010PropOp54
  70
1
  102
RTVSPost2010Prop55
  280
0
  102
RTVSPost2010PropOp55
  70
1
  102
RTVSPost2010Prop56
  140
1
  102
RTVSPost2010PropOp56
  70
1
  102
RTVSPost2010Prop57
  140
1
  102
RTVSPost2010PropOp57
  70
1
  102
RTVSPropertyOp0
  70
0
  102
RTVSPropertyOp1
  70
0
  102
RTVSPropertyOp2
  70
0
  102
RTVSPropertyOp3
  70
0
  102
RTVSPropertyOp4
  70
0
  102
RTVSPropertyOp5
  70
0
  102
RTVSPropertyOp6
  70
0
  102
RTVSPropertyOp7
  70
0
  102
RTVSPropertyOp8
  70
0
  102
RTVSPropertyOp9
  70
0
  102
RTVSPropertyOp10
  70
0
  102
RTVSPropertyOp11
  70
0
  102
RTVSPropertyOp12
  70
0
  102
RTVSPropertyOp13
  70
0
  102
RTVSPropertyOp14
  70
2
  102
RTVSPropertyOp15
  70
0
  102
RTVSPropertyOp16
  70
0
  102
RTVSPropertyOp17
  70
0
  102
RTVSPropertyOp18
  70
0
  102
RTVSPropertyOp19
  70
0
  102
RTVSPropertyOp20
  70
0
  102
RTVSPropertyOp21
  70
0
  102
RTVSPropertyOp22
  70
0
  102
RTVSPropertyOp23
  70
0
  102
RTVSPropertyOp24
  70
0
  102
RTVSPropertyOp25
  70
0
  102
RTVSPropertyOp26
  70
0
  102
RTVSPropertyOp27
  70
0
  102
RTVSPropertyOp28
  70
1
  102
RTVSPropertyOp29
  70
1
  102
RTVSPropertyOp30
  70
1
  102
RTVSPropertyOp31
  70
1
  102
RTVSPropertyOp32
  70
1
  102
RTVSPropertyOp33
  70
1
  102
RTVSPropertyOp34
  70
1
  102
RTVSPropertyOp35
  70
1
  102
RTVSPropertyOp36
  70
1
  102
RTVSPropertyOp37
  70
1
  102
RTVSPropertyOp38
  70
1
  102
RTVSPropertyOp39
  70
1
  102
RTVSPropertyOp40
  70
1
  102
RTVSPropertyOp41
  70
1
  102
RTVSPropertyOp42
  70
1
  102
RTVSPropertyOp43
  70
1
  102
RTVSPropertyOp44
  70
1
  102
RTVSPropertyOp45
  70
1
  102
RTVSPropertyOp46
  70
1
  102
RTVSPropertyOp47
  70
1
  102
RTVSPropertyOp48
  70
1
  102
RTVSPropertyOp49
  70
1
  102
RTVSPropertyOp50
  70
1
  102
RTVSPropertyOp51
  70
0
  102
RTVSPropertyOp52
  70
0
  102
RTVSPropertyOp53
  70
1
  102
RTVSPropertyOp54
  70
1
  102
RTVSPropertyOp55
  70
1
  102
RTVSPropertyOp56
  70
1
  102
RTVSPropertyOp57
  70
1
  102
RTVSPropertyOp58
  70
1
  102
RTVSPropertyOp59
  70
1
  102
RTVSPropertyOp60
  70
1
  102
RTVSPropertyOp61
  70
1
  102
RTVSPropertyOp62
  70
1
  0
XRECORD
  5
327
  102
{ACAD_REACTORS
  330
326
  102
}
  330
326
  100
AcDbXrecord
  280
1
  102
RTVSPost2010Prop28
  280
0
  102
RTVSPost2010PropOp28
  70
1
  102
RTVSPost2010Prop29
  280
1
  102
RTVSPost2010PropOp29
  70
1
  102
RTVSPost2010Prop30
  280
1
  102
RTVSPost2010PropOp30
  70
1
  102
RTVSPost2010Prop31
  280
0
  102
RTVSPost2010PropOp31
  70
1
  102
RTVSPost2010Prop32
  280
0
  102
RTVSPost2010PropOp32
  70
1
  102
RTVSPost2010Prop33
  280
0
  102
RTVSPost2010PropOp33
  70
1
  102
RTVSPost2010Prop34
  280
0
  102
RTVSPost2010PropOp34
  70
1
  102
RTVSPost2010Prop35
  280
0
  102
RTVSPost2010PropOp35
  70
1
  102
RTVSPost2010Prop36
  280
0
  102
RTVSPost2010PropOp36
  70
1
  102
RTVSPost2010Prop37
  90
50
  102
RTVSPost2010PropOp37
  70
1
  102
RTVSPost2010Prop38
  140
0
  102
RTVSPost2010PropOp38
  70
1
  102
RTVSPost2010Prop39
  140
1
  102
RTVSPost2010PropOp39
  70
1
  102
RTVSPost2010Prop40
  90
0
  102
RTVSPost2010PropOp40
  70
1
  102
RTVSPost2010Prop41ColorIndex
  90
18
  102
RTVSPost2010Prop41ColorRGB
  90
0
  102
RTVSPost2010PropOp41
  70
1
  102
RTVSPost2010Prop42
  90
50
  102
RTVSPost2010PropOp42
  70
1
  102
RTVSPost2010Prop43
  90
3
  102
RTVSPost2010PropOp43
  70
1
  102
RTVSPost2010Prop44ColorIndex
  90
5
  102
RTVSPost2010Prop44ColorRGB
  90
255
  102
RTVSPost2010PropOp44
  70
1
  102
RTVSPost2010Prop45
  280
0
  102
RTVSPost2010PropOp45
  70
1
  102
RTVSPost2010Prop46
  90
50
  102
RTVSPost2010PropOp46
  70
1
  102
RTVSPost2010Prop47
  90
50
  102
RTVSPost2010PropOp47
  70
1
  102
RTVSPost2010Prop48
  90
50
  102
RTVSPost2010PropOp48
  70
1
  102
RTVSPost2010Prop49
  280
0
  102
RTVSPost2010PropOp49
  70
1
  102
RTVSPost2010Prop50
  90
50
  102
RTVSPost2010PropOp50
  70
1
  102
RTVSPost2010Prop51ColorIndex
  90
256
  102
RTVSPost2010Prop51ColorRGB
  90
-16777216
  102
RTVSPost2010PropOp51
  70
0
  102
RTVSPost2010Prop52
  140
1
  102
RTVSPost2010PropOp52
  70
0
  102
RTVSPost2010Prop53
  90
2
  102
RTVSPost2010PropOp53
  70
1
  102
RTVSPost2010Prop54
  1
strokes_ogs.tif
  102
RTVSPost2010PropOp54
  70
1
  102
RTVSPost2010Prop55
  280
0
  102
RTVSPost2010PropOp55
  70
1
  102
RTVSPost2010Prop56
  140
1
  102
RTVSPost2010PropOp56
  70
1
  102
RTVSPost2010Prop57
  140
1
  102
RTVSPost2010PropOp57
  70
1
  102
RTVSPropertyOp0
  70
1
  102
RTVSPropertyOp1
  70
1
  102
RTVSPropertyOp2
  70
1
  102
RTVSPropertyOp3
  70
1
  102
RTVSPropertyOp4
  70
1
  102
RTVSPropertyOp5
  70
1
  102
RTVSPropertyOp6
  70
1
  102
RTVSPropertyOp7
  70
1
  102
RTVSPropertyOp8
  70
1
  102
RTVSPropertyOp9
  70
1
  102
RTVSPropertyOp10
  70
1
  102
RTVSPropertyOp11
  70
1
  102
RTVSPropertyOp12
  70
1
  102
RTVSPropertyOp13
  70
1
  102
RTVSPropertyOp14
  70
1
  102
RTVSPropertyOp15
  70
1
  102
RTVSPropertyOp16
  70
1
  102
RTVSPropertyOp17
  70
1
  102
RTVSPropertyOp18
  70
1
  102
RTVSPropertyOp19
  70
1
  102
RTVSPropertyOp20
  70
1
  102
RTVSPropertyOp21
  70
1
  102
RTVSPropertyOp22
  70
1
  102
RTVSPropertyOp23
  70
1
  102
RTVSPropertyOp24
  70
1
  102
RTVSPropertyOp25
  70
1
  102
RTVSPropertyOp26
  70
1
  102
RTVSPropertyOp27
  70
1
  102
RTVSPropertyOp28
  70
1
  102
RTVSPropertyOp29
  70
1
  102
RTVSPropertyOp30
  70
1
  102
RTVSPropertyOp31
  70
1
  102
RTVSPropertyOp32
  70
1
  102
RTVSPropertyOp33
  70
1
  102
RTVSPropertyOp34
  70
1
  102
RTVSPropertyOp35
  70
1
  102
RTVSPropertyOp36
  70
1
  102
RTVSPropertyOp37
  70
1
  102
RTVSPropertyOp38
  70
1
  102
RTVSPropertyOp39
  70
1
  102
RTVSPropertyOp40
  70
1
  102
RTVSPropertyOp41
  70
1
  102
RTVSPropertyOp42
  70
1
  102
RTVSPropertyOp43
  70
1
  102
RTVSPropertyOp44
  70
1
  102
RTVSPropertyOp45
  70
1
  102
RTVSPropertyOp46
  70
1
  102
RTVSPropertyOp47
  70
1
  102
RTVSPropertyOp48
  70
1
  102
RTVSPropertyOp49
  70
1
  102
RTVSPropertyOp50
  70
1
  102
RTVSPropertyOp51
  70
0
  102
RTVSPropertyOp52
  70
0
  102
RTVSPropertyOp53
  70
1
  102
RTVSPropertyOp54
  70
1
  102
RTVSPropertyOp55
  70
1
  102
RTVSPropertyOp56
  70
1
  102
RTVSPropertyOp57
  70
1
  102
RTVSPropertyOp58
  70
1
  102
RTVSPropertyOp59
  70
1
  102
RTVSPropertyOp60
  70
1
  102
RTVSPropertyOp61
  70
1
  102
RTVSPropertyOp62
  70
1
  0
XRECORD
  5
30B
  102
{ACAD_REACTORS
  330
30A
  102
}
  330
30A
  100
AcDbXrecord
  280
1
  102
RTVSPost2010Prop28
  280
0
  102
RTVSPost2010PropOp28
  70
1
  102
RTVSPost2010Prop29
  280
1
  102
RTVSPost2010PropOp29
  70
1
  102
RTVSPost2010Prop30
  280
1
  102
RTVSPost2010PropOp30
  70
1
  102
RTVSPost2010Prop31
  280
0
  102
RTVSPost2010PropOp31
  70
1
  102
RTVSPost2010Prop32
  280
0
  102
RTVSPost2010PropOp32
  70
1
  102
RTVSPost2010Prop33
  280
0
  102
RTVSPost2010PropOp33
  70
1
  102
RTVSPost2010Prop34
  280
0
  102
RTVSPost2010PropOp34
  70
1
  102
RTVSPost2010Prop35
  280
0
  102
RTVSPost2010PropOp35
  70
1
  102
RTVSPost2010Prop36
  280
0
  102
RTVSPost2010PropOp36
  70
1
  102
RTVSPost2010Prop37
  90
50
  102
RTVSPost2010PropOp37
  70
1
  102
RTVSPost2010Prop38
  140
0
  102
RTVSPost2010PropOp38
  70
1
  102
RTVSPost2010Prop39
  140
1
  102
RTVSPost2010PropOp39
  70
1
  102
RTVSPost2010Prop40
  90
0
  102
RTVSPost2010PropOp40
  70
1
  102
RTVSPost2010Prop41ColorIndex
  90
18
  102
RTVSPost2010Prop41ColorRGB
  90
0
  102
RTVSPost2010PropOp41
  70
1
  102
RTVSPost2010Prop42
  90
50
  102
RTVSPost2010PropOp42
  70
1
  102
RTVSPost2010Prop43
  90
3
  102
RTVSPost2010PropOp43
  70
1
  102
RTVSPost2010Prop44ColorIndex
  90
5
  102
RTVSPost2010Prop44ColorRGB
  90
255
  102
RTVSPost2010PropOp44
  70
1
  102
RTVSPost2010Prop45
  280
0
  102
RTVSPost2010PropOp45
  70
1
  102
RTVSPost2010Prop46
  90
50
  102
RTVSPost2010PropOp46
  70
1
  102
RTVSPost2010Prop47
  90
50
  102
RTVSPost2010PropOp47
  70
1
  102
RTVSPost2010Prop48
  90
50
  102
RTVSPost2010PropOp48
  70
1
  102
RTVSPost2010Prop49
  280
0
  102
RTVSPost2010PropOp49
  70
1
  102
RTVSPost2010Prop50
  90
50
  102
RTVSPost2010PropOp50
  70
1
  102
RTVSPost2010Prop51ColorIndex
  90
256
  102
RTVSPost2010Prop51ColorRGB
  90
-16777216
  102
RTVSPost2010PropOp51
  70
0
  102
RTVSPost2010Prop52
  140
1
  102
RTVSPost2010PropOp52
  70
0
  102
RTVSPost2010Prop53
  90
2
  102
RTVSPost2010PropOp53
  70
1
  102
RTVSPost2010Prop54
  1
strokes_ogs.tif
  102
RTVSPost2010PropOp54
  70
1
  102
RTVSPost2010Prop55
  280
0
  102
RTVSPost2010PropOp55
  70
1
  102
RTVSPost2010Prop56
  140
1
  102
RTVSPost2010PropOp56
  70
1
  102
RTVSPost2010Prop57
  140
1
  102
RTVSPost2010PropOp57
  70
1
  102
RTVSPropertyOp0
  70
1
  102
RTVSPropertyOp1
  70
1
  102
RTVSPropertyOp2
  70
1
  102
RTVSPropertyOp3
  70
1
  102
RTVSPropertyOp4
  70
1
  102
RTVSPropertyOp5
  70
1
  102
RTVSPropertyOp6
  70
1
  102
RTVSPropertyOp7
  70
1
  102
RTVSPropertyOp8
  70
1
  102
RTVSPropertyOp9
  70
1
  102
RTVSPropertyOp10
  70
1
  102
RTVSPropertyOp11
  70
1
  102
RTVSPropertyOp12
  70
1
  102
RTVSPropertyOp13
  70
1
  102
RTVSPropertyOp14
  70
1
  102
RTVSPropertyOp15
  70
1
  102
RTVSPropertyOp16
  70
1
  102
RTVSPropertyOp17
  70
1
  102
RTVSPropertyOp18
  70
1
  102
RTVSPropertyOp19
  70
1
  102
RTVSPropertyOp20
  70
1
  102
RTVSPropertyOp21
  70
1
  102
RTVSPropertyOp22
  70
1
  102
RTVSPropertyOp23
  70
1
  102
RTVSPropertyOp24
  70
1
  102
RTVSPropertyOp25
  70
1
  102
RTVSPropertyOp26
  70
1
  102
RTVSPropertyOp27
  70
1
  102
RTVSPropertyOp28
  70
1
  102
RTVSPropertyOp29
  70
1
  102
RTVSPropertyOp30
  70
1
  102
RTVSPropertyOp31
  70
1
  102
RTVSPropertyOp32
  70
1
  102
RTVSPropertyOp33
  70
1
  102
RTVSPropertyOp34
  70
1
  102
RTVSPropertyOp35
  70
1
  102
RTVSPropertyOp36
  70
1
  102
RTVSPropertyOp37
  70
1
  102
RTVSPropertyOp38
  70
1
  102
RTVSPropertyOp39
  70
1
  102
RTVSPropertyOp40
  70
1
  102
RTVSPropertyOp41
  70
1
  102
RTVSPropertyOp42
  70
1
  102
RTVSPropertyOp43
  70
1
  102
RTVSPropertyOp44
  70
1
  102
RTVSPropertyOp45
  70
1
  102
RTVSPropertyOp46
  70
1
  102
RTVSPropertyOp47
  70
1
  102
RTVSPropertyOp48
  70
1
  102
RTVSPropertyOp49
  70
1
  102
RTVSPropertyOp50
  70
1
  102
RTVSPropertyOp51
  70
0
  102
RTVSPropertyOp52
  70
0
  102
RTVSPropertyOp53
  70
1
  102
RTVSPropertyOp54
  70
1
  102
RTVSPropertyOp55
  70
1
  102
RTVSPropertyOp56
  70
1
  102
RTVSPropertyOp57
  70
1
  102
RTVSPropertyOp58
  70
1
  102
RTVSPropertyOp59
  70
1
  102
RTVSPropertyOp60
  70
1
  102
RTVSPropertyOp61
  70
1
  102
RTVSPropertyOp62
  70
1
  0
XRECORD
  5
30D
  102
{ACAD_REACTORS
  330
30C
  102
}
  330
30C
  100
AcDbXrecord
  280
1
  102
RTVSPost2010Prop28
  280
0
  102
RTVSPost2010PropOp28
  70
1
  102
RTVSPost2010Prop29
  280
1
  102
RTVSPost2010PropOp29
  70
1
  102
RTVSPost2010Prop30
  280
1
  102
RTVSPost2010PropOp30
  70
1
  102
RTVSPost2010Prop31
  280
0
  102
RTVSPost2010PropOp31
  70
1
  102
RTVSPost2010Prop32
  280
0
  102
RTVSPost2010PropOp32
  70
1
  102
RTVSPost2010Prop33
  280
0
  102
RTVSPost2010PropOp33
  70
1
  102
RTVSPost2010Prop34
  280
0
  102
RTVSPost2010PropOp34
  70
1
  102
RTVSPost2010Prop35
  280
0
  102
RTVSPost2010PropOp35
  70
1
  102
RTVSPost2010Prop36
  280
0
  102
RTVSPost2010PropOp36
  70
1
  102
RTVSPost2010Prop37
  90
50
  102
RTVSPost2010PropOp37
  70
1
  102
RTVSPost2010Prop38
  140
0
  102
RTVSPost2010PropOp38
  70
1
  102
RTVSPost2010Prop39
  140
1
  102
RTVSPost2010PropOp39
  70
1
  102
RTVSPost2010Prop40
  90
0
  102
RTVSPost2010PropOp40
  70
1
  102
RTVSPost2010Prop41ColorIndex
  90
18
  102
RTVSPost2010Prop41ColorRGB
  90
0
  102
RTVSPost2010PropOp41
  70
1
  102
RTVSPost2010Prop42
  90
50
  102
RTVSPost2010PropOp42
  70
1
  102
RTVSPost2010Prop43
  90
3
  102
RTVSPost2010PropOp43
  70
1
  102
RTVSPost2010Prop44ColorIndex
  90
5
  102
RTVSPost2010Prop44ColorRGB
  90
255
  102
RTVSPost2010PropOp44
  70
1
  102
RTVSPost2010Prop45
  280
0
  102
RTVSPost2010PropOp45
  70
1
  102
RTVSPost2010Prop46
  90
50
  102
RTVSPost2010PropOp46
  70
1
  102
RTVSPost2010Prop47
  90
50
  102
RTVSPost2010PropOp47
  70
1
  102
RTVSPost2010Prop48
  90
50
  102
RTVSPost2010PropOp48
  70
1
  102
RTVSPost2010Prop49
  280
0
  102
RTVSPost2010PropOp49
  70
1
  102
RTVSPost2010Prop50
  90
50
  102
RTVSPost2010PropOp50
  70
1
  102
RTVSPost2010Prop51ColorIndex
  90
256
  102
RTVSPost2010Prop51ColorRGB
  90
-16777216
  102
RTVSPost2010PropOp51
  70
0
  102
RTVSPost2010Prop52
  140
1
  102
RTVSPost2010PropOp52
  70
0
  102
RTVSPost2010Prop53
  90
2
  102
RTVSPost2010PropOp53
  70
1
  102
RTVSPost2010Prop54
  1
strokes_ogs.tif
  102
RTVSPost2010PropOp54
  70
1
  102
RTVSPost2010Prop55
  280
0
  102
RTVSPost2010PropOp55
  70
1
  102
RTVSPost2010Prop56
  140
1
  102
RTVSPost2010PropOp56
  70
1
  102
RTVSPost2010Prop57
  140
1
  102
RTVSPost2010PropOp57
  70
1
  102
RTVSPropertyOp0
  70
1
  102
RTVSPropertyOp1
  70
1
  102
RTVSPropertyOp2
  70
1
  102
RTVSPropertyOp3
  70
1
  102
RTVSPropertyOp4
  70
1
  102
RTVSPropertyOp5
  70
1
  102
RTVSPropertyOp6
  70
1
  102
RTVSPropertyOp7
  70
1
  102
RTVSPropertyOp8
  70
1
  102
RTVSPropertyOp9
  70
1
  102
RTVSPropertyOp10
  70
1
  102
RTVSPropertyOp11
  70
1
  102
RTVSPropertyOp12
  70
1
  102
RTVSPropertyOp13
  70
1
  102
RTVSPropertyOp14
  70
1
  102
RTVSPropertyOp15
  70
1
  102
RTVSPropertyOp16
  70
1
  102
RTVSPropertyOp17
  70
1
  102
RTVSPropertyOp18
  70
1
  102
RTVSPropertyOp19
  70
1
  102
RTVSPropertyOp20
  70
1
  102
RTVSPropertyOp21
  70
1
  102
RTVSPropertyOp22
  70
1
  102
RTVSPropertyOp23
  70
1
  102
RTVSPropertyOp24
  70
1
  102
RTVSPropertyOp25
  70
1
  102
RTVSPropertyOp26
  70
1
  102
RTVSPropertyOp27
  70
1
  102
RTVSPropertyOp28
  70
1
  102
RTVSPropertyOp29
  70
1
  102
RTVSPropertyOp30
  70
1
  102
RTVSPropertyOp31
  70
1
  102
RTVSPropertyOp32
  70
1
  102
RTVSPropertyOp33
  70
1
  102
RTVSPropertyOp34
  70
1
  102
RTVSPropertyOp35
  70
1
  102
RTVSPropertyOp36
  70
1
  102
RTVSPropertyOp37
  70
1
  102
RTVSPropertyOp38
  70
1
  102
RTVSPropertyOp39
  70
1
  102
RTVSPropertyOp40
  70
1
  102
RTVSPropertyOp41
  70
1
  102
RTVSPropertyOp42
  70
1
  102
RTVSPropertyOp43
  70
1
  102
RTVSPropertyOp44
  70
1
  102
RTVSPropertyOp45
  70
1
  102
RTVSPropertyOp46
  70
1
  102
RTVSPropertyOp47
  70
1
  102
RTVSPropertyOp48
  70
1
  102
RTVSPropertyOp49
  70
1
  102
RTVSPropertyOp50
  70
1
  102
RTVSPropertyOp51
  70
0
  102
RTVSPropertyOp52
  70
0
  102
RTVSPropertyOp53
  70
1
  102
RTVSPropertyOp54
  70
1
  102
RTVSPropertyOp55
  70
1
  102
RTVSPropertyOp56
  70
1
  102
RTVSPropertyOp57
  70
1
  102
RTVSPropertyOp58
  70
1
  102
RTVSPropertyOp59
  70
1
  102
RTVSPropertyOp60
  70
1
  102
RTVSPropertyOp61
  70
1
  102
RTVSPropertyOp62
  70
1
  0
XRECORD
  5
30F
  102
{ACAD_REACTORS
  330
30E
  102
}
  330
30E
  100
AcDbXrecord
  280
1
  102
RTVSPost2010Prop28
  280
0
  102
RTVSPost2010PropOp28
  70
1
  102
RTVSPost2010Prop29
  280
1
  102
RTVSPost2010PropOp29
  70
1
  102
RTVSPost2010Prop30
  280
1
  102
RTVSPost2010PropOp30
  70
1
  102
RTVSPost2010Prop31
  280
0
  102
RTVSPost2010PropOp31
  70
1
  102
RTVSPost2010Prop32
  280
0
  102
RTVSPost2010PropOp32
  70
1
  102
RTVSPost2010Prop33
  280
0
  102
RTVSPost2010PropOp33
  70
1
  102
RTVSPost2010Prop34
  280
0
  102
RTVSPost2010PropOp34
  70
1
  102
RTVSPost2010Prop35
  280
0
  102
RTVSPost2010PropOp35
  70
1
  102
RTVSPost2010Prop36
  280
0
  102
RTVSPost2010PropOp36
  70
1
  102
RTVSPost2010Prop37
  90
50
  102
RTVSPost2010PropOp37
  70
1
  102
RTVSPost2010Prop38
  140
0
  102
RTVSPost2010PropOp38
  70
1
  102
RTVSPost2010Prop39
  140
1
  102
RTVSPost2010PropOp39
  70
1
  102
RTVSPost2010Prop40
  90
0
  102
RTVSPost2010PropOp40
  70
1
  102
RTVSPost2010Prop41ColorIndex
  90
18
  102
RTVSPost2010Prop41ColorRGB
  90
0
  102
RTVSPost2010PropOp41
  70
1
  102
RTVSPost2010Prop42
  90
50
  102
RTVSPost2010PropOp42
  70
1
  102
RTVSPost2010Prop43
  90
3
  102
RTVSPost2010PropOp43
  70
1
  102
RTVSPost2010Prop44ColorIndex
  90
5
  102
RTVSPost2010Prop44ColorRGB
  90
255
  102
RTVSPost2010PropOp44
  70
1
  102
RTVSPost2010Prop45
  280
0
  102
RTVSPost2010PropOp45
  70
1
  102
RTVSPost2010Prop46
  90
50
  102
RTVSPost2010PropOp46
  70
1
  102
RTVSPost2010Prop47
  90
50
  102
RTVSPost2010PropOp47
  70
1
  102
RTVSPost2010Prop48
  90
50
  102
RTVSPost2010PropOp48
  70
1
  102
RTVSPost2010Prop49
  280
0
  102
RTVSPost2010PropOp49
  70
1
  102
RTVSPost2010Prop50
  90
50
  102
RTVSPost2010PropOp50
  70
1
  102
RTVSPost2010Prop51ColorIndex
  90
256
  102
RTVSPost2010Prop51ColorRGB
  90
-16777216
  102
RTVSPost2010PropOp51
  70
0
  102
RTVSPost2010Prop52
  140
1
  102
RTVSPost2010PropOp52
  70
0
  102
RTVSPost2010Prop53
  90
2
  102
RTVSPost2010PropOp53
  70
1
  102
RTVSPost2010Prop54
  1
strokes_ogs.tif
  102
RTVSPost2010PropOp54
  70
1
  102
RTVSPost2010Prop55
  280
0
  102
RTVSPost2010PropOp55
  70
1
  102
RTVSPost2010Prop56
  140
1
  102
RTVSPost2010PropOp56
  70
1
  102
RTVSPost2010Prop57
  140
1
  102
RTVSPost2010PropOp57
  70
1
  102
RTVSPropertyOp0
  70
1
  102
RTVSPropertyOp1
  70
1
  102
RTVSPropertyOp2
  70
1
  102
RTVSPropertyOp3
  70
1
  102
RTVSPropertyOp4
  70
1
  102
RTVSPropertyOp5
  70
1
  102
RTVSPropertyOp6
  70
1
  102
RTVSPropertyOp7
  70
1
  102
RTVSPropertyOp8
  70
1
  102
RTVSPropertyOp9
  70
1
  102
RTVSPropertyOp10
  70
1
  102
RTVSPropertyOp11
  70
1
  102
RTVSPropertyOp12
  70
1
  102
RTVSPropertyOp13
  70
1
  102
RTVSPropertyOp14
  70
1
  102
RTVSPropertyOp15
  70
1
  102
RTVSPropertyOp16
  70
1
  102
RTVSPropertyOp17
  70
1
  102
RTVSPropertyOp18
  70
1
  102
RTVSPropertyOp19
  70
1
  102
RTVSPropertyOp20
  70
1
  102
RTVSPropertyOp21
  70
1
  102
RTVSPropertyOp22
  70
1
  102
RTVSPropertyOp23
  70
1
  102
RTVSPropertyOp24
  70
1
  102
RTVSPropertyOp25
  70
1
  102
RTVSPropertyOp26
  70
1
  102
RTVSPropertyOp27
  70
1
  102
RTVSPropertyOp28
  70
1
  102
RTVSPropertyOp29
  70
1
  102
RTVSPropertyOp30
  70
1
  102
RTVSPropertyOp31
  70
1
  102
RTVSPropertyOp32
  70
1
  102
RTVSPropertyOp33
  70
1
  102
RTVSPropertyOp34
  70
1
  102
RTVSPropertyOp35
  70
1
  102
RTVSPropertyOp36
  70
1
  102
RTVSPropertyOp37
  70
1
  102
RTVSPropertyOp38
  70
1
  102
RTVSPropertyOp39
  70
1
  102
RTVSPropertyOp40
  70
1
  102
RTVSPropertyOp41
  70
1
  102
RTVSPropertyOp42
  70
1
  102
RTVSPropertyOp43
  70
1
  102
RTVSPropertyOp44
  70
1
  102
RTVSPropertyOp45
  70
1
  102
RTVSPropertyOp46
  70
1
  102
RTVSPropertyOp47
  70
1
  102
RTVSPropertyOp48
  70
1
  102
RTVSPropertyOp49
  70
1
  102
RTVSPropertyOp50
  70
1
  102
RTVSPropertyOp51
  70
0
  102
RTVSPropertyOp52
  70
0
  102
RTVSPropertyOp53
  70
1
  102
RTVSPropertyOp54
  70
1
  102
RTVSPropertyOp55
  70
1
  102
RTVSPropertyOp56
  70
1
  102
RTVSPropertyOp57
  70
1
  102
RTVSPropertyOp58
  70
1
  102
RTVSPropertyOp59
  70
1
  102
RTVSPropertyOp60
  70
1
  102
RTVSPropertyOp61
  70
1
  102
RTVSPropertyOp62
  70
1
  0
XRECORD
  5
311
  102
{ACAD_REACTORS
  330
310
  102
}
  330
310
  100
AcDbXrecord
  280
1
  102
RTVSPost2010Prop28
  280
0
  102
RTVSPost2010PropOp28
  70
1
  102
RTVSPost2010Prop29
  280
1
  102
RTVSPost2010PropOp29
  70
1
  102
RTVSPost2010Prop30
  280
1
  102
RTVSPost2010PropOp30
  70
1
  102
RTVSPost2010Prop31
  280
0
  102
RTVSPost2010PropOp31
  70
1
  102
RTVSPost2010Prop32
  280
0
  102
RTVSPost2010PropOp32
  70
1
  102
RTVSPost2010Prop33
  280
0
  102
RTVSPost2010PropOp33
  70
1
  102
RTVSPost2010Prop34
  280
0
  102
RTVSPost2010PropOp34
  70
1
  102
RTVSPost2010Prop35
  280
0
  102
RTVSPost2010PropOp35
  70
1
  102
RTVSPost2010Prop36
  280
0
  102
RTVSPost2010PropOp36
  70
1
  102
RTVSPost2010Prop37
  90
50
  102
RTVSPost2010PropOp37
  70
1
  102
RTVSPost2010Prop38
  140
0
  102
RTVSPost2010PropOp38
  70
1
  102
RTVSPost2010Prop39
  140
1
  102
RTVSPost2010PropOp39
  70
1
  102
RTVSPost2010Prop40
  90
0
  102
RTVSPost2010PropOp40
  70
1
  102
RTVSPost2010Prop41ColorIndex
  90
18
  102
RTVSPost2010Prop41ColorRGB
  90
0
  102
RTVSPost2010PropOp41
  70
1
  102
RTVSPost2010Prop42
  90
50
  102
RTVSPost2010PropOp42
  70
1
  102
RTVSPost2010Prop43
  90
3
  102
RTVSPost2010PropOp43
  70
1
  102
RTVSPost2010Prop44ColorIndex
  90
5
  102
RTVSPost2010Prop44ColorRGB
  90
255
  102
RTVSPost2010PropOp44
  70
1
  102
RTVSPost2010Prop45
  280
0
  102
RTVSPost2010PropOp45
  70
1
  102
RTVSPost2010Prop46
  90
50
  102
RTVSPost2010PropOp46
  70
1
  102
RTVSPost2010Prop47
  90
50
  102
RTVSPost2010PropOp47
  70
1
  102
RTVSPost2010Prop48
  90
50
  102
RTVSPost2010PropOp48
  70
1
  102
RTVSPost2010Prop49
  280
0
  102
RTVSPost2010PropOp49
  70
1
  102
RTVSPost2010Prop50
  90
50
  102
RTVSPost2010PropOp50
  70
1
  102
RTVSPost2010Prop51ColorIndex
  90
256
  102
RTVSPost2010Prop51ColorRGB
  90
-16777216
  102
RTVSPost2010PropOp51
  70
0
  102
RTVSPost2010Prop52
  140
1
  102
RTVSPost2010PropOp52
  70
0
  102
RTVSPost2010Prop53
  90
2
  102
RTVSPost2010PropOp53
  70
1
  102
RTVSPost2010Prop54
  1
strokes_ogs.tif
  102
RTVSPost2010PropOp54
  70
1
  102
RTVSPost2010Prop55
  280
0
  102
RTVSPost2010PropOp55
  70
1
  102
RTVSPost2010Prop56
  140
1
  102
RTVSPost2010PropOp56
  70
1
  102
RTVSPost2010Prop57
  140
1
  102
RTVSPost2010PropOp57
  70
1
  102
RTVSPropertyOp0
  70
1
  102
RTVSPropertyOp1
  70
1
  102
RTVSPropertyOp2
  70
1
  102
RTVSPropertyOp3
  70
1
  102
RTVSPropertyOp4
  70
1
  102
RTVSPropertyOp5
  70
1
  102
RTVSPropertyOp6
  70
1
  102
RTVSPropertyOp7
  70
1
  102
RTVSPropertyOp8
  70
1
  102
RTVSPropertyOp9
  70
1
  102
RTVSPropertyOp10
  70
1
  102
RTVSPropertyOp11
  70
1
  102
RTVSPropertyOp12
  70
1
  102
RTVSPropertyOp13
  70
1
  102
RTVSPropertyOp14
  70
1
  102
RTVSPropertyOp15
  70
1
  102
RTVSPropertyOp16
  70
1
  102
RTVSPropertyOp17
  70
1
  102
RTVSPropertyOp18
  70
1
  102
RTVSPropertyOp19
  70
1
  102
RTVSPropertyOp20
  70
1
  102
RTVSPropertyOp21
  70
1
  102
RTVSPropertyOp22
  70
1
  102
RTVSPropertyOp23
  70
1
  102
RTVSPropertyOp24
  70
1
  102
RTVSPropertyOp25
  70
1
  102
RTVSPropertyOp26
  70
1
  102
RTVSPropertyOp27
  70
1
  102
RTVSPropertyOp28
  70
1
  102
RTVSPropertyOp29
  70
1
  102
RTVSPropertyOp30
  70
1
  102
RTVSPropertyOp31
  70
1
  102
RTVSPropertyOp32
  70
1
  102
RTVSPropertyOp33
  70
1
  102
RTVSPropertyOp34
  70
1
  102
RTVSPropertyOp35
  70
1
  102
RTVSPropertyOp36
  70
1
  102
RTVSPropertyOp37
  70
1
  102
RTVSPropertyOp38
  70
1
  102
RTVSPropertyOp39
  70
1
  102
RTVSPropertyOp40
  70
1
  102
RTVSPropertyOp41
  70
1
  102
RTVSPropertyOp42
  70
1
  102
RTVSPropertyOp43
  70
1
  102
RTVSPropertyOp44
  70
1
  102
RTVSPropertyOp45
  70
1
  102
RTVSPropertyOp46
  70
1
  102
RTVSPropertyOp47
  70
1
  102
RTVSPropertyOp48
  70
1
  102
RTVSPropertyOp49
  70
1
  102
RTVSPropertyOp50
  70
1
  102
RTVSPropertyOp51
  70
0
  102
RTVSPropertyOp52
  70
0
  102
RTVSPropertyOp53
  70
1
  102
RTVSPropertyOp54
  70
1
  102
RTVSPropertyOp55
  70
1
  102
RTVSPropertyOp56
  70
1
  102
RTVSPropertyOp57
  70
1
  102
RTVSPropertyOp58
  70
1
  102
RTVSPropertyOp59
  70
1
  102
RTVSPropertyOp60
  70
1
  102
RTVSPropertyOp61
  70
1
  102
RTVSPropertyOp62
  70
1
  0
XRECORD
  5
319
  102
{ACAD_REACTORS
  330
318
  102
}
  330
318
  100
AcDbXrecord
  280
1
  102
RTVSPost2010Prop28
  280
0
  102
RTVSPost2010PropOp28
  70
1
  102
RTVSPost2010Prop29
  280
1
  102
RTVSPost2010PropOp29
  70
1
  102
RTVSPost2010Prop30
  280
1
  102
RTVSPost2010PropOp30
  70
1
  102
RTVSPost2010Prop31
  280
0
  102
RTVSPost2010PropOp31
  70
1
  102
RTVSPost2010Prop32
  280
0
  102
RTVSPost2010PropOp32
  70
1
  102
RTVSPost2010Prop33
  280
0
  102
RTVSPost2010PropOp33
  70
1
  102
RTVSPost2010Prop34
  280
0
  102
RTVSPost2010PropOp34
  70
1
  102
RTVSPost2010Prop35
  280
0
  102
RTVSPost2010PropOp35
  70
1
  102
RTVSPost2010Prop36
  280
0
  102
RTVSPost2010PropOp36
  70
1
  102
RTVSPost2010Prop37
  90
50
  102
RTVSPost2010PropOp37
  70
1
  102
RTVSPost2010Prop38
  140
0
  102
RTVSPost2010PropOp38
  70
1
  102
RTVSPost2010Prop39
  140
1
  102
RTVSPost2010PropOp39
  70
1
  102
RTVSPost2010Prop40
  90
0
  102
RTVSPost2010PropOp40
  70
1
  102
RTVSPost2010Prop41ColorIndex
  90
18
  102
RTVSPost2010Prop41ColorRGB
  90
0
  102
RTVSPost2010PropOp41
  70
1
  102
RTVSPost2010Prop42
  90
50
  102
RTVSPost2010PropOp42
  70
1
  102
RTVSPost2010Prop43
  90
3
  102
RTVSPost2010PropOp43
  70
1
  102
RTVSPost2010Prop44ColorIndex
  90
5
  102
RTVSPost2010Prop44ColorRGB
  90
255
  102
RTVSPost2010PropOp44
  70
1
  102
RTVSPost2010Prop45
  280
0
  102
RTVSPost2010PropOp45
  70
1
  102
RTVSPost2010Prop46
  90
50
  102
RTVSPost2010PropOp46
  70
1
  102
RTVSPost2010Prop47
  90
50
  102
RTVSPost2010PropOp47
  70
1
  102
RTVSPost2010Prop48
  90
50
  102
RTVSPost2010PropOp48
  70
1
  102
RTVSPost2010Prop49
  280
0
  102
RTVSPost2010PropOp49
  70
1
  102
RTVSPost2010Prop50
  90
50
  102
RTVSPost2010PropOp50
  70
1
  102
RTVSPost2010Prop51ColorIndex
  90
256
  102
RTVSPost2010Prop51ColorRGB
  90
-16777216
  102
RTVSPost2010PropOp51
  70
0
  102
RTVSPost2010Prop52
  140
1
  102
RTVSPost2010PropOp52
  70
0
  102
RTVSPost2010Prop53
  90
2
  102
RTVSPost2010PropOp53
  70
1
  102
RTVSPost2010Prop54
  1
strokes_ogs.tif
  102
RTVSPost2010PropOp54
  70
1
  102
RTVSPost2010Prop55
  280
0
  102
RTVSPost2010PropOp55
  70
1
  102
RTVSPost2010Prop56
  140
1
  102
RTVSPost2010PropOp56
  70
1
  102
RTVSPost2010Prop57
  140
1
  102
RTVSPost2010PropOp57
  70
1
  102
RTVSPropertyOp0
  70
1
  102
RTVSPropertyOp1
  70
1
  102
RTVSPropertyOp2
  70
1
  102
RTVSPropertyOp3
  70
1
  102
RTVSPropertyOp4
  70
1
  102
RTVSPropertyOp5
  70
1
  102
RTVSPropertyOp6
  70
1
  102
RTVSPropertyOp7
  70
1
  102
RTVSPropertyOp8
  70
1
  102
RTVSPropertyOp9
  70
1
  102
RTVSPropertyOp10
  70
1
  102
RTVSPropertyOp11
  70
1
  102
RTVSPropertyOp12
  70
1
  102
RTVSPropertyOp13
  70
1
  102
RTVSPropertyOp14
  70
1
  102
RTVSPropertyOp15
  70
1
  102
RTVSPropertyOp16
  70
1
  102
RTVSPropertyOp17
  70
1
  102
RTVSPropertyOp18
  70
1
  102
RTVSPropertyOp19
  70
1
  102
RTVSPropertyOp20
  70
1
  102
RTVSPropertyOp21
  70
1
  102
RTVSPropertyOp22
  70
1
  102
RTVSPropertyOp23
  70
1
  102
RTVSPropertyOp24
  70
1
  102
RTVSPropertyOp25
  70
1
  102
RTVSPropertyOp26
  70
1
  102
RTVSPropertyOp27
  70
1
  102
RTVSPropertyOp28
  70
1
  102
RTVSPropertyOp29
  70
1
  102
RTVSPropertyOp30
  70
1
  102
RTVSPropertyOp31
  70
1
  102
RTVSPropertyOp32
  70
1
  102
RTVSPropertyOp33
  70
1
  102
RTVSPropertyOp34
  70
1
  102
RTVSPropertyOp35
  70
1
  102
RTVSPropertyOp36
  70
1
  102
RTVSPropertyOp37
  70
1
  102
RTVSPropertyOp38
  70
1
  102
RTVSPropertyOp39
  70
1
  102
RTVSPropertyOp40
  70
1
  102
RTVSPropertyOp41
  70
1
  102
RTVSPropertyOp42
  70
1
  102
RTVSPropertyOp43
  70
1
  102
RTVSPropertyOp44
  70
1
  102
RTVSPropertyOp45
  70
1
  102
RTVSPropertyOp46
  70
1
  102
RTVSPropertyOp47
  70
1
  102
RTVSPropertyOp48
  70
1
  102
RTVSPropertyOp49
  70
1
  102
RTVSPropertyOp50
  70
1
  102
RTVSPropertyOp51
  70
0
  102
RTVSPropertyOp52
  70
0
  102
RTVSPropertyOp53
  70
1
  102
RTVSPropertyOp54
  70
1
  102
RTVSPropertyOp55
  70
1
  102
RTVSPropertyOp56
  70
1
  102
RTVSPropertyOp57
  70
1
  102
RTVSPropertyOp58
  70
1
  102
RTVSPropertyOp59
  70
1
  102
RTVSPropertyOp60
  70
1
  102
RTVSPropertyOp61
  70
1
  102
RTVSPropertyOp62
  70
1
  0
XRECORD
  5
32B
  102
{ACAD_REACTORS
  330
32A
  102
}
  330
32A
  100
AcDbXrecord
  280
1
  102
RTVSPost2010Prop28
  280
0
  102
RTVSPost2010PropOp28
  70
1
  102
RTVSPost2010Prop29
  280
1
  102
RTVSPost2010PropOp29
  70
1
  102
RTVSPost2010Prop30
  280
1
  102
RTVSPost2010PropOp30
  70
1
  102
RTVSPost2010Prop31
  280
0
  102
RTVSPost2010PropOp31
  70
1
  102
RTVSPost2010Prop32
  280
0
  102
RTVSPost2010PropOp32
  70
1
  102
RTVSPost2010Prop33
  280
0
  102
RTVSPost2010PropOp33
  70
1
  102
RTVSPost2010Prop34
  280
0
  102
RTVSPost2010PropOp34
  70
1
  102
RTVSPost2010Prop35
  280
0
  102
RTVSPost2010PropOp35
  70
1
  102
RTVSPost2010Prop36
  280
0
  102
RTVSPost2010PropOp36
  70
1
  102
RTVSPost2010Prop37
  90
50
  102
RTVSPost2010PropOp37
  70
1
  102
RTVSPost2010Prop38
  140
0
  102
RTVSPost2010PropOp38
  70
1
  102
RTVSPost2010Prop39
  140
1
  102
RTVSPost2010PropOp39
  70
1
  102
RTVSPost2010Prop40
  90
0
  102
RTVSPost2010PropOp40
  70
1
  102
RTVSPost2010Prop41ColorIndex
  90
18
  102
RTVSPost2010Prop41ColorRGB
  90
0
  102
RTVSPost2010PropOp41
  70
1
  102
RTVSPost2010Prop42
  90
50
  102
RTVSPost2010PropOp42
  70
1
  102
RTVSPost2010Prop43
  90
3
  102
RTVSPost2010PropOp43
  70
1
  102
RTVSPost2010Prop44ColorIndex
  90
5
  102
RTVSPost2010Prop44ColorRGB
  90
255
  102
RTVSPost2010PropOp44
  70
1
  102
RTVSPost2010Prop45
  280
0
  102
RTVSPost2010PropOp45
  70
1
  102
RTVSPost2010Prop46
  90
50
  102
RTVSPost2010PropOp46
  70
1
  102
RTVSPost2010Prop47
  90
50
  102
RTVSPost2010PropOp47
  70
1
  102
RTVSPost2010Prop48
  90
50
  102
RTVSPost2010PropOp48
  70
1
  102
RTVSPost2010Prop49
  280
0
  102
RTVSPost2010PropOp49
  70
1
  102
RTVSPost2010Prop50
  90
50
  102
RTVSPost2010PropOp50
  70
1
  102
RTVSPost2010Prop51ColorIndex
  90
256
  102
RTVSPost2010Prop51ColorRGB
  90
-16777216
  102
RTVSPost2010PropOp51
  70
0
  102
RTVSPost2010Prop52
  140
1
  102
RTVSPost2010PropOp52
  70
0
  102
RTVSPost2010Prop53
  90
2
  102
RTVSPost2010PropOp53
  70
1
  102
RTVSPost2010Prop54
  1
strokes_ogs.tif
  102
RTVSPost2010PropOp54
  70
1
  102
RTVSPost2010Prop55
  280
0
  102
RTVSPost2010PropOp55
  70
1
  102
RTVSPost2010Prop56
  140
1
  102
RTVSPost2010PropOp56
  70
1
  102
RTVSPost2010Prop57
  140
1
  102
RTVSPost2010PropOp57
  70
1
  102
RTVSPropertyOp0
  70
0
  102
RTVSPropertyOp1
  70
0
  102
RTVSPropertyOp2
  70
0
  102
RTVSPropertyOp3
  70
0
  102
RTVSPropertyOp4
  70
0
  102
RTVSPropertyOp5
  70
0
  102
RTVSPropertyOp6
  70
0
  102
RTVSPropertyOp7
  70
0
  102
RTVSPropertyOp8
  70
0
  102
RTVSPropertyOp9
  70
0
  102
RTVSPropertyOp10
  70
0
  102
RTVSPropertyOp11
  70
0
  102
RTVSPropertyOp12
  70
0
  102
RTVSPropertyOp13
  70
0
  102
RTVSPropertyOp14
  70
2
  102
RTVSPropertyOp15
  70
0
  102
RTVSPropertyOp16
  70
0
  102
RTVSPropertyOp17
  70
0
  102
RTVSPropertyOp18
  70
0
  102
RTVSPropertyOp19
  70
0
  102
RTVSPropertyOp20
  70
0
  102
RTVSPropertyOp21
  70
0
  102
RTVSPropertyOp22
  70
0
  102
RTVSPropertyOp23
  70
0
  102
RTVSPropertyOp24
  70
0
  102
RTVSPropertyOp25
  70
0
  102
RTVSPropertyOp26
  70
0
  102
RTVSPropertyOp27
  70
0
  102
RTVSPropertyOp28
  70
1
  102
RTVSPropertyOp29
  70
1
  102
RTVSPropertyOp30
  70
1
  102
RTVSPropertyOp31
  70
1
  102
RTVSPropertyOp32
  70
1
  102
RTVSPropertyOp33
  70
1
  102
RTVSPropertyOp34
  70
1
  102
RTVSPropertyOp35
  70
1
  102
RTVSPropertyOp36
  70
1
  102
RTVSPropertyOp37
  70
1
  102
RTVSPropertyOp38
  70
1
  102
RTVSPropertyOp39
  70
1
  102
RTVSPropertyOp40
  70
1
  102
RTVSPropertyOp41
  70
1
  102
RTVSPropertyOp42
  70
1
  102
RTVSPropertyOp43
  70
1
  102
RTVSPropertyOp44
  70
1
  102
RTVSPropertyOp45
  70
1
  102
RTVSPropertyOp46
  70
1
  102
RTVSPropertyOp47
  70
1
  102
RTVSPropertyOp48
  70
1
  102
RTVSPropertyOp49
  70
1
  102
RTVSPropertyOp50
  70
1
  102
RTVSPropertyOp51
  70
0
  102
RTVSPropertyOp52
  70
0
  102
RTVSPropertyOp53
  70
1
  102
RTVSPropertyOp54
  70
1
  102
RTVSPropertyOp55
  70
1
  102
RTVSPropertyOp56
  70
1
  102
RTVSPropertyOp57
  70
1
  102
RTVSPropertyOp58
  70
1
  102
RTVSPropertyOp59
  70
1
  102
RTVSPropertyOp60
  70
1
  102
RTVSPropertyOp61
  70
1
  102
RTVSPropertyOp62
  70
1
  0
XRECORD
  5
325
  102
{ACAD_REACTORS
  330
324
  102
}
  330
324
  100
AcDbXrecord
  280
1
  102
RTVSPost2010Prop28
  280
0
  102
RTVSPost2010PropOp28
  70
1
  102
RTVSPost2010Prop29
  280
1
  102
RTVSPost2010PropOp29
  70
1
  102
RTVSPost2010Prop30
  280
1
  102
RTVSPost2010PropOp30
  70
1
  102
RTVSPost2010Prop31
  280
0
  102
RTVSPost2010PropOp31
  70
1
  102
RTVSPost2010Prop32
  280
0
  102
RTVSPost2010PropOp32
  70
1
  102
RTVSPost2010Prop33
  280
0
  102
RTVSPost2010PropOp33
  70
1
  102
RTVSPost2010Prop34
  280
0
  102
RTVSPost2010PropOp34
  70
1
  102
RTVSPost2010Prop35
  280
0
  102
RTVSPost2010PropOp35
  70
1
  102
RTVSPost2010Prop36
  280
0
  102
RTVSPost2010PropOp36
  70
1
  102
RTVSPost2010Prop37
  90
50
  102
RTVSPost2010PropOp37
  70
1
  102
RTVSPost2010Prop38
  140
0
  102
RTVSPost2010PropOp38
  70
1
  102
RTVSPost2010Prop39
  140
1
  102
RTVSPost2010PropOp39
  70
1
  102
RTVSPost2010Prop40
  90
0
  102
RTVSPost2010PropOp40
  70
1
  102
RTVSPost2010Prop41ColorIndex
  90
18
  102
RTVSPost2010Prop41ColorRGB
  90
0
  102
RTVSPost2010PropOp41
  70
1
  102
RTVSPost2010Prop42
  90
50
  102
RTVSPost2010PropOp42
  70
1
  102
RTVSPost2010Prop43
  90
3
  102
RTVSPost2010PropOp43
  70
1
  102
RTVSPost2010Prop44ColorIndex
  90
5
  102
RTVSPost2010Prop44ColorRGB
  90
255
  102
RTVSPost2010PropOp44
  70
1
  102
RTVSPost2010Prop45
  280
0
  102
RTVSPost2010PropOp45
  70
1
  102
RTVSPost2010Prop46
  90
50
  102
RTVSPost2010PropOp46
  70
1
  102
RTVSPost2010Prop47
  90
50
  102
RTVSPost2010PropOp47
  70
1
  102
RTVSPost2010Prop48
  90
50
  102
RTVSPost2010PropOp48
  70
1
  102
RTVSPost2010Prop49
  280
0
  102
RTVSPost2010PropOp49
  70
1
  102
RTVSPost2010Prop50
  90
50
  102
RTVSPost2010PropOp50
  70
1
  102
RTVSPost2010Prop51ColorIndex
  90
256
  102
RTVSPost2010Prop51ColorRGB
  90
-16777216
  102
RTVSPost2010PropOp51
  70
0
  102
RTVSPost2010Prop52
  140
1
  102
RTVSPost2010PropOp52
  70
0
  102
RTVSPost2010Prop53
  90
2
  102
RTVSPost2010PropOp53
  70
1
  102
RTVSPost2010Prop54
  1
strokes_ogs.tif
  102
RTVSPost2010PropOp54
  70
1
  102
RTVSPost2010Prop55
  280
0
  102
RTVSPost2010PropOp55
  70
1
  102
RTVSPost2010Prop56
  140
1
  102
RTVSPost2010PropOp56
  70
1
  102
RTVSPost2010Prop57
  140
1
  102
RTVSPost2010PropOp57
  70
1
  102
RTVSPropertyOp0
  70
1
  102
RTVSPropertyOp1
  70
1
  102
RTVSPropertyOp2
  70
1
  102
RTVSPropertyOp3
  70
1
  102
RTVSPropertyOp4
  70
1
  102
RTVSPropertyOp5
  70
1
  102
RTVSPropertyOp6
  70
1
  102
RTVSPropertyOp7
  70
1
  102
RTVSPropertyOp8
  70
1
  102
RTVSPropertyOp9
  70
1
  102
RTVSPropertyOp10
  70
1
  102
RTVSPropertyOp11
  70
1
  102
RTVSPropertyOp12
  70
1
  102
RTVSPropertyOp13
  70
1
  102
RTVSPropertyOp14
  70
1
  102
RTVSPropertyOp15
  70
1
  102
RTVSPropertyOp16
  70
1
  102
RTVSPropertyOp17
  70
1
  102
RTVSPropertyOp18
  70
1
  102
RTVSPropertyOp19
  70
1
  102
RTVSPropertyOp20
  70
1
  102
RTVSPropertyOp21
  70
1
  102
RTVSPropertyOp22
  70
1
  102
RTVSPropertyOp23
  70
1
  102
RTVSPropertyOp24
  70
1
  102
RTVSPropertyOp25
  70
1
  102
RTVSPropertyOp26
  70
1
  102
RTVSPropertyOp27
  70
1
  102
RTVSPropertyOp28
  70
1
  102
RTVSPropertyOp29
  70
1
  102
RTVSPropertyOp30
  70
1
  102
RTVSPropertyOp31
  70
1
  102
RTVSPropertyOp32
  70
1
  102
RTVSPropertyOp33
  70
1
  102
RTVSPropertyOp34
  70
1
  102
RTVSPropertyOp35
  70
1
  102
RTVSPropertyOp36
  70
1
  102
RTVSPropertyOp37
  70
1
  102
RTVSPropertyOp38
  70
1
  102
RTVSPropertyOp39
  70
1
  102
RTVSPropertyOp40
  70
1
  102
RTVSPropertyOp41
  70
1
  102
RTVSPropertyOp42
  70
1
  102
RTVSPropertyOp43
  70
1
  102
RTVSPropertyOp44
  70
1
  102
RTVSPropertyOp45
  70
1
  102
RTVSPropertyOp46
  70
1
  102
RTVSPropertyOp47
  70
1
  102
RTVSPropertyOp48
  70
1
  102
RTVSPropertyOp49
  70
1
  102
RTVSPropertyOp50
  70
1
  102
RTVSPropertyOp51
  70
0
  102
RTVSPropertyOp52
  70
0
  102
RTVSPropertyOp53
  70
1
  102
RTVSPropertyOp54
  70
1
  102
RTVSPropertyOp55
  70
1
  102
RTVSPropertyOp56
  70
1
  102
RTVSPropertyOp57
  70
1
  102
RTVSPropertyOp58
  70
1
  102
RTVSPropertyOp59
  70
1
  102
RTVSPropertyOp60
  70
1
  102
RTVSPropertyOp61
  70
1
  102
RTVSPropertyOp62
  70
1
  0
XRECORD
  5
32D
  102
{ACAD_REACTORS
  330
32C
  102
}
  330
32C
  100
AcDbXrecord
  280
1
  102
RTVSPost2010Prop28
  280
0
  102
RTVSPost2010PropOp28
  70
1
  102
RTVSPost2010Prop29
  280
1
  102
RTVSPost2010PropOp29
  70
1
  102
RTVSPost2010Prop30
  280
1
  102
RTVSPost2010PropOp30
  70
1
  102
RTVSPost2010Prop31
  280
0
  102
RTVSPost2010PropOp31
  70
1
  102
RTVSPost2010Prop32
  280
0
  102
RTVSPost2010PropOp32
  70
1
  102
RTVSPost2010Prop33
  280
0
  102
RTVSPost2010PropOp33
  70
1
  102
RTVSPost2010Prop34
  280
0
  102
RTVSPost2010PropOp34
  70
1
  102
RTVSPost2010Prop35
  280
0
  102
RTVSPost2010PropOp35
  70
1
  102
RTVSPost2010Prop36
  280
0
  102
RTVSPost2010PropOp36
  70
1
  102
RTVSPost2010Prop37
  90
50
  102
RTVSPost2010PropOp37
  70
1
  102
RTVSPost2010Prop38
  140
0
  102
RTVSPost2010PropOp38
  70
1
  102
RTVSPost2010Prop39
  140
1
  102
RTVSPost2010PropOp39
  70
1
  102
RTVSPost2010Prop40
  90
0
  102
RTVSPost2010PropOp40
  70
1
  102
RTVSPost2010Prop41ColorIndex
  90
18
  102
RTVSPost2010Prop41ColorRGB
  90
0
  102
RTVSPost2010PropOp41
  70
1
  102
RTVSPost2010Prop42
  90
50
  102
RTVSPost2010PropOp42
  70
1
  102
RTVSPost2010Prop43
  90
3
  102
RTVSPost2010PropOp43
  70
1
  102
RTVSPost2010Prop44ColorIndex
  90
5
  102
RTVSPost2010Prop44ColorRGB
  90
255
  102
RTVSPost2010PropOp44
  70
1
  102
RTVSPost2010Prop45
  280
0
  102
RTVSPost2010PropOp45
  70
1
  102
RTVSPost2010Prop46
  90
50
  102
RTVSPost2010PropOp46
  70
1
  102
RTVSPost2010Prop47
  90
50
  102
RTVSPost2010PropOp47
  70
1
  102
RTVSPost2010Prop48
  90
50
  102
RTVSPost2010PropOp48
  70
1
  102
RTVSPost2010Prop49
  280
0
  102
RTVSPost2010PropOp49
  70
1
  102
RTVSPost2010Prop50
  90
50
  102
RTVSPost2010PropOp50
  70
1
  102
RTVSPost2010Prop51ColorIndex
  90
256
  102
RTVSPost2010Prop51ColorRGB
  90
-16777216
  102
RTVSPost2010PropOp51
  70
0
  102
RTVSPost2010Prop52
  140
1
  102
RTVSPost2010PropOp52
  70
0
  102
RTVSPost2010Prop53
  90
2
  102
RTVSPost2010PropOp53
  70
1
  102
RTVSPost2010Prop54
  1
strokes_ogs.tif
  102
RTVSPost2010PropOp54
  70
1
  102
RTVSPost2010Prop55
  280
0
  102
RTVSPost2010PropOp55
  70
1
  102
RTVSPost2010Prop56
  140
1
  102
RTVSPost2010PropOp56
  70
1
  102
RTVSPost2010Prop57
  140
1
  102
RTVSPost2010PropOp57
  70
1
  102
RTVSPropertyOp0
  70
0
  102
RTVSPropertyOp1
  70
0
  102
RTVSPropertyOp2
  70
0
  102
RTVSPropertyOp3
  70
0
  102
RTVSPropertyOp4
  70
0
  102
RTVSPropertyOp5
  70
0
  102
RTVSPropertyOp6
  70
0
  102
RTVSPropertyOp7
  70
0
  102
RTVSPropertyOp8
  70
0
  102
RTVSPropertyOp9
  70
0
  102
RTVSPropertyOp10
  70
0
  102
RTVSPropertyOp11
  70
0
  102
RTVSPropertyOp12
  70
0
  102
RTVSPropertyOp13
  70
0
  102
RTVSPropertyOp14
  70
2
  102
RTVSPropertyOp15
  70
0
  102
RTVSPropertyOp16
  70
0
  102
RTVSPropertyOp17
  70
0
  102
RTVSPropertyOp18
  70
0
  102
RTVSPropertyOp19
  70
0
  102
RTVSPropertyOp20
  70
0
  102
RTVSPropertyOp21
  70
0
  102
RTVSPropertyOp22
  70
0
  102
RTVSPropertyOp23
  70
0
  102
RTVSPropertyOp24
  70
0
  102
RTVSPropertyOp25
  70
0
  102
RTVSPropertyOp26
  70
0
  102
RTVSPropertyOp27
  70
0
  102
RTVSPropertyOp28
  70
1
  102
RTVSPropertyOp29
  70
1
  102
RTVSPropertyOp30
  70
1
  102
RTVSPropertyOp31
  70
1
  102
RTVSPropertyOp32
  70
1
  102
RTVSPropertyOp33
  70
1
  102
RTVSPropertyOp34
  70
1
  102
RTVSPropertyOp35
  70
1
  102
RTVSPropertyOp36
  70
1
  102
RTVSPropertyOp37
  70
1
  102
RTVSPropertyOp38
  70
1
  102
RTVSPropertyOp39
  70
1
  102
RTVSPropertyOp40
  70
1
  102
RTVSPropertyOp41
  70
1
  102
RTVSPropertyOp42
  70
1
  102
RTVSPropertyOp43
  70
1
  102
RTVSPropertyOp44
  70
1
  102
RTVSPropertyOp45
  70
1
  102
RTVSPropertyOp46
  70
1
  102
RTVSPropertyOp47
  70
1
  102
RTVSPropertyOp48
  70
1
  102
RTVSPropertyOp49
  70
1
  102
RTVSPropertyOp50
  70
1
  102
RTVSPropertyOp51
  70
0
  102
RTVSPropertyOp52
  70
0
  102
RTVSPropertyOp53
  70
1
  102
RTVSPropertyOp54
  70
1
  102
RTVSPropertyOp55
  70
1
  102
RTVSPropertyOp56
  70
1
  102
RTVSPropertyOp57
  70
1
  102
RTVSPropertyOp58
  70
1
  102
RTVSPropertyOp59
  70
1
  102
RTVSPropertyOp60
  70
1
  102
RTVSPropertyOp61
  70
1
  102
RTVSPropertyOp62
  70
1
  0
XRECORD
  5
31D
  102
{ACAD_REACTORS
  330
31C
  102
}
  330
31C
  100
AcDbXrecord
  280
1
  102
RTVSPost2010Prop28
  280
0
  102
RTVSPost2010PropOp28
  70
1
  102
RTVSPost2010Prop29
  280
1
  102
RTVSPost2010PropOp29
  70
1
  102
RTVSPost2010Prop30
  280
1
  102
RTVSPost2010PropOp30
  70
1
  102
RTVSPost2010Prop31
  280
0
  102
RTVSPost2010PropOp31
  70
1
  102
RTVSPost2010Prop32
  280
0
  102
RTVSPost2010PropOp32
  70
1
  102
RTVSPost2010Prop33
  280
0
  102
RTVSPost2010PropOp33
  70
1
  102
RTVSPost2010Prop34
  280
0
  102
RTVSPost2010PropOp34
  70
1
  102
RTVSPost2010Prop35
  280
0
  102
RTVSPost2010PropOp35
  70
1
  102
RTVSPost2010Prop36
  280
0
  102
RTVSPost2010PropOp36
  70
1
  102
RTVSPost2010Prop37
  90
50
  102
RTVSPost2010PropOp37
  70
1
  102
RTVSPost2010Prop38
  140
0
  102
RTVSPost2010PropOp38
  70
1
  102
RTVSPost2010Prop39
  140
1
  102
RTVSPost2010PropOp39
  70
1
  102
RTVSPost2010Prop40
  90
0
  102
RTVSPost2010PropOp40
  70
1
  102
RTVSPost2010Prop41ColorIndex
  90
18
  102
RTVSPost2010Prop41ColorRGB
  90
0
  102
RTVSPost2010PropOp41
  70
1
  102
RTVSPost2010Prop42
  90
50
  102
RTVSPost2010PropOp42
  70
1
  102
RTVSPost2010Prop43
  90
3
  102
RTVSPost2010PropOp43
  70
1
  102
RTVSPost2010Prop44ColorIndex
  90
5
  102
RTVSPost2010Prop44ColorRGB
  90
255
  102
RTVSPost2010PropOp44
  70
1
  102
RTVSPost2010Prop45
  280
0
  102
RTVSPost2010PropOp45
  70
1
  102
RTVSPost2010Prop46
  90
50
  102
RTVSPost2010PropOp46
  70
1
  102
RTVSPost2010Prop47
  90
50
  102
RTVSPost2010PropOp47
  70
1
  102
RTVSPost2010Prop48
  90
50
  102
RTVSPost2010PropOp48
  70
1
  102
RTVSPost2010Prop49
  280
0
  102
RTVSPost2010PropOp49
  70
1
  102
RTVSPost2010Prop50
  90
50
  102
RTVSPost2010PropOp50
  70
1
  102
RTVSPost2010Prop51ColorIndex
  90
256
  102
RTVSPost2010Prop51ColorRGB
  90
-16777216
  102
RTVSPost2010PropOp51
  70
0
  102
RTVSPost2010Prop52
  140
1
  102
RTVSPost2010PropOp52
  70
0
  102
RTVSPost2010Prop53
  90
2
  102
RTVSPost2010PropOp53
  70
1
  102
RTVSPost2010Prop54
  1
strokes_ogs.tif
  102
RTVSPost2010PropOp54
  70
1
  102
RTVSPost2010Prop55
  280
0
  102
RTVSPost2010PropOp55
  70
1
  102
RTVSPost2010Prop56
  140
1
  102
RTVSPost2010PropOp56
  70
1
  102
RTVSPost2010Prop57
  140
1
  102
RTVSPost2010PropOp57
  70
1
  102
RTVSPropertyOp0
  70
1
  102
RTVSPropertyOp1
  70
1
  102
RTVSPropertyOp2
  70
1
  102
RTVSPropertyOp3
  70
1
  102
RTVSPropertyOp4
  70
1
  102
RTVSPropertyOp5
  70
1
  102
RTVSPropertyOp6
  70
1
  102
RTVSPropertyOp7
  70
1
  102
RTVSPropertyOp8
  70
1
  102
RTVSPropertyOp9
  70
1
  102
RTVSPropertyOp10
  70
1
  102
RTVSPropertyOp11
  70
1
  102
RTVSPropertyOp12
  70
1
  102
RTVSPropertyOp13
  70
1
  102
RTVSPropertyOp14
  70
1
  102
RTVSPropertyOp15
  70
1
  102
RTVSPropertyOp16
  70
1
  102
RTVSPropertyOp17
  70
1
  102
RTVSPropertyOp18
  70
1
  102
RTVSPropertyOp19
  70
1
  102
RTVSPropertyOp20
  70
1
  102
RTVSPropertyOp21
  70
1
  102
RTVSPropertyOp22
  70
1
  102
RTVSPropertyOp23
  70
1
  102
RTVSPropertyOp24
  70
1
  102
RTVSPropertyOp25
  70
1
  102
RTVSPropertyOp26
  70
1
  102
RTVSPropertyOp27
  70
1
  102
RTVSPropertyOp28
  70
1
  102
RTVSPropertyOp29
  70
1
  102
RTVSPropertyOp30
  70
1
  102
RTVSPropertyOp31
  70
1
  102
RTVSPropertyOp32
  70
1
  102
RTVSPropertyOp33
  70
1
  102
RTVSPropertyOp34
  70
1
  102
RTVSPropertyOp35
  70
1
  102
RTVSPropertyOp36
  70
1
  102
RTVSPropertyOp37
  70
1
  102
RTVSPropertyOp38
  70
1
  102
RTVSPropertyOp39
  70
1
  102
RTVSPropertyOp40
  70
1
  102
RTVSPropertyOp41
  70
1
  102
RTVSPropertyOp42
  70
1
  102
RTVSPropertyOp43
  70
1
  102
RTVSPropertyOp44
  70
1
  102
RTVSPropertyOp45
  70
1
  102
RTVSPropertyOp46
  70
1
  102
RTVSPropertyOp47
  70
1
  102
RTVSPropertyOp48
  70
1
  102
RTVSPropertyOp49
  70
1
  102
RTVSPropertyOp50
  70
1
  102
RTVSPropertyOp51
  70
0
  102
RTVSPropertyOp52
  70
0
  102
RTVSPropertyOp53
  70
1
  102
RTVSPropertyOp54
  70
1
  102
RTVSPropertyOp55
  70
1
  102
RTVSPropertyOp56
  70
1
  102
RTVSPropertyOp57
  70
1
  102
RTVSPropertyOp58
  70
1
  102
RTVSPropertyOp59
  70
1
  102
RTVSPropertyOp60
  70
1
  102
RTVSPropertyOp61
  70
1
  102
RTVSPropertyOp62
  70
1
  0
XRECORD
  5
339
  102
{ACAD_REACTORS
  330
338
  102
}
  330
338
  100
AcDbXrecord
  280
1
  102
RTVSPost2010Prop28
  280
0
  102
RTVSPost2010PropOp28
  70
1
  102
RTVSPost2010Prop29
  280
1
  102
RTVSPost2010PropOp29
  70
1
  102
RTVSPost2010Prop30
  280
1
  102
RTVSPost2010PropOp30
  70
1
  102
RTVSPost2010Prop31
  280
0
  102
RTVSPost2010PropOp31
  70
1
  102
RTVSPost2010Prop32
  280
0
  102
RTVSPost2010PropOp32
  70
1
  102
RTVSPost2010Prop33
  280
0
  102
RTVSPost2010PropOp33
  70
1
  102
RTVSPost2010Prop34
  280
0
  102
RTVSPost2010PropOp34
  70
1
  102
RTVSPost2010Prop35
  280
0
  102
RTVSPost2010PropOp35
  70
1
  102
RTVSPost2010Prop36
  280
0
  102
RTVSPost2010PropOp36
  70
1
  102
RTVSPost2010Prop37
  90
50
  102
RTVSPost2010PropOp37
  70
1
  102
RTVSPost2010Prop38
  140
0
  102
RTVSPost2010PropOp38
  70
1
  102
RTVSPost2010Prop39
  140
1
  102
RTVSPost2010PropOp39
  70
1
  102
RTVSPost2010Prop40
  90
0
  102
RTVSPost2010PropOp40
  70
1
  102
RTVSPost2010Prop41ColorIndex
  90
18
  102
RTVSPost2010Prop41ColorRGB
  90
0
  102
RTVSPost2010PropOp41
  70
1
  102
RTVSPost2010Prop42
  90
50
  102
RTVSPost2010PropOp42
  70
1
  102
RTVSPost2010Prop43
  90
3
  102
RTVSPost2010PropOp43
  70
1
  102
RTVSPost2010Prop44ColorIndex
  90
5
  102
RTVSPost2010Prop44ColorRGB
  90
255
  102
RTVSPost2010PropOp44
  70
1
  102
RTVSPost2010Prop45
  280
0
  102
RTVSPost2010PropOp45
  70
1
  102
RTVSPost2010Prop46
  90
50
  102
RTVSPost2010PropOp46
  70
1
  102
RTVSPost2010Prop47
  90
50
  102
RTVSPost2010PropOp47
  70
1
  102
RTVSPost2010Prop48
  90
50
  102
RTVSPost2010PropOp48
  70
1
  102
RTVSPost2010Prop49
  280
0
  102
RTVSPost2010PropOp49
  70
1
  102
RTVSPost2010Prop50
  90
50
  102
RTVSPost2010PropOp50
  70
1
  102
RTVSPost2010Prop51ColorIndex
  90
256
  102
RTVSPost2010Prop51ColorRGB
  90
-16777216
  102
RTVSPost2010PropOp51
  70
0
  102
RTVSPost2010Prop52
  140
1
  102
RTVSPost2010PropOp52
  70
0
  102
RTVSPost2010Prop53
  90
2
  102
RTVSPost2010PropOp53
  70
1
  102
RTVSPost2010Prop54
  1
strokes_ogs.tif
  102
RTVSPost2010PropOp54
  70
1
  102
RTVSPost2010Prop55
  280
0
  102
RTVSPost2010PropOp55
  70
1
  102
RTVSPost2010Prop56
  140
1
  102
RTVSPost2010PropOp56
  70
1
  102
RTVSPost2010Prop57
  140
1
  102
RTVSPost2010PropOp57
  70
1
  102
RTVSPropertyOp0
  70
1
  102
RTVSPropertyOp1
  70
1
  102
RTVSPropertyOp2
  70
1
  102
RTVSPropertyOp3
  70
1
  102
RTVSPropertyOp4
  70
1
  102
RTVSPropertyOp5
  70
1
  102
RTVSPropertyOp6
  70
1
  102
RTVSPropertyOp7
  70
1
  102
RTVSPropertyOp8
  70
1
  102
RTVSPropertyOp9
  70
1
  102
RTVSPropertyOp10
  70
1
  102
RTVSPropertyOp11
  70
1
  102
RTVSPropertyOp12
  70
1
  102
RTVSPropertyOp13
  70
1
  102
RTVSPropertyOp14
  70
1
  102
RTVSPropertyOp15
  70
1
  102
RTVSPropertyOp16
  70
1
  102
RTVSPropertyOp17
  70
1
  102
RTVSPropertyOp18
  70
1
  102
RTVSPropertyOp19
  70
1
  102
RTVSPropertyOp20
  70
1
  102
RTVSPropertyOp21
  70
1
  102
RTVSPropertyOp22
  70
1
  102
RTVSPropertyOp23
  70
1
  102
RTVSPropertyOp24
  70
1
  102
RTVSPropertyOp25
  70
1
  102
RTVSPropertyOp26
  70
1
  102
RTVSPropertyOp27
  70
1
  102
RTVSPropertyOp28
  70
1
  102
RTVSPropertyOp29
  70
1
  102
RTVSPropertyOp30
  70
1
  102
RTVSPropertyOp31
  70
1
  102
RTVSPropertyOp32
  70
1
  102
RTVSPropertyOp33
  70
1
  102
RTVSPropertyOp34
  70
1
  102
RTVSPropertyOp35
  70
1
  102
RTVSPropertyOp36
  70
1
  102
RTVSPropertyOp37
  70
1
  102
RTVSPropertyOp38
  70
1
  102
RTVSPropertyOp39
  70
1
  102
RTVSPropertyOp40
  70
1
  102
RTVSPropertyOp41
  70
1
  102
RTVSPropertyOp42
  70
1
  102
RTVSPropertyOp43
  70
1
  102
RTVSPropertyOp44
  70
1
  102
RTVSPropertyOp45
  70
1
  102
RTVSPropertyOp46
  70
1
  102
RTVSPropertyOp47
  70
1
  102
RTVSPropertyOp48
  70
1
  102
RTVSPropertyOp49
  70
1
  102
RTVSPropertyOp50
  70
1
  102
RTVSPropertyOp51
  70
0
  102
RTVSPropertyOp52
  70
0
  102
RTVSPropertyOp53
  70
1
  102
RTVSPropertyOp54
  70
1
  102
RTVSPropertyOp55
  70
1
  102
RTVSPropertyOp56
  70
1
  102
RTVSPropertyOp57
  70
1
  102
RTVSPropertyOp58
  70
1
  102
RTVSPropertyOp59
  70
1
  102
RTVSPropertyOp60
  70
1
  102
RTVSPropertyOp61
  70
1
  102
RTVSPropertyOp62
  70
1
  0
XRECORD
  5
337
  102
{ACAD_REACTORS
  330
336
  102
}
  330
336
  100
AcDbXrecord
  280
1
  102
RTVSPost2010Prop28
  280
0
  102
RTVSPost2010PropOp28
  70
1
  102
RTVSPost2010Prop29
  280
1
  102
RTVSPost2010PropOp29
  70
1
  102
RTVSPost2010Prop30
  280
1
  102
RTVSPost2010PropOp30
  70
1
  102
RTVSPost2010Prop31
  280
0
  102
RTVSPost2010PropOp31
  70
1
  102
RTVSPost2010Prop32
  280
0
  102
RTVSPost2010PropOp32
  70
1
  102
RTVSPost2010Prop33
  280
0
  102
RTVSPost2010PropOp33
  70
1
  102
RTVSPost2010Prop34
  280
0
  102
RTVSPost2010PropOp34
  70
1
  102
RTVSPost2010Prop35
  280
0
  102
RTVSPost2010PropOp35
  70
1
  102
RTVSPost2010Prop36
  280
0
  102
RTVSPost2010PropOp36
  70
1
  102
RTVSPost2010Prop37
  90
50
  102
RTVSPost2010PropOp37
  70
1
  102
RTVSPost2010Prop38
  140
0
  102
RTVSPost2010PropOp38
  70
1
  102
RTVSPost2010Prop39
  140
1
  102
RTVSPost2010PropOp39
  70
1
  102
RTVSPost2010Prop40
  90
0
  102
RTVSPost2010PropOp40
  70
1
  102
RTVSPost2010Prop41ColorIndex
  90
18
  102
RTVSPost2010Prop41ColorRGB
  90
0
  102
RTVSPost2010PropOp41
  70
1
  102
RTVSPost2010Prop42
  90
50
  102
RTVSPost2010PropOp42
  70
1
  102
RTVSPost2010Prop43
  90
3
  102
RTVSPost2010PropOp43
  70
1
  102
RTVSPost2010Prop44ColorIndex
  90
5
  102
RTVSPost2010Prop44ColorRGB
  90
255
  102
RTVSPost2010PropOp44
  70
1
  102
RTVSPost2010Prop45
  280
0
  102
RTVSPost2010PropOp45
  70
1
  102
RTVSPost2010Prop46
  90
50
  102
RTVSPost2010PropOp46
  70
1
  102
RTVSPost2010Prop47
  90
50
  102
RTVSPost2010PropOp47
  70
1
  102
RTVSPost2010Prop48
  90
50
  102
RTVSPost2010PropOp48
  70
1
  102
RTVSPost2010Prop49
  280
0
  102
RTVSPost2010PropOp49
  70
1
  102
RTVSPost2010Prop50
  90
50
  102
RTVSPost2010PropOp50
  70
1
  102
RTVSPost2010Prop51ColorIndex
  90
256
  102
RTVSPost2010Prop51ColorRGB
  90
-16777216
  102
RTVSPost2010PropOp51
  70
0
  102
RTVSPost2010Prop52
  140
1
  102
RTVSPost2010PropOp52
  70
0
  102
RTVSPost2010Prop53
  90
2
  102
RTVSPost2010PropOp53
  70
1
  102
RTVSPost2010Prop54
  1
strokes_ogs.tif
  102
RTVSPost2010PropOp54
  70
1
  102
RTVSPost2010Prop55
  280
0
  102
RTVSPost2010PropOp55
  70
1
  102
RTVSPost2010Prop56
  140
1
  102
RTVSPost2010PropOp56
  70
1
  102
RTVSPost2010Prop57
  140
1
  102
RTVSPost2010PropOp57
  70
1
  102
RTVSPropertyOp0
  70
1
  102
RTVSPropertyOp1
  70
1
  102
RTVSPropertyOp2
  70
1
  102
RTVSPropertyOp3
  70
1
  102
RTVSPropertyOp4
  70
1
  102
RTVSPropertyOp5
  70
1
  102
RTVSPropertyOp6
  70
1
  102
RTVSPropertyOp7
  70
1
  102
RTVSPropertyOp8
  70
1
  102
RTVSPropertyOp9
  70
1
  102
RTVSPropertyOp10
  70
1
  102
RTVSPropertyOp11
  70
1
  102
RTVSPropertyOp12
  70
1
  102
RTVSPropertyOp13
  70
1
  102
RTVSPropertyOp14
  70
1
  102
RTVSPropertyOp15
  70
1
  102
RTVSPropertyOp16
  70
1
  102
RTVSPropertyOp17
  70
1
  102
RTVSPropertyOp18
  70
1
  102
RTVSPropertyOp19
  70
1
  102
RTVSPropertyOp20
  70
1
  102
RTVSPropertyOp21
  70
1
  102
RTVSPropertyOp22
  70
1
  102
RTVSPropertyOp23
  70
1
  102
RTVSPropertyOp24
  70
1
  102
RTVSPropertyOp25
  70
1
  102
RTVSPropertyOp26
  70
1
  102
RTVSPropertyOp27
  70
1
  102
RTVSPropertyOp28
  70
1
  102
RTVSPropertyOp29
  70
1
  102
RTVSPropertyOp30
  70
1
  102
RTVSPropertyOp31
  70
1
  102
RTVSPropertyOp32
  70
1
  102
RTVSPropertyOp33
  70
1
  102
RTVSPropertyOp34
  70
1
  102
RTVSPropertyOp35
  70
1
  102
RTVSPropertyOp36
  70
1
  102
RTVSPropertyOp37
  70
1
  102
RTVSPropertyOp38
  70
1
  102
RTVSPropertyOp39
  70
1
  102
RTVSPropertyOp40
  70
1
  102
RTVSPropertyOp41
  70
1
  102
RTVSPropertyOp42
  70
1
  102
RTVSPropertyOp43
  70
1
  102
RTVSPropertyOp44
  70
1
  102
RTVSPropertyOp45
  70
1
  102
RTVSPropertyOp46
  70
1
  102
RTVSPropertyOp47
  70
1
  102
RTVSPropertyOp48
  70
1
  102
RTVSPropertyOp49
  70
1
  102
RTVSPropertyOp50
  70
1
  102
RTVSPropertyOp51
  70
0
  102
RTVSPropertyOp52
  70
0
  102
RTVSPropertyOp53
  70
1
  102
RTVSPropertyOp54
  70
1
  102
RTVSPropertyOp55
  70
1
  102
RTVSPropertyOp56
  70
1
  102
RTVSPropertyOp57
  70
1
  102
RTVSPropertyOp58
  70
1
  102
RTVSPropertyOp59
  70
1
  102
RTVSPropertyOp60
  70
1
  102
RTVSPropertyOp61
  70
1
  102
RTVSPropertyOp62
  70
1
  0
XRECORD
  5
331
  102
{ACAD_REACTORS
  330
330
  102
}
  330
330
  100
AcDbXrecord
  280
1
  102
RTVSPost2010Prop28
  280
0
  102
RTVSPost2010PropOp28
  70
1
  102
RTVSPost2010Prop29
  280
1
  102
RTVSPost2010PropOp29
  70
1
  102
RTVSPost2010Prop30
  280
1
  102
RTVSPost2010PropOp30
  70
1
  102
RTVSPost2010Prop31
  280
0
  102
RTVSPost2010PropOp31
  70
1
  102
RTVSPost2010Prop32
  280
0
  102
RTVSPost2010PropOp32
  70
1
  102
RTVSPost2010Prop33
  280
0
  102
RTVSPost2010PropOp33
  70
1
  102
RTVSPost2010Prop34
  280
0
  102
RTVSPost2010PropOp34
  70
1
  102
RTVSPost2010Prop35
  280
0
  102
RTVSPost2010PropOp35
  70
1
  102
RTVSPost2010Prop36
  280
0
  102
RTVSPost2010PropOp36
  70
1
  102
RTVSPost2010Prop37
  90
50
  102
RTVSPost2010PropOp37
  70
1
  102
RTVSPost2010Prop38
  140
0
  102
RTVSPost2010PropOp38
  70
1
  102
RTVSPost2010Prop39
  140
1
  102
RTVSPost2010PropOp39
  70
1
  102
RTVSPost2010Prop40
  90
0
  102
RTVSPost2010PropOp40
  70
1
  102
RTVSPost2010Prop41ColorIndex
  90
18
  102
RTVSPost2010Prop41ColorRGB
  90
0
  102
RTVSPost2010PropOp41
  70
1
  102
RTVSPost2010Prop42
  90
50
  102
RTVSPost2010PropOp42
  70
1
  102
RTVSPost2010Prop43
  90
3
  102
RTVSPost2010PropOp43
  70
1
  102
RTVSPost2010Prop44ColorIndex
  90
5
  102
RTVSPost2010Prop44ColorRGB
  90
255
  102
RTVSPost2010PropOp44
  70
1
  102
RTVSPost2010Prop45
  280
0
  102
RTVSPost2010PropOp45
  70
1
  102
RTVSPost2010Prop46
  90
50
  102
RTVSPost2010PropOp46
  70
1
  102
RTVSPost2010Prop47
  90
50
  102
RTVSPost2010PropOp47
  70
1
  102
RTVSPost2010Prop48
  90
50
  102
RTVSPost2010PropOp48
  70
1
  102
RTVSPost2010Prop49
  280
0
  102
RTVSPost2010PropOp49
  70
1
  102
RTVSPost2010Prop50
  90
50
  102
RTVSPost2010PropOp50
  70
1
  102
RTVSPost2010Prop51ColorIndex
  90
256
  102
RTVSPost2010Prop51ColorRGB
  90
-16777216
  102
RTVSPost2010PropOp51
  70
0
  102
RTVSPost2010Prop52
  140
1
  102
RTVSPost2010PropOp52
  70
0
  102
RTVSPost2010Prop53
  90
2
  102
RTVSPost2010PropOp53
  70
1
  102
RTVSPost2010Prop54
  1
strokes_ogs.tif
  102
RTVSPost2010PropOp54
  70
1
  102
RTVSPost2010Prop55
  280
0
  102
RTVSPost2010PropOp55
  70
1
  102
RTVSPost2010Prop56
  140
1
  102
RTVSPost2010PropOp56
  70
1
  102
RTVSPost2010Prop57
  140
1
  102
RTVSPost2010PropOp57
  70
1
  102
RTVSPropertyOp0
  70
1
  102
RTVSPropertyOp1
  70
1
  102
RTVSPropertyOp2
  70
1
  102
RTVSPropertyOp3
  70
1
  102
RTVSPropertyOp4
  70
1
  102
RTVSPropertyOp5
  70
1
  102
RTVSPropertyOp6
  70
1
  102
RTVSPropertyOp7
  70
1
  102
RTVSPropertyOp8
  70
1
  102
RTVSPropertyOp9
  70
1
  102
RTVSPropertyOp10
  70
1
  102
RTVSPropertyOp11
  70
1
  102
RTVSPropertyOp12
  70
1
  102
RTVSPropertyOp13
  70
1
  102
RTVSPropertyOp14
  70
1
  102
RTVSPropertyOp15
  70
1
  102
RTVSPropertyOp16
  70
1
  102
RTVSPropertyOp17
  70
1
  102
RTVSPropertyOp18
  70
1
  102
RTVSPropertyOp19
  70
1
  102
RTVSPropertyOp20
  70
1
  102
RTVSPropertyOp21
  70
1
  102
RTVSPropertyOp22
  70
1
  102
RTVSPropertyOp23
  70
1
  102
RTVSPropertyOp24
  70
1
  102
RTVSPropertyOp25
  70
1
  102
RTVSPropertyOp26
  70
1
  102
RTVSPropertyOp27
  70
1
  102
RTVSPropertyOp28
  70
1
  102
RTVSPropertyOp29
  70
1
  102
RTVSPropertyOp30
  70
1
  102
RTVSPropertyOp31
  70
1
  102
RTVSPropertyOp32
  70
1
  102
RTVSPropertyOp33
  70
1
  102
RTVSPropertyOp34
  70
1
  102
RTVSPropertyOp35
  70
1
  102
RTVSPropertyOp36
  70
1
  102
RTVSPropertyOp37
  70
1
  102
RTVSPropertyOp38
  70
1
  102
RTVSPropertyOp39
  70
1
  102
RTVSPropertyOp40
  70
1
  102
RTVSPropertyOp41
  70
1
  102
RTVSPropertyOp42
  70
1
  102
RTVSPropertyOp43
  70
1
  102
RTVSPropertyOp44
  70
1
  102
RTVSPropertyOp45
  70
1
  102
RTVSPropertyOp46
  70
1
  102
RTVSPropertyOp47
  70
1
  102
RTVSPropertyOp48
  70
1
  102
RTVSPropertyOp49
  70
1
  102
RTVSPropertyOp50
  70
1
  102
RTVSPropertyOp51
  70
0
  102
RTVSPropertyOp52
  70
0
  102
RTVSPropertyOp53
  70
1
  102
RTVSPropertyOp54
  70
1
  102
RTVSPropertyOp55
  70
1
  102
RTVSPropertyOp56
  70
1
  102
RTVSPropertyOp57
  70
1
  102
RTVSPropertyOp58
  70
1
  102
RTVSPropertyOp59
  70
1
  102
RTVSPropertyOp60
  70
1
  102
RTVSPropertyOp61
  70
1
  102
RTVSPropertyOp62
  70
1
  0
XRECORD
  5
333
  102
{ACAD_REACTORS
  330
332
  102
}
  330
332
  100
AcDbXrecord
  280
1
  102
RTVSPost2010Prop28
  280
0
  102
RTVSPost2010PropOp28
  70
1
  102
RTVSPost2010Prop29
  280
1
  102
RTVSPost2010PropOp29
  70
1
  102
RTVSPost2010Prop30
  280
1
  102
RTVSPost2010PropOp30
  70
1
  102
RTVSPost2010Prop31
  280
0
  102
RTVSPost2010PropOp31
  70
1
  102
RTVSPost2010Prop32
  280
0
  102
RTVSPost2010PropOp32
  70
1
  102
RTVSPost2010Prop33
  280
0
  102
RTVSPost2010PropOp33
  70
1
  102
RTVSPost2010Prop34
  280
0
  102
RTVSPost2010PropOp34
  70
1
  102
RTVSPost2010Prop35
  280
0
  102
RTVSPost2010PropOp35
  70
1
  102
RTVSPost2010Prop36
  280
0
  102
RTVSPost2010PropOp36
  70
1
  102
RTVSPost2010Prop37
  90
50
  102
RTVSPost2010PropOp37
  70
1
  102
RTVSPost2010Prop38
  140
0
  102
RTVSPost2010PropOp38
  70
1
  102
RTVSPost2010Prop39
  140
1
  102
RTVSPost2010PropOp39
  70
1
  102
RTVSPost2010Prop40
  90
0
  102
RTVSPost2010PropOp40
  70
1
  102
RTVSPost2010Prop41ColorIndex
  90
18
  102
RTVSPost2010Prop41ColorRGB
  90
0
  102
RTVSPost2010PropOp41
  70
1
  102
RTVSPost2010Prop42
  90
50
  102
RTVSPost2010PropOp42
  70
1
  102
RTVSPost2010Prop43
  90
3
  102
RTVSPost2010PropOp43
  70
1
  102
RTVSPost2010Prop44ColorIndex
  90
5
  102
RTVSPost2010Prop44ColorRGB
  90
255
  102
RTVSPost2010PropOp44
  70
1
  102
RTVSPost2010Prop45
  280
0
  102
RTVSPost2010PropOp45
  70
1
  102
RTVSPost2010Prop46
  90
50
  102
RTVSPost2010PropOp46
  70
1
  102
RTVSPost2010Prop47
  90
50
  102
RTVSPost2010PropOp47
  70
1
  102
RTVSPost2010Prop48
  90
50
  102
RTVSPost2010PropOp48
  70
1
  102
RTVSPost2010Prop49
  280
0
  102
RTVSPost2010PropOp49
  70
1
  102
RTVSPost2010Prop50
  90
50
  102
RTVSPost2010PropOp50
  70
1
  102
RTVSPost2010Prop51ColorIndex
  90
256
  102
RTVSPost2010Prop51ColorRGB
  90
-16777216
  102
RTVSPost2010PropOp51
  70
0
  102
RTVSPost2010Prop52
  140
1
  102
RTVSPost2010PropOp52
  70
0
  102
RTVSPost2010Prop53
  90
2
  102
RTVSPost2010PropOp53
  70
1
  102
RTVSPost2010Prop54
  1
strokes_ogs.tif
  102
RTVSPost2010PropOp54
  70
1
  102
RTVSPost2010Prop55
  280
0
  102
RTVSPost2010PropOp55
  70
1
  102
RTVSPost2010Prop56
  140
1
  102
RTVSPost2010PropOp56
  70
1
  102
RTVSPost2010Prop57
  140
1
  102
RTVSPost2010PropOp57
  70
1
  102
RTVSPropertyOp0
  70
1
  102
RTVSPropertyOp1
  70
1
  102
RTVSPropertyOp2
  70
1
  102
RTVSPropertyOp3
  70
1
  102
RTVSPropertyOp4
  70
1
  102
RTVSPropertyOp5
  70
1
  102
RTVSPropertyOp6
  70
1
  102
RTVSPropertyOp7
  70
1
  102
RTVSPropertyOp8
  70
1
  102
RTVSPropertyOp9
  70
1
  102
RTVSPropertyOp10
  70
1
  102
RTVSPropertyOp11
  70
1
  102
RTVSPropertyOp12
  70
1
  102
RTVSPropertyOp13
  70
1
  102
RTVSPropertyOp14
  70
1
  102
RTVSPropertyOp15
  70
1
  102
RTVSPropertyOp16
  70
1
  102
RTVSPropertyOp17
  70
1
  102
RTVSPropertyOp18
  70
1
  102
RTVSPropertyOp19
  70
1
  102
RTVSPropertyOp20
  70
1
  102
RTVSPropertyOp21
  70
1
  102
RTVSPropertyOp22
  70
1
  102
RTVSPropertyOp23
  70
1
  102
RTVSPropertyOp24
  70
1
  102
RTVSPropertyOp25
  70
1
  102
RTVSPropertyOp26
  70
1
  102
RTVSPropertyOp27
  70
1
  102
RTVSPropertyOp28
  70
1
  102
RTVSPropertyOp29
  70
1
  102
RTVSPropertyOp30
  70
1
  102
RTVSPropertyOp31
  70
1
  102
RTVSPropertyOp32
  70
1
  102
RTVSPropertyOp33
  70
1
  102
RTVSPropertyOp34
  70
1
  102
RTVSPropertyOp35
  70
1
  102
RTVSPropertyOp36
  70
1
  102
RTVSPropertyOp37
  70
1
  102
RTVSPropertyOp38
  70
1
  102
RTVSPropertyOp39
  70
1
  102
RTVSPropertyOp40
  70
1
  102
RTVSPropertyOp41
  70
1
  102
RTVSPropertyOp42
  70
1
  102
RTVSPropertyOp43
  70
1
  102
RTVSPropertyOp44
  70
1
  102
RTVSPropertyOp45
  70
1
  102
RTVSPropertyOp46
  70
1
  102
RTVSPropertyOp47
  70
1
  102
RTVSPropertyOp48
  70
1
  102
RTVSPropertyOp49
  70
1
  102
RTVSPropertyOp50
  70
1
  102
RTVSPropertyOp51
  70
0
  102
RTVSPropertyOp52
  70
0
  102
RTVSPropertyOp53
  70
1
  102
RTVSPropertyOp54
  70
1
  102
RTVSPropertyOp55
  70
1
  102
RTVSPropertyOp56
  70
1
  102
RTVSPropertyOp57
  70
1
  102
RTVSPropertyOp58
  70
1
  102
RTVSPropertyOp59
  70
1
  102
RTVSPropertyOp60
  70
1
  102
RTVSPropertyOp61
  70
1
  102
RTVSPropertyOp62
  70
1
  0
XRECORD
  5
323
  102
{ACAD_REACTORS
  330
322
  102
}
  330
322
  100
AcDbXrecord
  280
1
  102
RTVSPost2010Prop28
  280
0
  102
RTVSPost2010PropOp28
  70
1
  102
RTVSPost2010Prop29
  280
1
  102
RTVSPost2010PropOp29
  70
1
  102
RTVSPost2010Prop30
  280
1
  102
RTVSPost2010PropOp30
  70
1
  102
RTVSPost2010Prop31
  280
0
  102
RTVSPost2010PropOp31
  70
1
  102
RTVSPost2010Prop32
  280
0
  102
RTVSPost2010PropOp32
  70
1
  102
RTVSPost2010Prop33
  280
0
  102
RTVSPost2010PropOp33
  70
1
  102
RTVSPost2010Prop34
  280
0
  102
RTVSPost2010PropOp34
  70
1
  102
RTVSPost2010Prop35
  280
0
  102
RTVSPost2010PropOp35
  70
1
  102
RTVSPost2010Prop36
  280
0
  102
RTVSPost2010PropOp36
  70
1
  102
RTVSPost2010Prop37
  90
50
  102
RTVSPost2010PropOp37
  70
1
  102
RTVSPost2010Prop38
  140
0
  102
RTVSPost2010PropOp38
  70
1
  102
RTVSPost2010Prop39
  140
1
  102
RTVSPost2010PropOp39
  70
1
  102
RTVSPost2010Prop40
  90
0
  102
RTVSPost2010PropOp40
  70
1
  102
RTVSPost2010Prop41ColorIndex
  90
18
  102
RTVSPost2010Prop41ColorRGB
  90
0
  102
RTVSPost2010PropOp41
  70
1
  102
RTVSPost2010Prop42
  90
50
  102
RTVSPost2010PropOp42
  70
1
  102
RTVSPost2010Prop43
  90
3
  102
RTVSPost2010PropOp43
  70
1
  102
RTVSPost2010Prop44ColorIndex
  90
5
  102
RTVSPost2010Prop44ColorRGB
  90
255
  102
RTVSPost2010PropOp44
  70
1
  102
RTVSPost2010Prop45
  280
0
  102
RTVSPost2010PropOp45
  70
1
  102
RTVSPost2010Prop46
  90
50
  102
RTVSPost2010PropOp46
  70
1
  102
RTVSPost2010Prop47
  90
50
  102
RTVSPost2010PropOp47
  70
1
  102
RTVSPost2010Prop48
  90
50
  102
RTVSPost2010PropOp48
  70
1
  102
RTVSPost2010Prop49
  280
0
  102
RTVSPost2010PropOp49
  70
1
  102
RTVSPost2010Prop50
  90
50
  102
RTVSPost2010PropOp50
  70
1
  102
RTVSPost2010Prop51ColorIndex
  90
256
  102
RTVSPost2010Prop51ColorRGB
  90
-16777216
  102
RTVSPost2010PropOp51
  70
0
  102
RTVSPost2010Prop52
  140
1
  102
RTVSPost2010PropOp52
  70
0
  102
RTVSPost2010Prop53
  90
2
  102
RTVSPost2010PropOp53
  70
1
  102
RTVSPost2010Prop54
  1
strokes_ogs.tif
  102
RTVSPost2010PropOp54
  70
1
  102
RTVSPost2010Prop55
  280
0
  102
RTVSPost2010PropOp55
  70
1
  102
RTVSPost2010Prop56
  140
1
  102
RTVSPost2010PropOp56
  70
1
  102
RTVSPost2010Prop57
  140
1
  102
RTVSPost2010PropOp57
  70
1
  102
RTVSPropertyOp0
  70
1
  102
RTVSPropertyOp1
  70
1
  102
RTVSPropertyOp2
  70
1
  102
RTVSPropertyOp3
  70
1
  102
RTVSPropertyOp4
  70
1
  102
RTVSPropertyOp5
  70
1
  102
RTVSPropertyOp6
  70
1
  102
RTVSPropertyOp7
  70
1
  102
RTVSPropertyOp8
  70
1
  102
RTVSPropertyOp9
  70
1
  102
RTVSPropertyOp10
  70
1
  102
RTVSPropertyOp11
  70
1
  102
RTVSPropertyOp12
  70
1
  102
RTVSPropertyOp13
  70
1
  102
RTVSPropertyOp14
  70
1
  102
RTVSPropertyOp15
  70
1
  102
RTVSPropertyOp16
  70
1
  102
RTVSPropertyOp17
  70
1
  102
RTVSPropertyOp18
  70
1
  102
RTVSPropertyOp19
  70
1
  102
RTVSPropertyOp20
  70
1
  102
RTVSPropertyOp21
  70
1
  102
RTVSPropertyOp22
  70
1
  102
RTVSPropertyOp23
  70
1
  102
RTVSPropertyOp24
  70
1
  102
RTVSPropertyOp25
  70
1
  102
RTVSPropertyOp26
  70
1
  102
RTVSPropertyOp27
  70
1
  102
RTVSPropertyOp28
  70
1
  102
RTVSPropertyOp29
  70
1
  102
RTVSPropertyOp30
  70
1
  102
RTVSPropertyOp31
  70
1
  102
RTVSPropertyOp32
  70
1
  102
RTVSPropertyOp33
  70
1
  102
RTVSPropertyOp34
  70
1
  102
RTVSPropertyOp35
  70
1
  102
RTVSPropertyOp36
  70
1
  102
RTVSPropertyOp37
  70
1
  102
RTVSPropertyOp38
  70
1
  102
RTVSPropertyOp39
  70
1
  102
RTVSPropertyOp40
  70
1
  102
RTVSPropertyOp41
  70
1
  102
RTVSPropertyOp42
  70
1
  102
RTVSPropertyOp43
  70
1
  102
RTVSPropertyOp44
  70
1
  102
RTVSPropertyOp45
  70
1
  102
RTVSPropertyOp46
  70
1
  102
RTVSPropertyOp47
  70
1
  102
RTVSPropertyOp48
  70
1
  102
RTVSPropertyOp49
  70
1
  102
RTVSPropertyOp50
  70
1
  102
RTVSPropertyOp51
  70
0
  102
RTVSPropertyOp52
  70
0
  102
RTVSPropertyOp53
  70
1
  102
RTVSPropertyOp54
  70
1
  102
RTVSPropertyOp55
  70
1
  102
RTVSPropertyOp56
  70
1
  102
RTVSPropertyOp57
  70
1
  102
RTVSPropertyOp58
  70
1
  102
RTVSPropertyOp59
  70
1
  102
RTVSPropertyOp60
  70
1
  102
RTVSPropertyOp61
  70
1
  102
RTVSPropertyOp62
  70
1
  0
XRECORD
  5
317
  102
{ACAD_REACTORS
  330
316
  102
}
  330
316
  100
AcDbXrecord
  280
1
  102
RTVSPost2010Prop28
  280
0
  102
RTVSPost2010PropOp28
  70
1
  102
RTVSPost2010Prop29
  280
1
  102
RTVSPost2010PropOp29
  70
1
  102
RTVSPost2010Prop30
  280
1
  102
RTVSPost2010PropOp30
  70
1
  102
RTVSPost2010Prop31
  280
0
  102
RTVSPost2010PropOp31
  70
1
  102
RTVSPost2010Prop32
  280
0
  102
RTVSPost2010PropOp32
  70
1
  102
RTVSPost2010Prop33
  280
0
  102
RTVSPost2010PropOp33
  70
1
  102
RTVSPost2010Prop34
  280
0
  102
RTVSPost2010PropOp34
  70
1
  102
RTVSPost2010Prop35
  280
0
  102
RTVSPost2010PropOp35
  70
1
  102
RTVSPost2010Prop36
  280
0
  102
RTVSPost2010PropOp36
  70
1
  102
RTVSPost2010Prop37
  90
50
  102
RTVSPost2010PropOp37
  70
1
  102
RTVSPost2010Prop38
  140
0
  102
RTVSPost2010PropOp38
  70
1
  102
RTVSPost2010Prop39
  140
1
  102
RTVSPost2010PropOp39
  70
1
  102
RTVSPost2010Prop40
  90
0
  102
RTVSPost2010PropOp40
  70
1
  102
RTVSPost2010Prop41ColorIndex
  90
18
  102
RTVSPost2010Prop41ColorRGB
  90
0
  102
RTVSPost2010PropOp41
  70
1
  102
RTVSPost2010Prop42
  90
50
  102
RTVSPost2010PropOp42
  70
1
  102
RTVSPost2010Prop43
  90
3
  102
RTVSPost2010PropOp43
  70
1
  102
RTVSPost2010Prop44ColorIndex
  90
5
  102
RTVSPost2010Prop44ColorRGB
  90
255
  102
RTVSPost2010PropOp44
  70
1
  102
RTVSPost2010Prop45
  280
0
  102
RTVSPost2010PropOp45
  70
1
  102
RTVSPost2010Prop46
  90
50
  102
RTVSPost2010PropOp46
  70
1
  102
RTVSPost2010Prop47
  90
50
  102
RTVSPost2010PropOp47
  70
1
  102
RTVSPost2010Prop48
  90
50
  102
RTVSPost2010PropOp48
  70
1
  102
RTVSPost2010Prop49
  280
0
  102
RTVSPost2010PropOp49
  70
1
  102
RTVSPost2010Prop50
  90
50
  102
RTVSPost2010PropOp50
  70
1
  102
RTVSPost2010Prop51ColorIndex
  90
256
  102
RTVSPost2010Prop51ColorRGB
  90
-16777216
  102
RTVSPost2010PropOp51
  70
0
  102
RTVSPost2010Prop52
  140
1
  102
RTVSPost2010PropOp52
  70
0
  102
RTVSPost2010Prop53
  90
2
  102
RTVSPost2010PropOp53
  70
1
  102
RTVSPost2010Prop54
  1
strokes_ogs.tif
  102
RTVSPost2010PropOp54
  70
1
  102
RTVSPost2010Prop55
  280
0
  102
RTVSPost2010PropOp55
  70
1
  102
RTVSPost2010Prop56
  140
1
  102
RTVSPost2010PropOp56
  70
1
  102
RTVSPost2010Prop57
  140
1
  102
RTVSPost2010PropOp57
  70
1
  102
RTVSPropertyOp0
  70
1
  102
RTVSPropertyOp1
  70
1
  102
RTVSPropertyOp2
  70
1
  102
RTVSPropertyOp3
  70
1
  102
RTVSPropertyOp4
  70
1
  102
RTVSPropertyOp5
  70
1
  102
RTVSPropertyOp6
  70
1
  102
RTVSPropertyOp7
  70
1
  102
RTVSPropertyOp8
  70
1
  102
RTVSPropertyOp9
  70
1
  102
RTVSPropertyOp10
  70
1
  102
RTVSPropertyOp11
  70
1
  102
RTVSPropertyOp12
  70
1
  102
RTVSPropertyOp13
  70
1
  102
RTVSPropertyOp14
  70
1
  102
RTVSPropertyOp15
  70
1
  102
RTVSPropertyOp16
  70
1
  102
RTVSPropertyOp17
  70
1
  102
RTVSPropertyOp18
  70
1
  102
RTVSPropertyOp19
  70
1
  102
RTVSPropertyOp20
  70
1
  102
RTVSPropertyOp21
  70
1
  102
RTVSPropertyOp22
  70
1
  102
RTVSPropertyOp23
  70
1
  102
RTVSPropertyOp24
  70
1
  102
RTVSPropertyOp25
  70
1
  102
RTVSPropertyOp26
  70
1
  102
RTVSPropertyOp27
  70
1
  102
RTVSPropertyOp28
  70
1
  102
RTVSPropertyOp29
  70
1
  102
RTVSPropertyOp30
  70
1
  102
RTVSPropertyOp31
  70
1
  102
RTVSPropertyOp32
  70
1
  102
RTVSPropertyOp33
  70
1
  102
RTVSPropertyOp34
  70
1
  102
RTVSPropertyOp35
  70
1
  102
RTVSPropertyOp36
  70
1
  102
RTVSPropertyOp37
  70
1
  102
RTVSPropertyOp38
  70
1
  102
RTVSPropertyOp39
  70
1
  102
RTVSPropertyOp40
  70
1
  102
RTVSPropertyOp41
  70
1
  102
RTVSPropertyOp42
  70
1
  102
RTVSPropertyOp43
  70
1
  102
RTVSPropertyOp44
  70
1
  102
RTVSPropertyOp45
  70
1
  102
RTVSPropertyOp46
  70
1
  102
RTVSPropertyOp47
  70
1
  102
RTVSPropertyOp48
  70
1
  102
RTVSPropertyOp49
  70
1
  102
RTVSPropertyOp50
  70
1
  102
RTVSPropertyOp51
  70
0
  102
RTVSPropertyOp52
  70
0
  102
RTVSPropertyOp53
  70
1
  102
RTVSPropertyOp54
  70
1
  102
RTVSPropertyOp55
  70
1
  102
RTVSPropertyOp56
  70
1
  102
RTVSPropertyOp57
  70
1
  102
RTVSPropertyOp58
  70
1
  102
RTVSPropertyOp59
  70
1
  102
RTVSPropertyOp60
  70
1
  102
RTVSPropertyOp61
  70
1
  102
RTVSPropertyOp62
  70
1
  0
XRECORD
  5
335
  102
{ACAD_REACTORS
  330
334
  102
}
  330
334
  100
AcDbXrecord
  280
1
  102
RTVSPost2010Prop28
  280
0
  102
RTVSPost2010PropOp28
  70
1
  102
RTVSPost2010Prop29
  280
1
  102
RTVSPost2010PropOp29
  70
1
  102
RTVSPost2010Prop30
  280
1
  102
RTVSPost2010PropOp30
  70
1
  102
RTVSPost2010Prop31
  280
0
  102
RTVSPost2010PropOp31
  70
1
  102
RTVSPost2010Prop32
  280
0
  102
RTVSPost2010PropOp32
  70
1
  102
RTVSPost2010Prop33
  280
0
  102
RTVSPost2010PropOp33
  70
1
  102
RTVSPost2010Prop34
  280
0
  102
RTVSPost2010PropOp34
  70
1
  102
RTVSPost2010Prop35
  280
0
  102
RTVSPost2010PropOp35
  70
1
  102
RTVSPost2010Prop36
  280
0
  102
RTVSPost2010PropOp36
  70
1
  102
RTVSPost2010Prop37
  90
50
  102
RTVSPost2010PropOp37
  70
1
  102
RTVSPost2010Prop38
  140
0
  102
RTVSPost2010PropOp38
  70
1
  102
RTVSPost2010Prop39
  140
1
  102
RTVSPost2010PropOp39
  70
1
  102
RTVSPost2010Prop40
  90
0
  102
RTVSPost2010PropOp40
  70
1
  102
RTVSPost2010Prop41ColorIndex
  90
18
  102
RTVSPost2010Prop41ColorRGB
  90
0
  102
RTVSPost2010PropOp41
  70
1
  102
RTVSPost2010Prop42
  90
50
  102
RTVSPost2010PropOp42
  70
1
  102
RTVSPost2010Prop43
  90
3
  102
RTVSPost2010PropOp43
  70
1
  102
RTVSPost2010Prop44ColorIndex
  90
5
  102
RTVSPost2010Prop44ColorRGB
  90
255
  102
RTVSPost2010PropOp44
  70
1
  102
RTVSPost2010Prop45
  280
0
  102
RTVSPost2010PropOp45
  70
1
  102
RTVSPost2010Prop46
  90
50
  102
RTVSPost2010PropOp46
  70
1
  102
RTVSPost2010Prop47
  90
50
  102
RTVSPost2010PropOp47
  70
1
  102
RTVSPost2010Prop48
  90
50
  102
RTVSPost2010PropOp48
  70
1
  102
RTVSPost2010Prop49
  280
0
  102
RTVSPost2010PropOp49
  70
1
  102
RTVSPost2010Prop50
  90
50
  102
RTVSPost2010PropOp50
  70
1
  102
RTVSPost2010Prop51ColorIndex
  90
256
  102
RTVSPost2010Prop51ColorRGB
  90
-16777216
  102
RTVSPost2010PropOp51
  70
0
  102
RTVSPost2010Prop52
  140
1
  102
RTVSPost2010PropOp52
  70
0
  102
RTVSPost2010Prop53
  90
2
  102
RTVSPost2010PropOp53
  70
1
  102
RTVSPost2010Prop54
  1
strokes_ogs.tif
  102
RTVSPost2010PropOp54
  70
1
  102
RTVSPost2010Prop55
  280
0
  102
RTVSPost2010PropOp55
  70
1
  102
RTVSPost2010Prop56
  140
1
  102
RTVSPost2010PropOp56
  70
1
  102
RTVSPost2010Prop57
  140
1
  102
RTVSPost2010PropOp57
  70
1
  102
RTVSPropertyOp0
  70
1
  102
RTVSPropertyOp1
  70
1
  102
RTVSPropertyOp2
  70
1
  102
RTVSPropertyOp3
  70
1
  102
RTVSPropertyOp4
  70
1
  102
RTVSPropertyOp5
  70
1
  102
RTVSPropertyOp6
  70
1
  102
RTVSPropertyOp7
  70
1
  102
RTVSPropertyOp8
  70
1
  102
RTVSPropertyOp9
  70
1
  102
RTVSPropertyOp10
  70
1
  102
RTVSPropertyOp11
  70
1
  102
RTVSPropertyOp12
  70
1
  102
RTVSPropertyOp13
  70
1
  102
RTVSPropertyOp14
  70
1
  102
RTVSPropertyOp15
  70
1
  102
RTVSPropertyOp16
  70
1
  102
RTVSPropertyOp17
  70
1
  102
RTVSPropertyOp18
  70
1
  102
RTVSPropertyOp19
  70
1
  102
RTVSPropertyOp20
  70
1
  102
RTVSPropertyOp21
  70
1
  102
RTVSPropertyOp22
  70
1
  102
RTVSPropertyOp23
  70
1
  102
RTVSPropertyOp24
  70
1
  102
RTVSPropertyOp25
  70
1
  102
RTVSPropertyOp26
  70
1
  102
RTVSPropertyOp27
  70
1
  102
RTVSPropertyOp28
  70
1
  102
RTVSPropertyOp29
  70
1
  102
RTVSPropertyOp30
  70
1
  102
RTVSPropertyOp31
  70
1
  102
RTVSPropertyOp32
  70
1
  102
RTVSPropertyOp33
  70
1
  102
RTVSPropertyOp34
  70
1
  102
RTVSPropertyOp35
  70
1
  102
RTVSPropertyOp36
  70
1
  102
RTVSPropertyOp37
  70
1
  102
RTVSPropertyOp38
  70
1
  102
RTVSPropertyOp39
  70
1
  102
RTVSPropertyOp40
  70
1
  102
RTVSPropertyOp41
  70
1
  102
RTVSPropertyOp42
  70
1
  102
RTVSPropertyOp43
  70
1
  102
RTVSPropertyOp44
  70
1
  102
RTVSPropertyOp45
  70
1
  102
RTVSPropertyOp46
  70
1
  102
RTVSPropertyOp47
  70
1
  102
RTVSPropertyOp48
  70
1
  102
RTVSPropertyOp49
  70
1
  102
RTVSPropertyOp50
  70
1
  102
RTVSPropertyOp51
  70
0
  102
RTVSPropertyOp52
  70
0
  102
RTVSPropertyOp53
  70
1
  102
RTVSPropertyOp54
  70
1
  102
RTVSPropertyOp55
  70
1
  102
RTVSPropertyOp56
  70
1
  102
RTVSPropertyOp57
  70
1
  102
RTVSPropertyOp58
  70
1
  102
RTVSPropertyOp59
  70
1
  102
RTVSPropertyOp60
  70
1
  102
RTVSPropertyOp61
  70
1
  102
RTVSPropertyOp62
  70
1
  0
ENDSEC
  0
EOF